<?xml version="1.0" encoding="UTF-8"?>
<gpx creator="StravaGPX" version="1.1" xmlns="http://www.topografix.com/GPX/1/1" xmlns:xsi="http://www.w3.org/2001/XMLSchema-instance" xsi:schemaLocation="http://www.topografix.com/GPX/1/1 http://www.topografix.com/GPX/1/1/gpx.xsd http://www.garmin.com/xmlschemas/GpxExtensions/v3 http://www.garmin.com/xmlschemas/GpxExtensionsv3.xsd http://www.garmin.com/xmlschemas/TrackPointExtension/v1 http://www.garmin.com/xmlschemas/TrackPointExtensionv1.xsd" xmlns:gpxtpx="http://www.garmin.com/xmlschemas/TrackPointExtension/v1" xmlns:gpxx="http://www.garmin.com/xmlschemas/GpxExtensions/v3">
 <metadata>
  <time>2026-04-19T16:49:08Z</time>
 </metadata>
 <trk>
  <name>Morning Run</name>
  <type>running</type>
  <trkseg>
   <trkpt lat="49.2884200" lon="-123.1274290">
    <ele>27.2</ele>
    <time>2026-04-19T16:49:08Z</time>
    <extensions>
     <gpxtpx:TrackPointExtension>
      <gpxtpx:hr>162</gpxtpx:hr>
     </gpxtpx:TrackPointExtension>
    </extensions>
   </trkpt>
   <trkpt lat="49.2884200" lon="-123.1274290">
    <ele>27.2</ele>
    <time>2026-04-19T16:49:09Z</time>
    <extensions>
     <power>126</power>
     <gpxtpx:TrackPointExtension>
      <gpxtpx:hr>162</gpxtpx:hr>
     </gpxtpx:TrackPointExtension>
    </extensions>
   </trkpt>
   <trkpt lat="49.2884380" lon="-123.1274570">
    <ele>26.6</ele>
    <time>2026-04-19T16:49:10Z</time>
    <extensions>
     <power>126</power>
     <gpxtpx:TrackPointExtension>
      <gpxtpx:hr>162</gpxtpx:hr>
     </gpxtpx:TrackPointExtension>
    </extensions>
   </trkpt>
   <trkpt lat="49.2884560" lon="-123.1274850">
    <ele>25.8</ele>
    <time>2026-04-19T16:49:11Z</time>
    <extensions>
     <power>126</power>
     <gpxtpx:TrackPointExtension>
      <gpxtpx:hr>162</gpxtpx:hr>
     </gpxtpx:TrackPointExtension>
    </extensions>
   </trkpt>
   <trkpt lat="49.2884740" lon="-123.1275130">
    <ele>25.2</ele>
    <time>2026-04-19T16:49:12Z</time>
    <extensions>
     <power>111</power>
     <gpxtpx:TrackPointExtension>
      <gpxtpx:hr>162</gpxtpx:hr>
     </gpxtpx:TrackPointExtension>
    </extensions>
   </trkpt>
   <trkpt lat="49.2885000" lon="-123.1275540">
    <ele>24.6</ele>
    <time>2026-04-19T16:49:13Z</time>
    <extensions>
     <power>111</power>
     <gpxtpx:TrackPointExtension>
      <gpxtpx:hr>162</gpxtpx:hr>
     </gpxtpx:TrackPointExtension>
    </extensions>
   </trkpt>
   <trkpt lat="49.2885090" lon="-123.1275680">
    <ele>24.2</ele>
    <time>2026-04-19T16:49:14Z</time>
    <extensions>
     <power>108</power>
     <gpxtpx:TrackPointExtension>
      <gpxtpx:hr>162</gpxtpx:hr>
     </gpxtpx:TrackPointExtension>
    </extensions>
   </trkpt>
   <trkpt lat="49.2885380" lon="-123.1276130">
    <ele>23.8</ele>
    <time>2026-04-19T16:49:15Z</time>
    <extensions>
     <power>108</power>
     <gpxtpx:TrackPointExtension>
      <gpxtpx:hr>162</gpxtpx:hr>
     </gpxtpx:TrackPointExtension>
    </extensions>
   </trkpt>
   <trkpt lat="49.2885490" lon="-123.1276300">
    <ele>23.6</ele>
    <time>2026-04-19T16:49:16Z</time>
    <extensions>
     <power>108</power>
     <gpxtpx:TrackPointExtension>
      <gpxtpx:hr>162</gpxtpx:hr>
     </gpxtpx:TrackPointExtension>
    </extensions>
   </trkpt>
   <trkpt lat="49.2885610" lon="-123.1276480">
    <ele>23.4</ele>
    <time>2026-04-19T16:49:17Z</time>
    <extensions>
     <power>111</power>
     <gpxtpx:TrackPointExtension>
      <gpxtpx:hr>162</gpxtpx:hr>
     </gpxtpx:TrackPointExtension>
    </extensions>
   </trkpt>
   <trkpt lat="49.2885870" lon="-123.1276880">
    <ele>23.2</ele>
    <time>2026-04-19T16:49:18Z</time>
    <extensions>
     <power>111</power>
     <gpxtpx:TrackPointExtension>
      <gpxtpx:hr>162</gpxtpx:hr>
     </gpxtpx:TrackPointExtension>
    </extensions>
   </trkpt>
   <trkpt lat="49.2885950" lon="-123.1277010">
    <ele>23.0</ele>
    <time>2026-04-19T16:49:19Z</time>
    <extensions>
     <power>113</power>
     <gpxtpx:TrackPointExtension>
      <gpxtpx:hr>162</gpxtpx:hr>
     </gpxtpx:TrackPointExtension>
    </extensions>
   </trkpt>
   <trkpt lat="49.2886230" lon="-123.1277440">
    <ele>22.8</ele>
    <time>2026-04-19T16:49:20Z</time>
    <extensions>
     <power>113</power>
     <gpxtpx:TrackPointExtension>
      <gpxtpx:hr>162</gpxtpx:hr>
     </gpxtpx:TrackPointExtension>
    </extensions>
   </trkpt>
   <trkpt lat="49.2886350" lon="-123.1277620">
    <ele>22.8</ele>
    <time>2026-04-19T16:49:21Z</time>
    <extensions>
     <power>113</power>
     <gpxtpx:TrackPointExtension>
      <gpxtpx:hr>162</gpxtpx:hr>
     </gpxtpx:TrackPointExtension>
    </extensions>
   </trkpt>
   <trkpt lat="49.2886460" lon="-123.1277790">
    <ele>22.6</ele>
    <time>2026-04-19T16:49:22Z</time>
    <extensions>
     <power>117</power>
     <gpxtpx:TrackPointExtension>
      <gpxtpx:hr>162</gpxtpx:hr>
     </gpxtpx:TrackPointExtension>
    </extensions>
   </trkpt>
   <trkpt lat="49.2886720" lon="-123.1278180">
    <ele>22.4</ele>
    <time>2026-04-19T16:49:23Z</time>
    <extensions>
     <power>117</power>
     <gpxtpx:TrackPointExtension>
      <gpxtpx:hr>162</gpxtpx:hr>
     </gpxtpx:TrackPointExtension>
    </extensions>
   </trkpt>
   <trkpt lat="49.2886800" lon="-123.1278310">
    <ele>22.4</ele>
    <time>2026-04-19T16:49:24Z</time>
    <extensions>
     <power>121</power>
     <gpxtpx:TrackPointExtension>
      <gpxtpx:hr>162</gpxtpx:hr>
     </gpxtpx:TrackPointExtension>
    </extensions>
   </trkpt>
   <trkpt lat="49.2887080" lon="-123.1278760">
    <ele>22.2</ele>
    <time>2026-04-19T16:49:25Z</time>
    <extensions>
     <power>121</power>
     <gpxtpx:TrackPointExtension>
      <gpxtpx:hr>162</gpxtpx:hr>
     </gpxtpx:TrackPointExtension>
    </extensions>
   </trkpt>
   <trkpt lat="49.2887190" lon="-123.1278930">
    <ele>22.2</ele>
    <time>2026-04-19T16:49:26Z</time>
    <extensions>
     <power>121</power>
     <gpxtpx:TrackPointExtension>
      <gpxtpx:hr>162</gpxtpx:hr>
     </gpxtpx:TrackPointExtension>
    </extensions>
   </trkpt>
   <trkpt lat="49.2887310" lon="-123.1279110">
    <ele>22.0</ele>
    <time>2026-04-19T16:49:27Z</time>
    <extensions>
     <power>124</power>
     <gpxtpx:TrackPointExtension>
      <gpxtpx:hr>162</gpxtpx:hr>
     </gpxtpx:TrackPointExtension>
    </extensions>
   </trkpt>
   <trkpt lat="49.2887570" lon="-123.1279510">
    <ele>22.0</ele>
    <time>2026-04-19T16:49:28Z</time>
    <extensions>
     <power>124</power>
     <gpxtpx:TrackPointExtension>
      <gpxtpx:hr>162</gpxtpx:hr>
     </gpxtpx:TrackPointExtension>
    </extensions>
   </trkpt>
   <trkpt lat="49.2887660" lon="-123.1279650">
    <ele>21.8</ele>
    <time>2026-04-19T16:49:29Z</time>
    <extensions>
     <power>128</power>
     <gpxtpx:TrackPointExtension>
      <gpxtpx:hr>162</gpxtpx:hr>
     </gpxtpx:TrackPointExtension>
    </extensions>
   </trkpt>
   <trkpt lat="49.2887950" lon="-123.1280120">
    <ele>21.8</ele>
    <time>2026-04-19T16:49:30Z</time>
    <extensions>
     <power>128</power>
     <gpxtpx:TrackPointExtension>
      <gpxtpx:hr>162</gpxtpx:hr>
     </gpxtpx:TrackPointExtension>
    </extensions>
   </trkpt>
   <trkpt lat="49.2888070" lon="-123.1280300">
    <ele>21.6</ele>
    <time>2026-04-19T16:49:31Z</time>
    <extensions>
     <power>128</power>
     <gpxtpx:TrackPointExtension>
      <gpxtpx:hr>162</gpxtpx:hr>
     </gpxtpx:TrackPointExtension>
    </extensions>
   </trkpt>
   <trkpt lat="49.2888190" lon="-123.1280490">
    <ele>21.6</ele>
    <time>2026-04-19T16:49:32Z</time>
    <extensions>
     <power>128</power>
     <gpxtpx:TrackPointExtension>
      <gpxtpx:hr>162</gpxtpx:hr>
     </gpxtpx:TrackPointExtension>
    </extensions>
   </trkpt>
   <trkpt lat="49.2888490" lon="-123.1280970">
    <ele>21.4</ele>
    <time>2026-04-19T16:49:33Z</time>
    <extensions>
     <power>128</power>
     <gpxtpx:TrackPointExtension>
      <gpxtpx:hr>162</gpxtpx:hr>
     </gpxtpx:TrackPointExtension>
    </extensions>
   </trkpt>
   <trkpt lat="49.2888610" lon="-123.1281160">
    <ele>21.4</ele>
    <time>2026-04-19T16:49:34Z</time>
    <extensions>
     <power>128</power>
     <gpxtpx:TrackPointExtension>
      <gpxtpx:hr>162</gpxtpx:hr>
     </gpxtpx:TrackPointExtension>
    </extensions>
   </trkpt>
   <trkpt lat="49.2888730" lon="-123.1281350">
    <ele>21.2</ele>
    <time>2026-04-19T16:49:35Z</time>
    <extensions>
     <power>124</power>
     <gpxtpx:TrackPointExtension>
      <gpxtpx:hr>162</gpxtpx:hr>
     </gpxtpx:TrackPointExtension>
    </extensions>
   </trkpt>
   <trkpt lat="49.2889000" lon="-123.1281770">
    <ele>21.2</ele>
    <time>2026-04-19T16:49:36Z</time>
    <extensions>
     <power>124</power>
     <gpxtpx:TrackPointExtension>
      <gpxtpx:hr>162</gpxtpx:hr>
     </gpxtpx:TrackPointExtension>
    </extensions>
   </trkpt>
   <trkpt lat="49.2889090" lon="-123.1281920">
    <ele>21.2</ele>
    <time>2026-04-19T16:49:37Z</time>
    <extensions>
     <power>107</power>
     <gpxtpx:TrackPointExtension>
      <gpxtpx:hr>162</gpxtpx:hr>
     </gpxtpx:TrackPointExtension>
    </extensions>
   </trkpt>
   <trkpt lat="49.2889390" lon="-123.1282390">
    <ele>21.0</ele>
    <time>2026-04-19T16:49:38Z</time>
    <extensions>
     <power>107</power>
     <gpxtpx:TrackPointExtension>
      <gpxtpx:hr>160</gpxtpx:hr>
     </gpxtpx:TrackPointExtension>
    </extensions>
   </trkpt>
   <trkpt lat="49.2889520" lon="-123.1282590">
    <ele>21.0</ele>
    <time>2026-04-19T16:49:39Z</time>
    <extensions>
     <power>107</power>
     <gpxtpx:TrackPointExtension>
      <gpxtpx:hr>160</gpxtpx:hr>
     </gpxtpx:TrackPointExtension>
    </extensions>
   </trkpt>
   <trkpt lat="49.2889640" lon="-123.1282780">
    <ele>20.8</ele>
    <time>2026-04-19T16:49:40Z</time>
    <extensions>
     <power>111</power>
     <gpxtpx:TrackPointExtension>
      <gpxtpx:hr>160</gpxtpx:hr>
     </gpxtpx:TrackPointExtension>
    </extensions>
   </trkpt>
   <trkpt lat="49.2889910" lon="-123.1283210">
    <ele>20.6</ele>
    <time>2026-04-19T16:49:41Z</time>
    <extensions>
     <power>111</power>
     <gpxtpx:TrackPointExtension>
      <gpxtpx:hr>160</gpxtpx:hr>
     </gpxtpx:TrackPointExtension>
    </extensions>
   </trkpt>
   <trkpt lat="49.2890000" lon="-123.1283360">
    <ele>20.6</ele>
    <time>2026-04-19T16:49:42Z</time>
    <extensions>
     <power>120</power>
     <gpxtpx:TrackPointExtension>
      <gpxtpx:hr>160</gpxtpx:hr>
     </gpxtpx:TrackPointExtension>
    </extensions>
   </trkpt>
   <trkpt lat="49.2890300" lon="-123.1283850">
    <ele>20.4</ele>
    <time>2026-04-19T16:49:43Z</time>
    <extensions>
     <power>120</power>
     <gpxtpx:TrackPointExtension>
      <gpxtpx:hr>160</gpxtpx:hr>
     </gpxtpx:TrackPointExtension>
    </extensions>
   </trkpt>
   <trkpt lat="49.2890420" lon="-123.1284050">
    <ele>20.2</ele>
    <time>2026-04-19T16:49:44Z</time>
    <extensions>
     <power>120</power>
     <gpxtpx:TrackPointExtension>
      <gpxtpx:hr>160</gpxtpx:hr>
     </gpxtpx:TrackPointExtension>
    </extensions>
   </trkpt>
   <trkpt lat="49.2890540" lon="-123.1284250">
    <ele>20.2</ele>
    <time>2026-04-19T16:49:45Z</time>
    <extensions>
     <power>121</power>
     <gpxtpx:TrackPointExtension>
      <gpxtpx:hr>160</gpxtpx:hr>
     </gpxtpx:TrackPointExtension>
    </extensions>
   </trkpt>
   <trkpt lat="49.2890820" lon="-123.1284700">
    <ele>20.0</ele>
    <time>2026-04-19T16:49:46Z</time>
    <extensions>
     <power>121</power>
     <gpxtpx:TrackPointExtension>
      <gpxtpx:hr>160</gpxtpx:hr>
     </gpxtpx:TrackPointExtension>
    </extensions>
   </trkpt>
   <trkpt lat="49.2890910" lon="-123.1284850">
    <ele>19.8</ele>
    <time>2026-04-19T16:49:47Z</time>
    <extensions>
     <power>126</power>
     <gpxtpx:TrackPointExtension>
      <gpxtpx:hr>160</gpxtpx:hr>
     </gpxtpx:TrackPointExtension>
    </extensions>
   </trkpt>
   <trkpt lat="49.2891210" lon="-123.1285370">
    <ele>19.6</ele>
    <time>2026-04-19T16:49:48Z</time>
    <extensions>
     <power>126</power>
     <gpxtpx:TrackPointExtension>
      <gpxtpx:hr>160</gpxtpx:hr>
     </gpxtpx:TrackPointExtension>
    </extensions>
   </trkpt>
   <trkpt lat="49.2891340" lon="-123.1285570">
    <ele>19.4</ele>
    <time>2026-04-19T16:49:49Z</time>
    <extensions>
     <power>126</power>
     <gpxtpx:TrackPointExtension>
      <gpxtpx:hr>160</gpxtpx:hr>
     </gpxtpx:TrackPointExtension>
    </extensions>
   </trkpt>
   <trkpt lat="49.2891460" lon="-123.1285780">
    <ele>19.4</ele>
    <time>2026-04-19T16:49:50Z</time>
    <extensions>
     <power>133</power>
     <gpxtpx:TrackPointExtension>
      <gpxtpx:hr>160</gpxtpx:hr>
     </gpxtpx:TrackPointExtension>
    </extensions>
   </trkpt>
   <trkpt lat="49.2891750" lon="-123.1286260">
    <ele>19.2</ele>
    <time>2026-04-19T16:49:51Z</time>
    <extensions>
     <power>133</power>
     <gpxtpx:TrackPointExtension>
      <gpxtpx:hr>160</gpxtpx:hr>
     </gpxtpx:TrackPointExtension>
    </extensions>
   </trkpt>
   <trkpt lat="49.2891840" lon="-123.1286420">
    <ele>19.0</ele>
    <time>2026-04-19T16:49:52Z</time>
    <extensions>
     <power>139</power>
     <gpxtpx:TrackPointExtension>
      <gpxtpx:hr>160</gpxtpx:hr>
     </gpxtpx:TrackPointExtension>
    </extensions>
   </trkpt>
   <trkpt lat="49.2892160" lon="-123.1286980">
    <ele>18.8</ele>
    <time>2026-04-19T16:49:53Z</time>
    <extensions>
     <power>139</power>
     <gpxtpx:TrackPointExtension>
      <gpxtpx:hr>163</gpxtpx:hr>
     </gpxtpx:TrackPointExtension>
    </extensions>
   </trkpt>
   <trkpt lat="49.2892300" lon="-123.1287210">
    <ele>18.6</ele>
    <time>2026-04-19T16:49:54Z</time>
    <extensions>
     <power>139</power>
     <gpxtpx:TrackPointExtension>
      <gpxtpx:hr>163</gpxtpx:hr>
     </gpxtpx:TrackPointExtension>
    </extensions>
   </trkpt>
   <trkpt lat="49.2892430" lon="-123.1287440">
    <ele>18.4</ele>
    <time>2026-04-19T16:49:55Z</time>
    <extensions>
     <power>149</power>
     <gpxtpx:TrackPointExtension>
      <gpxtpx:hr>163</gpxtpx:hr>
     </gpxtpx:TrackPointExtension>
    </extensions>
   </trkpt>
   <trkpt lat="49.2892770" lon="-123.1288030">
    <ele>18.2</ele>
    <time>2026-04-19T16:49:56Z</time>
    <extensions>
     <power>149</power>
     <gpxtpx:TrackPointExtension>
      <gpxtpx:hr>162</gpxtpx:hr>
     </gpxtpx:TrackPointExtension>
    </extensions>
   </trkpt>
   <trkpt lat="49.2892920" lon="-123.1288270">
    <ele>18.0</ele>
    <time>2026-04-19T16:49:57Z</time>
    <extensions>
     <power>149</power>
     <gpxtpx:TrackPointExtension>
      <gpxtpx:hr>162</gpxtpx:hr>
     </gpxtpx:TrackPointExtension>
    </extensions>
   </trkpt>
   <trkpt lat="49.2893060" lon="-123.1288510">
    <ele>17.8</ele>
    <time>2026-04-19T16:49:58Z</time>
    <extensions>
     <power>200</power>
     <gpxtpx:TrackPointExtension>
      <gpxtpx:hr>162</gpxtpx:hr>
     </gpxtpx:TrackPointExtension>
    </extensions>
   </trkpt>
   <trkpt lat="49.2893390" lon="-123.1289070">
    <ele>17.6</ele>
    <time>2026-04-19T16:49:59Z</time>
    <extensions>
     <power>200</power>
     <gpxtpx:TrackPointExtension>
      <gpxtpx:hr>162</gpxtpx:hr>
     </gpxtpx:TrackPointExtension>
    </extensions>
   </trkpt>
   <trkpt lat="49.2893500" lon="-123.1289250">
    <ele>17.4</ele>
    <time>2026-04-19T16:50:00Z</time>
    <extensions>
     <power>207</power>
     <gpxtpx:TrackPointExtension>
      <gpxtpx:hr>162</gpxtpx:hr>
     </gpxtpx:TrackPointExtension>
    </extensions>
   </trkpt>
   <trkpt lat="49.2893890" lon="-123.1289890">
    <ele>17.2</ele>
    <time>2026-04-19T16:50:01Z</time>
    <extensions>
     <power>207</power>
     <gpxtpx:TrackPointExtension>
      <gpxtpx:hr>162</gpxtpx:hr>
     </gpxtpx:TrackPointExtension>
    </extensions>
   </trkpt>
   <trkpt lat="49.2894040" lon="-123.1290140">
    <ele>17.0</ele>
    <time>2026-04-19T16:50:02Z</time>
    <extensions>
     <power>207</power>
     <gpxtpx:TrackPointExtension>
      <gpxtpx:hr>162</gpxtpx:hr>
     </gpxtpx:TrackPointExtension>
    </extensions>
   </trkpt>
   <trkpt lat="49.2894200" lon="-123.1290400">
    <ele>16.8</ele>
    <time>2026-04-19T16:50:03Z</time>
    <extensions>
     <power>210</power>
     <gpxtpx:TrackPointExtension>
      <gpxtpx:hr>162</gpxtpx:hr>
     </gpxtpx:TrackPointExtension>
    </extensions>
   </trkpt>
   <trkpt lat="49.2894550" lon="-123.1290950">
    <ele>16.6</ele>
    <time>2026-04-19T16:50:04Z</time>
    <extensions>
     <power>210</power>
     <gpxtpx:TrackPointExtension>
      <gpxtpx:hr>162</gpxtpx:hr>
     </gpxtpx:TrackPointExtension>
    </extensions>
   </trkpt>
   <trkpt lat="49.2894670" lon="-123.1291140">
    <ele>16.4</ele>
    <time>2026-04-19T16:50:05Z</time>
    <extensions>
     <power>210</power>
     <gpxtpx:TrackPointExtension>
      <gpxtpx:hr>162</gpxtpx:hr>
     </gpxtpx:TrackPointExtension>
    </extensions>
   </trkpt>
   <trkpt lat="49.2895060" lon="-123.1291760">
    <ele>16.2</ele>
    <time>2026-04-19T16:50:06Z</time>
    <extensions>
     <power>210</power>
     <gpxtpx:TrackPointExtension>
      <gpxtpx:hr>162</gpxtpx:hr>
     </gpxtpx:TrackPointExtension>
    </extensions>
   </trkpt>
   <trkpt lat="49.2895230" lon="-123.1292010">
    <ele>16.0</ele>
    <time>2026-04-19T16:50:07Z</time>
    <extensions>
     <power>210</power>
     <gpxtpx:TrackPointExtension>
      <gpxtpx:hr>162</gpxtpx:hr>
     </gpxtpx:TrackPointExtension>
    </extensions>
   </trkpt>
   <trkpt lat="49.2895390" lon="-123.1292260">
    <ele>15.8</ele>
    <time>2026-04-19T16:50:08Z</time>
    <extensions>
     <power>213</power>
     <gpxtpx:TrackPointExtension>
      <gpxtpx:hr>162</gpxtpx:hr>
     </gpxtpx:TrackPointExtension>
    </extensions>
   </trkpt>
   <trkpt lat="49.2895770" lon="-123.1292830">
    <ele>15.6</ele>
    <time>2026-04-19T16:50:09Z</time>
    <extensions>
     <power>213</power>
     <gpxtpx:TrackPointExtension>
      <gpxtpx:hr>166</gpxtpx:hr>
     </gpxtpx:TrackPointExtension>
    </extensions>
   </trkpt>
   <trkpt lat="49.2895900" lon="-123.1293030">
    <ele>15.4</ele>
    <time>2026-04-19T16:50:10Z</time>
    <extensions>
     <power>214</power>
     <gpxtpx:TrackPointExtension>
      <gpxtpx:hr>166</gpxtpx:hr>
     </gpxtpx:TrackPointExtension>
    </extensions>
   </trkpt>
   <trkpt lat="49.2896330" lon="-123.1293660">
    <ele>15.2</ele>
    <time>2026-04-19T16:50:11Z</time>
    <extensions>
     <power>214</power>
     <gpxtpx:TrackPointExtension>
      <gpxtpx:hr>166</gpxtpx:hr>
     </gpxtpx:TrackPointExtension>
    </extensions>
   </trkpt>
   <trkpt lat="49.2896510" lon="-123.1293920">
    <ele>15.0</ele>
    <time>2026-04-19T16:50:12Z</time>
    <extensions>
     <power>214</power>
     <gpxtpx:TrackPointExtension>
      <gpxtpx:hr>166</gpxtpx:hr>
     </gpxtpx:TrackPointExtension>
    </extensions>
   </trkpt>
   <trkpt lat="49.2896680" lon="-123.1294170">
    <ele>14.8</ele>
    <time>2026-04-19T16:50:13Z</time>
    <extensions>
     <power>220</power>
     <gpxtpx:TrackPointExtension>
      <gpxtpx:hr>166</gpxtpx:hr>
     </gpxtpx:TrackPointExtension>
    </extensions>
   </trkpt>
   <trkpt lat="49.2897070" lon="-123.1294730">
    <ele>14.6</ele>
    <time>2026-04-19T16:50:14Z</time>
    <extensions>
     <power>220</power>
     <gpxtpx:TrackPointExtension>
      <gpxtpx:hr>166</gpxtpx:hr>
     </gpxtpx:TrackPointExtension>
    </extensions>
   </trkpt>
   <trkpt lat="49.2897200" lon="-123.1294920">
    <ele>14.4</ele>
    <time>2026-04-19T16:50:15Z</time>
    <extensions>
     <power>215</power>
     <gpxtpx:TrackPointExtension>
      <gpxtpx:hr>166</gpxtpx:hr>
     </gpxtpx:TrackPointExtension>
    </extensions>
   </trkpt>
   <trkpt lat="49.2897620" lon="-123.1295510">
    <ele>14.2</ele>
    <time>2026-04-19T16:50:16Z</time>
    <extensions>
     <power>215</power>
     <gpxtpx:TrackPointExtension>
      <gpxtpx:hr>166</gpxtpx:hr>
     </gpxtpx:TrackPointExtension>
    </extensions>
   </trkpt>
   <trkpt lat="49.2897790" lon="-123.1295750">
    <ele>14.0</ele>
    <time>2026-04-19T16:50:17Z</time>
    <extensions>
     <power>215</power>
     <gpxtpx:TrackPointExtension>
      <gpxtpx:hr>166</gpxtpx:hr>
     </gpxtpx:TrackPointExtension>
    </extensions>
   </trkpt>
   <trkpt lat="49.2897950" lon="-123.1295980">
    <ele>13.8</ele>
    <time>2026-04-19T16:50:18Z</time>
    <extensions>
     <power>187</power>
     <gpxtpx:TrackPointExtension>
      <gpxtpx:hr>168</gpxtpx:hr>
     </gpxtpx:TrackPointExtension>
    </extensions>
   </trkpt>
   <trkpt lat="49.2898350" lon="-123.1296560">
    <ele>13.6</ele>
    <time>2026-04-19T16:50:19Z</time>
    <extensions>
     <power>187</power>
     <gpxtpx:TrackPointExtension>
      <gpxtpx:hr>168</gpxtpx:hr>
     </gpxtpx:TrackPointExtension>
    </extensions>
   </trkpt>
   <trkpt lat="49.2898500" lon="-123.1296790">
    <ele>13.4</ele>
    <time>2026-04-19T16:50:20Z</time>
    <extensions>
     <power>187</power>
     <gpxtpx:TrackPointExtension>
      <gpxtpx:hr>168</gpxtpx:hr>
     </gpxtpx:TrackPointExtension>
    </extensions>
   </trkpt>
   <trkpt lat="49.2898660" lon="-123.1297030">
    <ele>13.2</ele>
    <time>2026-04-19T16:50:21Z</time>
    <extensions>
     <power>170</power>
     <gpxtpx:TrackPointExtension>
      <gpxtpx:hr>173</gpxtpx:hr>
     </gpxtpx:TrackPointExtension>
    </extensions>
   </trkpt>
   <trkpt lat="49.2899020" lon="-123.1297560">
    <ele>13.0</ele>
    <time>2026-04-19T16:50:22Z</time>
    <extensions>
     <power>170</power>
     <gpxtpx:TrackPointExtension>
      <gpxtpx:hr>173</gpxtpx:hr>
     </gpxtpx:TrackPointExtension>
    </extensions>
   </trkpt>
   <trkpt lat="49.2899140" lon="-123.1297750">
    <ele>12.8</ele>
    <time>2026-04-19T16:50:23Z</time>
    <extensions>
     <power>175</power>
     <gpxtpx:TrackPointExtension>
      <gpxtpx:hr>173</gpxtpx:hr>
     </gpxtpx:TrackPointExtension>
    </extensions>
   </trkpt>
   <trkpt lat="49.2899560" lon="-123.1298400">
    <ele>12.8</ele>
    <time>2026-04-19T16:50:24Z</time>
    <extensions>
     <power>175</power>
     <gpxtpx:TrackPointExtension>
      <gpxtpx:hr>173</gpxtpx:hr>
     </gpxtpx:TrackPointExtension>
    </extensions>
   </trkpt>
   <trkpt lat="49.2899730" lon="-123.1298660">
    <ele>12.6</ele>
    <time>2026-04-19T16:50:25Z</time>
    <extensions>
     <power>175</power>
     <gpxtpx:TrackPointExtension>
      <gpxtpx:hr>173</gpxtpx:hr>
     </gpxtpx:TrackPointExtension>
    </extensions>
   </trkpt>
   <trkpt lat="49.2899900" lon="-123.1298920">
    <ele>12.4</ele>
    <time>2026-04-19T16:50:26Z</time>
    <extensions>
     <power>187</power>
     <gpxtpx:TrackPointExtension>
      <gpxtpx:hr>170</gpxtpx:hr>
     </gpxtpx:TrackPointExtension>
    </extensions>
   </trkpt>
   <trkpt lat="49.2900270" lon="-123.1299480">
    <ele>12.2</ele>
    <time>2026-04-19T16:50:27Z</time>
    <extensions>
     <power>187</power>
     <gpxtpx:TrackPointExtension>
      <gpxtpx:hr>170</gpxtpx:hr>
     </gpxtpx:TrackPointExtension>
    </extensions>
   </trkpt>
   <trkpt lat="49.2900380" lon="-123.1299660">
    <ele>12.0</ele>
    <time>2026-04-19T16:50:28Z</time>
    <extensions>
     <power>210</power>
     <gpxtpx:TrackPointExtension>
      <gpxtpx:hr>170</gpxtpx:hr>
     </gpxtpx:TrackPointExtension>
    </extensions>
   </trkpt>
   <trkpt lat="49.2900750" lon="-123.1300230">
    <ele>11.8</ele>
    <time>2026-04-19T16:50:29Z</time>
    <extensions>
     <power>210</power>
     <gpxtpx:TrackPointExtension>
      <gpxtpx:hr>170</gpxtpx:hr>
     </gpxtpx:TrackPointExtension>
    </extensions>
   </trkpt>
   <trkpt lat="49.2900890" lon="-123.1300460">
    <ele>11.6</ele>
    <time>2026-04-19T16:50:30Z</time>
    <extensions>
     <power>210</power>
     <gpxtpx:TrackPointExtension>
      <gpxtpx:hr>170</gpxtpx:hr>
     </gpxtpx:TrackPointExtension>
    </extensions>
   </trkpt>
   <trkpt lat="49.2901040" lon="-123.1300690">
    <ele>11.4</ele>
    <time>2026-04-19T16:50:31Z</time>
    <extensions>
     <power>207</power>
     <gpxtpx:TrackPointExtension>
      <gpxtpx:hr>170</gpxtpx:hr>
     </gpxtpx:TrackPointExtension>
    </extensions>
   </trkpt>
   <trkpt lat="49.2901370" lon="-123.1301200">
    <ele>11.2</ele>
    <time>2026-04-19T16:50:32Z</time>
    <extensions>
     <power>207</power>
     <gpxtpx:TrackPointExtension>
      <gpxtpx:hr>170</gpxtpx:hr>
     </gpxtpx:TrackPointExtension>
    </extensions>
   </trkpt>
   <trkpt lat="49.2901470" lon="-123.1301370">
    <ele>11.0</ele>
    <time>2026-04-19T16:50:33Z</time>
    <extensions>
     <power>212</power>
     <gpxtpx:TrackPointExtension>
      <gpxtpx:hr>171</gpxtpx:hr>
     </gpxtpx:TrackPointExtension>
    </extensions>
   </trkpt>
   <trkpt lat="49.2901830" lon="-123.1301930">
    <ele>11.0</ele>
    <time>2026-04-19T16:50:34Z</time>
    <extensions>
     <power>212</power>
     <gpxtpx:TrackPointExtension>
      <gpxtpx:hr>171</gpxtpx:hr>
     </gpxtpx:TrackPointExtension>
    </extensions>
   </trkpt>
   <trkpt lat="49.2901980" lon="-123.1302150">
    <ele>10.8</ele>
    <time>2026-04-19T16:50:35Z</time>
    <extensions>
     <power>212</power>
     <gpxtpx:TrackPointExtension>
      <gpxtpx:hr>171</gpxtpx:hr>
     </gpxtpx:TrackPointExtension>
    </extensions>
   </trkpt>
   <trkpt lat="49.2902120" lon="-123.1302380">
    <ele>10.6</ele>
    <time>2026-04-19T16:50:36Z</time>
    <extensions>
     <power>214</power>
     <gpxtpx:TrackPointExtension>
      <gpxtpx:hr>171</gpxtpx:hr>
     </gpxtpx:TrackPointExtension>
    </extensions>
   </trkpt>
   <trkpt lat="49.2902460" lon="-123.1302900">
    <ele>10.6</ele>
    <time>2026-04-19T16:50:37Z</time>
    <extensions>
     <power>214</power>
     <gpxtpx:TrackPointExtension>
      <gpxtpx:hr>171</gpxtpx:hr>
     </gpxtpx:TrackPointExtension>
    </extensions>
   </trkpt>
   <trkpt lat="49.2902570" lon="-123.1303080">
    <ele>10.4</ele>
    <time>2026-04-19T16:50:38Z</time>
    <extensions>
     <power>209</power>
     <gpxtpx:TrackPointExtension>
      <gpxtpx:hr>171</gpxtpx:hr>
     </gpxtpx:TrackPointExtension>
    </extensions>
   </trkpt>
   <trkpt lat="49.2902930" lon="-123.1303670">
    <ele>10.4</ele>
    <time>2026-04-19T16:50:39Z</time>
    <extensions>
     <power>209</power>
     <gpxtpx:TrackPointExtension>
      <gpxtpx:hr>172</gpxtpx:hr>
     </gpxtpx:TrackPointExtension>
    </extensions>
   </trkpt>
   <trkpt lat="49.2903080" lon="-123.1303910">
    <ele>10.4</ele>
    <time>2026-04-19T16:50:40Z</time>
    <extensions>
     <power>209</power>
     <gpxtpx:TrackPointExtension>
      <gpxtpx:hr>172</gpxtpx:hr>
     </gpxtpx:TrackPointExtension>
    </extensions>
   </trkpt>
   <trkpt lat="49.2903220" lon="-123.1304140">
    <ele>10.2</ele>
    <time>2026-04-19T16:50:41Z</time>
    <extensions>
     <power>195</power>
     <gpxtpx:TrackPointExtension>
      <gpxtpx:hr>172</gpxtpx:hr>
     </gpxtpx:TrackPointExtension>
    </extensions>
   </trkpt>
   <trkpt lat="49.2903580" lon="-123.1304720">
    <ele>10.2</ele>
    <time>2026-04-19T16:50:42Z</time>
    <extensions>
     <power>195</power>
     <gpxtpx:TrackPointExtension>
      <gpxtpx:hr>173</gpxtpx:hr>
     </gpxtpx:TrackPointExtension>
    </extensions>
   </trkpt>
   <trkpt lat="49.2903720" lon="-123.1304940">
    <ele>10.0</ele>
    <time>2026-04-19T16:50:43Z</time>
    <extensions>
     <power>195</power>
     <gpxtpx:TrackPointExtension>
      <gpxtpx:hr>173</gpxtpx:hr>
     </gpxtpx:TrackPointExtension>
    </extensions>
   </trkpt>
   <trkpt lat="49.2903860" lon="-123.1305170">
    <ele>10.0</ele>
    <time>2026-04-19T16:50:44Z</time>
    <extensions>
     <power>180</power>
     <gpxtpx:TrackPointExtension>
      <gpxtpx:hr>173</gpxtpx:hr>
     </gpxtpx:TrackPointExtension>
    </extensions>
   </trkpt>
   <trkpt lat="49.2904170" lon="-123.1305670">
    <ele>10.0</ele>
    <time>2026-04-19T16:50:45Z</time>
    <extensions>
     <power>180</power>
     <gpxtpx:TrackPointExtension>
      <gpxtpx:hr>173</gpxtpx:hr>
     </gpxtpx:TrackPointExtension>
    </extensions>
   </trkpt>
   <trkpt lat="49.2904270" lon="-123.1305840">
    <ele>9.8</ele>
    <time>2026-04-19T16:50:46Z</time>
    <extensions>
     <power>180</power>
     <gpxtpx:TrackPointExtension>
      <gpxtpx:hr>173</gpxtpx:hr>
     </gpxtpx:TrackPointExtension>
    </extensions>
   </trkpt>
   <trkpt lat="49.2904630" lon="-123.1306410">
    <ele>9.8</ele>
    <time>2026-04-19T16:50:47Z</time>
    <extensions>
     <power>180</power>
     <gpxtpx:TrackPointExtension>
      <gpxtpx:hr>173</gpxtpx:hr>
     </gpxtpx:TrackPointExtension>
    </extensions>
   </trkpt>
   <trkpt lat="49.2904770" lon="-123.1306640">
    <ele>9.8</ele>
    <time>2026-04-19T16:50:48Z</time>
    <extensions>
     <power>180</power>
     <gpxtpx:TrackPointExtension>
      <gpxtpx:hr>173</gpxtpx:hr>
     </gpxtpx:TrackPointExtension>
    </extensions>
   </trkpt>
   <trkpt lat="49.2904920" lon="-123.1306870">
    <ele>9.6</ele>
    <time>2026-04-19T16:50:49Z</time>
    <extensions>
     <power>176</power>
     <gpxtpx:TrackPointExtension>
      <gpxtpx:hr>173</gpxtpx:hr>
     </gpxtpx:TrackPointExtension>
    </extensions>
   </trkpt>
   <trkpt lat="49.2905260" lon="-123.1307400">
    <ele>9.6</ele>
    <time>2026-04-19T16:50:50Z</time>
    <extensions>
     <power>176</power>
     <gpxtpx:TrackPointExtension>
      <gpxtpx:hr>173</gpxtpx:hr>
     </gpxtpx:TrackPointExtension>
    </extensions>
   </trkpt>
   <trkpt lat="49.2905370" lon="-123.1307570">
    <ele>9.6</ele>
    <time>2026-04-19T16:50:51Z</time>
    <extensions>
     <power>174</power>
     <gpxtpx:TrackPointExtension>
      <gpxtpx:hr>173</gpxtpx:hr>
     </gpxtpx:TrackPointExtension>
    </extensions>
   </trkpt>
   <trkpt lat="49.2905730" lon="-123.1308110">
    <ele>9.6</ele>
    <time>2026-04-19T16:50:52Z</time>
    <extensions>
     <power>174</power>
     <gpxtpx:TrackPointExtension>
      <gpxtpx:hr>173</gpxtpx:hr>
     </gpxtpx:TrackPointExtension>
    </extensions>
   </trkpt>
   <trkpt lat="49.2905870" lon="-123.1308330">
    <ele>9.6</ele>
    <time>2026-04-19T16:50:53Z</time>
    <extensions>
     <power>174</power>
     <gpxtpx:TrackPointExtension>
      <gpxtpx:hr>173</gpxtpx:hr>
     </gpxtpx:TrackPointExtension>
    </extensions>
   </trkpt>
   <trkpt lat="49.2906010" lon="-123.1308540">
    <ele>9.6</ele>
    <time>2026-04-19T16:50:54Z</time>
    <extensions>
     <power>181</power>
     <gpxtpx:TrackPointExtension>
      <gpxtpx:hr>172</gpxtpx:hr>
     </gpxtpx:TrackPointExtension>
    </extensions>
   </trkpt>
   <trkpt lat="49.2906350" lon="-123.1309050">
    <ele>9.4</ele>
    <time>2026-04-19T16:50:55Z</time>
    <extensions>
     <power>181</power>
     <gpxtpx:TrackPointExtension>
      <gpxtpx:hr>173</gpxtpx:hr>
     </gpxtpx:TrackPointExtension>
    </extensions>
   </trkpt>
   <trkpt lat="49.2906460" lon="-123.1309230">
    <ele>9.4</ele>
    <time>2026-04-19T16:50:56Z</time>
    <extensions>
     <power>187</power>
     <gpxtpx:TrackPointExtension>
      <gpxtpx:hr>173</gpxtpx:hr>
     </gpxtpx:TrackPointExtension>
    </extensions>
   </trkpt>
   <trkpt lat="49.2906840" lon="-123.1309790">
    <ele>9.4</ele>
    <time>2026-04-19T16:50:57Z</time>
    <extensions>
     <power>187</power>
     <gpxtpx:TrackPointExtension>
      <gpxtpx:hr>173</gpxtpx:hr>
     </gpxtpx:TrackPointExtension>
    </extensions>
   </trkpt>
   <trkpt lat="49.2906980" lon="-123.1310020">
    <ele>9.4</ele>
    <time>2026-04-19T16:50:58Z</time>
    <extensions>
     <power>187</power>
     <gpxtpx:TrackPointExtension>
      <gpxtpx:hr>173</gpxtpx:hr>
     </gpxtpx:TrackPointExtension>
    </extensions>
   </trkpt>
   <trkpt lat="49.2907130" lon="-123.1310240">
    <ele>9.4</ele>
    <time>2026-04-19T16:50:59Z</time>
    <extensions>
     <power>226</power>
     <gpxtpx:TrackPointExtension>
      <gpxtpx:hr>173</gpxtpx:hr>
     </gpxtpx:TrackPointExtension>
    </extensions>
   </trkpt>
   <trkpt lat="49.2907450" lon="-123.1310720">
    <ele>9.2</ele>
    <time>2026-04-19T16:51:00Z</time>
    <extensions>
     <power>226</power>
     <gpxtpx:TrackPointExtension>
      <gpxtpx:hr>173</gpxtpx:hr>
     </gpxtpx:TrackPointExtension>
    </extensions>
   </trkpt>
   <trkpt lat="49.2907550" lon="-123.1310880">
    <ele>9.2</ele>
    <time>2026-04-19T16:51:01Z</time>
    <extensions>
     <power>219</power>
     <gpxtpx:TrackPointExtension>
      <gpxtpx:hr>173</gpxtpx:hr>
     </gpxtpx:TrackPointExtension>
    </extensions>
   </trkpt>
   <trkpt lat="49.2907900" lon="-123.1311420">
    <ele>9.2</ele>
    <time>2026-04-19T16:51:02Z</time>
    <extensions>
     <power>219</power>
     <gpxtpx:TrackPointExtension>
      <gpxtpx:hr>173</gpxtpx:hr>
     </gpxtpx:TrackPointExtension>
    </extensions>
   </trkpt>
   <trkpt lat="49.2908050" lon="-123.1311630">
    <ele>9.2</ele>
    <time>2026-04-19T16:51:03Z</time>
    <extensions>
     <power>219</power>
     <gpxtpx:TrackPointExtension>
      <gpxtpx:hr>173</gpxtpx:hr>
     </gpxtpx:TrackPointExtension>
    </extensions>
   </trkpt>
   <trkpt lat="49.2908190" lon="-123.1311850">
    <ele>9.2</ele>
    <time>2026-04-19T16:51:04Z</time>
    <extensions>
     <power>215</power>
     <gpxtpx:TrackPointExtension>
      <gpxtpx:hr>173</gpxtpx:hr>
     </gpxtpx:TrackPointExtension>
    </extensions>
   </trkpt>
   <trkpt lat="49.2908550" lon="-123.1312410">
    <ele>9.0</ele>
    <time>2026-04-19T16:51:05Z</time>
    <extensions>
     <power>215</power>
     <gpxtpx:TrackPointExtension>
      <gpxtpx:hr>173</gpxtpx:hr>
     </gpxtpx:TrackPointExtension>
    </extensions>
   </trkpt>
   <trkpt lat="49.2908700" lon="-123.1312640">
    <ele>9.0</ele>
    <time>2026-04-19T16:51:06Z</time>
    <extensions>
     <power>215</power>
     <gpxtpx:TrackPointExtension>
      <gpxtpx:hr>173</gpxtpx:hr>
     </gpxtpx:TrackPointExtension>
    </extensions>
   </trkpt>
   <trkpt lat="49.2908850" lon="-123.1312870">
    <ele>9.0</ele>
    <time>2026-04-19T16:51:07Z</time>
    <extensions>
     <power>222</power>
     <gpxtpx:TrackPointExtension>
      <gpxtpx:hr>173</gpxtpx:hr>
     </gpxtpx:TrackPointExtension>
    </extensions>
   </trkpt>
   <trkpt lat="49.2909170" lon="-123.1313360">
    <ele>9.0</ele>
    <time>2026-04-19T16:51:08Z</time>
    <extensions>
     <power>222</power>
     <gpxtpx:TrackPointExtension>
      <gpxtpx:hr>173</gpxtpx:hr>
     </gpxtpx:TrackPointExtension>
    </extensions>
   </trkpt>
   <trkpt lat="49.2909280" lon="-123.1313520">
    <ele>9.0</ele>
    <time>2026-04-19T16:51:09Z</time>
    <extensions>
     <power>222</power>
     <gpxtpx:TrackPointExtension>
      <gpxtpx:hr>173</gpxtpx:hr>
     </gpxtpx:TrackPointExtension>
    </extensions>
   </trkpt>
   <trkpt lat="49.2909630" lon="-123.1314080">
    <ele>9.0</ele>
    <time>2026-04-19T16:51:10Z</time>
    <extensions>
     <power>222</power>
     <gpxtpx:TrackPointExtension>
      <gpxtpx:hr>172</gpxtpx:hr>
     </gpxtpx:TrackPointExtension>
    </extensions>
   </trkpt>
   <trkpt lat="49.2909770" lon="-123.1314310">
    <ele>9.0</ele>
    <time>2026-04-19T16:51:11Z</time>
    <extensions>
     <power>222</power>
     <gpxtpx:TrackPointExtension>
      <gpxtpx:hr>172</gpxtpx:hr>
     </gpxtpx:TrackPointExtension>
    </extensions>
   </trkpt>
   <trkpt lat="49.2909910" lon="-123.1314530">
    <ele>9.0</ele>
    <time>2026-04-19T16:51:12Z</time>
    <extensions>
     <power>223</power>
     <gpxtpx:TrackPointExtension>
      <gpxtpx:hr>172</gpxtpx:hr>
     </gpxtpx:TrackPointExtension>
    </extensions>
   </trkpt>
   <trkpt lat="49.2910250" lon="-123.1315060">
    <ele>9.0</ele>
    <time>2026-04-19T16:51:13Z</time>
    <extensions>
     <power>223</power>
     <gpxtpx:TrackPointExtension>
      <gpxtpx:hr>172</gpxtpx:hr>
     </gpxtpx:TrackPointExtension>
    </extensions>
   </trkpt>
   <trkpt lat="49.2910360" lon="-123.1315240">
    <ele>9.0</ele>
    <time>2026-04-19T16:51:14Z</time>
    <extensions>
     <power>230</power>
     <gpxtpx:TrackPointExtension>
      <gpxtpx:hr>172</gpxtpx:hr>
     </gpxtpx:TrackPointExtension>
    </extensions>
   </trkpt>
   <trkpt lat="49.2910770" lon="-123.1315850">
    <ele>9.0</ele>
    <time>2026-04-19T16:51:15Z</time>
    <extensions>
     <power>230</power>
     <gpxtpx:TrackPointExtension>
      <gpxtpx:hr>172</gpxtpx:hr>
     </gpxtpx:TrackPointExtension>
    </extensions>
   </trkpt>
   <trkpt lat="49.2910940" lon="-123.1316100">
    <ele>9.0</ele>
    <time>2026-04-19T16:51:16Z</time>
    <extensions>
     <power>230</power>
     <gpxtpx:TrackPointExtension>
      <gpxtpx:hr>172</gpxtpx:hr>
     </gpxtpx:TrackPointExtension>
    </extensions>
   </trkpt>
   <trkpt lat="49.2911100" lon="-123.1316340">
    <ele>9.0</ele>
    <time>2026-04-19T16:51:17Z</time>
    <extensions>
     <power>236</power>
     <gpxtpx:TrackPointExtension>
      <gpxtpx:hr>172</gpxtpx:hr>
     </gpxtpx:TrackPointExtension>
    </extensions>
   </trkpt>
   <trkpt lat="49.2911410" lon="-123.1316910">
    <ele>9.0</ele>
    <time>2026-04-19T16:51:18Z</time>
    <extensions>
     <power>236</power>
     <gpxtpx:TrackPointExtension>
      <gpxtpx:hr>172</gpxtpx:hr>
     </gpxtpx:TrackPointExtension>
    </extensions>
   </trkpt>
   <trkpt lat="49.2911500" lon="-123.1317110">
    <ele>9.0</ele>
    <time>2026-04-19T16:51:19Z</time>
    <extensions>
     <power>236</power>
     <gpxtpx:TrackPointExtension>
      <gpxtpx:hr>172</gpxtpx:hr>
     </gpxtpx:TrackPointExtension>
    </extensions>
   </trkpt>
   <trkpt lat="49.2911830" lon="-123.1317740">
    <ele>8.8</ele>
    <time>2026-04-19T16:51:20Z</time>
    <extensions>
     <power>236</power>
     <gpxtpx:TrackPointExtension>
      <gpxtpx:hr>172</gpxtpx:hr>
     </gpxtpx:TrackPointExtension>
    </extensions>
   </trkpt>
   <trkpt lat="49.2911960" lon="-123.1317990">
    <ele>8.8</ele>
    <time>2026-04-19T16:51:21Z</time>
    <extensions>
     <power>236</power>
     <gpxtpx:TrackPointExtension>
      <gpxtpx:hr>172</gpxtpx:hr>
     </gpxtpx:TrackPointExtension>
    </extensions>
   </trkpt>
   <trkpt lat="49.2912100" lon="-123.1318240">
    <ele>9.0</ele>
    <time>2026-04-19T16:51:22Z</time>
    <extensions>
     <power>237</power>
     <gpxtpx:TrackPointExtension>
      <gpxtpx:hr>172</gpxtpx:hr>
     </gpxtpx:TrackPointExtension>
    </extensions>
   </trkpt>
   <trkpt lat="49.2912410" lon="-123.1318770">
    <ele>9.0</ele>
    <time>2026-04-19T16:51:23Z</time>
    <extensions>
     <power>237</power>
     <gpxtpx:TrackPointExtension>
      <gpxtpx:hr>172</gpxtpx:hr>
     </gpxtpx:TrackPointExtension>
    </extensions>
   </trkpt>
   <trkpt lat="49.2912510" lon="-123.1318940">
    <ele>9.0</ele>
    <time>2026-04-19T16:51:24Z</time>
    <extensions>
     <power>234</power>
     <gpxtpx:TrackPointExtension>
      <gpxtpx:hr>172</gpxtpx:hr>
     </gpxtpx:TrackPointExtension>
    </extensions>
   </trkpt>
   <trkpt lat="49.2912830" lon="-123.1319530">
    <ele>9.0</ele>
    <time>2026-04-19T16:51:25Z</time>
    <extensions>
     <power>234</power>
     <gpxtpx:TrackPointExtension>
      <gpxtpx:hr>172</gpxtpx:hr>
     </gpxtpx:TrackPointExtension>
    </extensions>
   </trkpt>
   <trkpt lat="49.2912970" lon="-123.1319780">
    <ele>9.0</ele>
    <time>2026-04-19T16:51:26Z</time>
    <extensions>
     <power>234</power>
     <gpxtpx:TrackPointExtension>
      <gpxtpx:hr>172</gpxtpx:hr>
     </gpxtpx:TrackPointExtension>
    </extensions>
   </trkpt>
   <trkpt lat="49.2913100" lon="-123.1320020">
    <ele>9.0</ele>
    <time>2026-04-19T16:51:27Z</time>
    <extensions>
     <power>234</power>
     <gpxtpx:TrackPointExtension>
      <gpxtpx:hr>173</gpxtpx:hr>
     </gpxtpx:TrackPointExtension>
    </extensions>
   </trkpt>
   <trkpt lat="49.2913430" lon="-123.1320630">
    <ele>9.0</ele>
    <time>2026-04-19T16:51:28Z</time>
    <extensions>
     <power>234</power>
     <gpxtpx:TrackPointExtension>
      <gpxtpx:hr>173</gpxtpx:hr>
     </gpxtpx:TrackPointExtension>
    </extensions>
   </trkpt>
   <trkpt lat="49.2913560" lon="-123.1320870">
    <ele>9.0</ele>
    <time>2026-04-19T16:51:29Z</time>
    <extensions>
     <power>234</power>
     <gpxtpx:TrackPointExtension>
      <gpxtpx:hr>173</gpxtpx:hr>
     </gpxtpx:TrackPointExtension>
    </extensions>
   </trkpt>
   <trkpt lat="49.2913690" lon="-123.1321110">
    <ele>9.0</ele>
    <time>2026-04-19T16:51:30Z</time>
    <extensions>
     <power>235</power>
     <gpxtpx:TrackPointExtension>
      <gpxtpx:hr>173</gpxtpx:hr>
     </gpxtpx:TrackPointExtension>
    </extensions>
   </trkpt>
   <trkpt lat="49.2913980" lon="-123.1321650">
    <ele>9.0</ele>
    <time>2026-04-19T16:51:31Z</time>
    <extensions>
     <power>235</power>
     <gpxtpx:TrackPointExtension>
      <gpxtpx:hr>173</gpxtpx:hr>
     </gpxtpx:TrackPointExtension>
    </extensions>
   </trkpt>
   <trkpt lat="49.2914070" lon="-123.1321830">
    <ele>9.0</ele>
    <time>2026-04-19T16:51:32Z</time>
    <extensions>
     <power>234</power>
     <gpxtpx:TrackPointExtension>
      <gpxtpx:hr>173</gpxtpx:hr>
     </gpxtpx:TrackPointExtension>
    </extensions>
   </trkpt>
   <trkpt lat="49.2914430" lon="-123.1322430">
    <ele>9.2</ele>
    <time>2026-04-19T16:51:33Z</time>
    <extensions>
     <power>234</power>
     <gpxtpx:TrackPointExtension>
      <gpxtpx:hr>173</gpxtpx:hr>
     </gpxtpx:TrackPointExtension>
    </extensions>
   </trkpt>
   <trkpt lat="49.2914590" lon="-123.1322670">
    <ele>9.0</ele>
    <time>2026-04-19T16:51:34Z</time>
    <extensions>
     <power>234</power>
     <gpxtpx:TrackPointExtension>
      <gpxtpx:hr>173</gpxtpx:hr>
     </gpxtpx:TrackPointExtension>
    </extensions>
   </trkpt>
   <trkpt lat="49.2914750" lon="-123.1322900">
    <ele>9.0</ele>
    <time>2026-04-19T16:51:35Z</time>
    <extensions>
     <power>232</power>
     <gpxtpx:TrackPointExtension>
      <gpxtpx:hr>172</gpxtpx:hr>
     </gpxtpx:TrackPointExtension>
    </extensions>
   </trkpt>
   <trkpt lat="49.2915080" lon="-123.1323390">
    <ele>9.0</ele>
    <time>2026-04-19T16:51:36Z</time>
    <extensions>
     <power>232</power>
     <gpxtpx:TrackPointExtension>
      <gpxtpx:hr>172</gpxtpx:hr>
     </gpxtpx:TrackPointExtension>
    </extensions>
   </trkpt>
   <trkpt lat="49.2915190" lon="-123.1323550">
    <ele>9.0</ele>
    <time>2026-04-19T16:51:37Z</time>
    <extensions>
     <power>230</power>
     <gpxtpx:TrackPointExtension>
      <gpxtpx:hr>172</gpxtpx:hr>
     </gpxtpx:TrackPointExtension>
    </extensions>
   </trkpt>
   <trkpt lat="49.2915580" lon="-123.1324080">
    <ele>9.0</ele>
    <time>2026-04-19T16:51:38Z</time>
    <extensions>
     <power>230</power>
     <gpxtpx:TrackPointExtension>
      <gpxtpx:hr>172</gpxtpx:hr>
     </gpxtpx:TrackPointExtension>
    </extensions>
   </trkpt>
   <trkpt lat="49.2915740" lon="-123.1324290">
    <ele>9.2</ele>
    <time>2026-04-19T16:51:39Z</time>
    <extensions>
     <power>230</power>
     <gpxtpx:TrackPointExtension>
      <gpxtpx:hr>172</gpxtpx:hr>
     </gpxtpx:TrackPointExtension>
    </extensions>
   </trkpt>
   <trkpt lat="49.2915900" lon="-123.1324500">
    <ele>9.2</ele>
    <time>2026-04-19T16:51:40Z</time>
    <extensions>
     <power>235</power>
     <gpxtpx:TrackPointExtension>
      <gpxtpx:hr>172</gpxtpx:hr>
     </gpxtpx:TrackPointExtension>
    </extensions>
   </trkpt>
   <trkpt lat="49.2916260" lon="-123.1324970">
    <ele>9.2</ele>
    <time>2026-04-19T16:51:41Z</time>
    <extensions>
     <power>235</power>
     <gpxtpx:TrackPointExtension>
      <gpxtpx:hr>172</gpxtpx:hr>
     </gpxtpx:TrackPointExtension>
    </extensions>
   </trkpt>
   <trkpt lat="49.2916380" lon="-123.1325130">
    <ele>9.2</ele>
    <time>2026-04-19T16:51:42Z</time>
    <extensions>
     <power>239</power>
     <gpxtpx:TrackPointExtension>
      <gpxtpx:hr>172</gpxtpx:hr>
     </gpxtpx:TrackPointExtension>
    </extensions>
   </trkpt>
   <trkpt lat="49.2916790" lon="-123.1325660">
    <ele>9.2</ele>
    <time>2026-04-19T16:51:43Z</time>
    <extensions>
     <power>239</power>
     <gpxtpx:TrackPointExtension>
      <gpxtpx:hr>172</gpxtpx:hr>
     </gpxtpx:TrackPointExtension>
    </extensions>
   </trkpt>
   <trkpt lat="49.2916950" lon="-123.1325870">
    <ele>9.0</ele>
    <time>2026-04-19T16:51:44Z</time>
    <extensions>
     <power>239</power>
     <gpxtpx:TrackPointExtension>
      <gpxtpx:hr>172</gpxtpx:hr>
     </gpxtpx:TrackPointExtension>
    </extensions>
   </trkpt>
   <trkpt lat="49.2917120" lon="-123.1326090">
    <ele>9.0</ele>
    <time>2026-04-19T16:51:45Z</time>
    <extensions>
     <power>240</power>
     <gpxtpx:TrackPointExtension>
      <gpxtpx:hr>172</gpxtpx:hr>
     </gpxtpx:TrackPointExtension>
    </extensions>
   </trkpt>
   <trkpt lat="49.2917480" lon="-123.1326570">
    <ele>9.0</ele>
    <time>2026-04-19T16:51:46Z</time>
    <extensions>
     <power>240</power>
     <gpxtpx:TrackPointExtension>
      <gpxtpx:hr>172</gpxtpx:hr>
     </gpxtpx:TrackPointExtension>
    </extensions>
   </trkpt>
   <trkpt lat="49.2917600" lon="-123.1326730">
    <ele>9.0</ele>
    <time>2026-04-19T16:51:47Z</time>
    <extensions>
     <power>240</power>
     <gpxtpx:TrackPointExtension>
      <gpxtpx:hr>172</gpxtpx:hr>
     </gpxtpx:TrackPointExtension>
    </extensions>
   </trkpt>
   <trkpt lat="49.2917980" lon="-123.1327320">
    <ele>9.0</ele>
    <time>2026-04-19T16:51:48Z</time>
    <extensions>
     <power>240</power>
     <gpxtpx:TrackPointExtension>
      <gpxtpx:hr>172</gpxtpx:hr>
     </gpxtpx:TrackPointExtension>
    </extensions>
   </trkpt>
   <trkpt lat="49.2918120" lon="-123.1327560">
    <ele>9.0</ele>
    <time>2026-04-19T16:51:49Z</time>
    <extensions>
     <power>240</power>
     <gpxtpx:TrackPointExtension>
      <gpxtpx:hr>172</gpxtpx:hr>
     </gpxtpx:TrackPointExtension>
    </extensions>
   </trkpt>
   <trkpt lat="49.2918270" lon="-123.1327810">
    <ele>9.0</ele>
    <time>2026-04-19T16:51:50Z</time>
    <extensions>
     <power>244</power>
     <gpxtpx:TrackPointExtension>
      <gpxtpx:hr>172</gpxtpx:hr>
     </gpxtpx:TrackPointExtension>
    </extensions>
   </trkpt>
   <trkpt lat="49.2918650" lon="-123.1328460">
    <ele>9.0</ele>
    <time>2026-04-19T16:51:51Z</time>
    <extensions>
     <power>244</power>
     <gpxtpx:TrackPointExtension>
      <gpxtpx:hr>172</gpxtpx:hr>
     </gpxtpx:TrackPointExtension>
    </extensions>
   </trkpt>
   <trkpt lat="49.2918810" lon="-123.1328700">
    <ele>9.0</ele>
    <time>2026-04-19T16:51:52Z</time>
    <extensions>
     <power>244</power>
     <gpxtpx:TrackPointExtension>
      <gpxtpx:hr>172</gpxtpx:hr>
     </gpxtpx:TrackPointExtension>
    </extensions>
   </trkpt>
   <trkpt lat="49.2918960" lon="-123.1328950">
    <ele>9.0</ele>
    <time>2026-04-19T16:51:53Z</time>
    <extensions>
     <power>235</power>
     <gpxtpx:TrackPointExtension>
      <gpxtpx:hr>173</gpxtpx:hr>
     </gpxtpx:TrackPointExtension>
    </extensions>
   </trkpt>
   <trkpt lat="49.2919300" lon="-123.1329450">
    <ele>9.0</ele>
    <time>2026-04-19T16:51:54Z</time>
    <extensions>
     <power>235</power>
     <gpxtpx:TrackPointExtension>
      <gpxtpx:hr>173</gpxtpx:hr>
     </gpxtpx:TrackPointExtension>
    </extensions>
   </trkpt>
   <trkpt lat="49.2919410" lon="-123.1329620">
    <ele>9.0</ele>
    <time>2026-04-19T16:51:55Z</time>
    <extensions>
     <power>238</power>
     <gpxtpx:TrackPointExtension>
      <gpxtpx:hr>174</gpxtpx:hr>
     </gpxtpx:TrackPointExtension>
    </extensions>
   </trkpt>
   <trkpt lat="49.2919800" lon="-123.1330190">
    <ele>9.2</ele>
    <time>2026-04-19T16:51:56Z</time>
    <extensions>
     <power>238</power>
     <gpxtpx:TrackPointExtension>
      <gpxtpx:hr>174</gpxtpx:hr>
     </gpxtpx:TrackPointExtension>
    </extensions>
   </trkpt>
   <trkpt lat="49.2919950" lon="-123.1330420">
    <ele>9.2</ele>
    <time>2026-04-19T16:51:57Z</time>
    <extensions>
     <power>238</power>
     <gpxtpx:TrackPointExtension>
      <gpxtpx:hr>174</gpxtpx:hr>
     </gpxtpx:TrackPointExtension>
    </extensions>
   </trkpt>
   <trkpt lat="49.2920110" lon="-123.1330650">
    <ele>9.0</ele>
    <time>2026-04-19T16:51:58Z</time>
    <extensions>
     <power>240</power>
     <gpxtpx:TrackPointExtension>
      <gpxtpx:hr>174</gpxtpx:hr>
     </gpxtpx:TrackPointExtension>
    </extensions>
   </trkpt>
   <trkpt lat="49.2920480" lon="-123.1331150">
    <ele>9.0</ele>
    <time>2026-04-19T16:51:59Z</time>
    <extensions>
     <power>240</power>
     <gpxtpx:TrackPointExtension>
      <gpxtpx:hr>174</gpxtpx:hr>
     </gpxtpx:TrackPointExtension>
    </extensions>
   </trkpt>
   <trkpt lat="49.2920600" lon="-123.1331320">
    <ele>9.0</ele>
    <time>2026-04-19T16:52:00Z</time>
    <extensions>
     <power>245</power>
     <gpxtpx:TrackPointExtension>
      <gpxtpx:hr>174</gpxtpx:hr>
     </gpxtpx:TrackPointExtension>
    </extensions>
   </trkpt>
   <trkpt lat="49.2920990" lon="-123.1331860">
    <ele>9.0</ele>
    <time>2026-04-19T16:52:01Z</time>
    <extensions>
     <power>245</power>
     <gpxtpx:TrackPointExtension>
      <gpxtpx:hr>174</gpxtpx:hr>
     </gpxtpx:TrackPointExtension>
    </extensions>
   </trkpt>
   <trkpt lat="49.2921150" lon="-123.1332070">
    <ele>9.0</ele>
    <time>2026-04-19T16:52:02Z</time>
    <extensions>
     <power>245</power>
     <gpxtpx:TrackPointExtension>
      <gpxtpx:hr>174</gpxtpx:hr>
     </gpxtpx:TrackPointExtension>
    </extensions>
   </trkpt>
   <trkpt lat="49.2921300" lon="-123.1332290">
    <ele>9.0</ele>
    <time>2026-04-19T16:52:03Z</time>
    <extensions>
     <power>250</power>
     <gpxtpx:TrackPointExtension>
      <gpxtpx:hr>174</gpxtpx:hr>
     </gpxtpx:TrackPointExtension>
    </extensions>
   </trkpt>
   <trkpt lat="49.2921610" lon="-123.1332790">
    <ele>9.0</ele>
    <time>2026-04-19T16:52:04Z</time>
    <extensions>
     <power>250</power>
     <gpxtpx:TrackPointExtension>
      <gpxtpx:hr>174</gpxtpx:hr>
     </gpxtpx:TrackPointExtension>
    </extensions>
   </trkpt>
   <trkpt lat="49.2921720" lon="-123.1332960">
    <ele>9.0</ele>
    <time>2026-04-19T16:52:05Z</time>
    <extensions>
     <power>252</power>
     <gpxtpx:TrackPointExtension>
      <gpxtpx:hr>174</gpxtpx:hr>
     </gpxtpx:TrackPointExtension>
    </extensions>
   </trkpt>
   <trkpt lat="49.2922050" lon="-123.1333520">
    <ele>9.0</ele>
    <time>2026-04-19T16:52:06Z</time>
    <extensions>
     <power>252</power>
     <gpxtpx:TrackPointExtension>
      <gpxtpx:hr>174</gpxtpx:hr>
     </gpxtpx:TrackPointExtension>
    </extensions>
   </trkpt>
   <trkpt lat="49.2922180" lon="-123.1333750">
    <ele>9.0</ele>
    <time>2026-04-19T16:52:07Z</time>
    <extensions>
     <power>252</power>
     <gpxtpx:TrackPointExtension>
      <gpxtpx:hr>174</gpxtpx:hr>
     </gpxtpx:TrackPointExtension>
    </extensions>
   </trkpt>
   <trkpt lat="49.2922310" lon="-123.1333970">
    <ele>9.0</ele>
    <time>2026-04-19T16:52:08Z</time>
    <extensions>
     <power>252</power>
     <gpxtpx:TrackPointExtension>
      <gpxtpx:hr>174</gpxtpx:hr>
     </gpxtpx:TrackPointExtension>
    </extensions>
   </trkpt>
   <trkpt lat="49.2922600" lon="-123.1334480">
    <ele>9.0</ele>
    <time>2026-04-19T16:52:09Z</time>
    <extensions>
     <power>252</power>
     <gpxtpx:TrackPointExtension>
      <gpxtpx:hr>174</gpxtpx:hr>
     </gpxtpx:TrackPointExtension>
    </extensions>
   </trkpt>
   <trkpt lat="49.2922690" lon="-123.1334660">
    <ele>9.0</ele>
    <time>2026-04-19T16:52:10Z</time>
    <extensions>
     <power>252</power>
     <gpxtpx:TrackPointExtension>
      <gpxtpx:hr>174</gpxtpx:hr>
     </gpxtpx:TrackPointExtension>
    </extensions>
   </trkpt>
   <trkpt lat="49.2922980" lon="-123.1335280">
    <ele>9.0</ele>
    <time>2026-04-19T16:52:11Z</time>
    <extensions>
     <power>252</power>
     <gpxtpx:TrackPointExtension>
      <gpxtpx:hr>174</gpxtpx:hr>
     </gpxtpx:TrackPointExtension>
    </extensions>
   </trkpt>
   <trkpt lat="49.2923090" lon="-123.1335540">
    <ele>9.0</ele>
    <time>2026-04-19T16:52:12Z</time>
    <extensions>
     <power>252</power>
     <gpxtpx:TrackPointExtension>
      <gpxtpx:hr>174</gpxtpx:hr>
     </gpxtpx:TrackPointExtension>
    </extensions>
   </trkpt>
   <trkpt lat="49.2923200" lon="-123.1335800">
    <ele>9.0</ele>
    <time>2026-04-19T16:52:13Z</time>
    <extensions>
     <power>252</power>
     <gpxtpx:TrackPointExtension>
      <gpxtpx:hr>174</gpxtpx:hr>
     </gpxtpx:TrackPointExtension>
    </extensions>
   </trkpt>
   <trkpt lat="49.2923400" lon="-123.1336480">
    <ele>9.0</ele>
    <time>2026-04-19T16:52:14Z</time>
    <extensions>
     <power>252</power>
     <gpxtpx:TrackPointExtension>
      <gpxtpx:hr>174</gpxtpx:hr>
     </gpxtpx:TrackPointExtension>
    </extensions>
   </trkpt>
   <trkpt lat="49.2923460" lon="-123.1336750">
    <ele>9.0</ele>
    <time>2026-04-19T16:52:15Z</time>
    <extensions>
     <power>252</power>
     <gpxtpx:TrackPointExtension>
      <gpxtpx:hr>174</gpxtpx:hr>
     </gpxtpx:TrackPointExtension>
    </extensions>
   </trkpt>
   <trkpt lat="49.2923530" lon="-123.1337030">
    <ele>9.2</ele>
    <time>2026-04-19T16:52:16Z</time>
    <extensions>
     <power>253</power>
     <gpxtpx:TrackPointExtension>
      <gpxtpx:hr>174</gpxtpx:hr>
     </gpxtpx:TrackPointExtension>
    </extensions>
   </trkpt>
   <trkpt lat="49.2923620" lon="-123.1337680">
    <ele>9.2</ele>
    <time>2026-04-19T16:52:17Z</time>
    <extensions>
     <power>253</power>
     <gpxtpx:TrackPointExtension>
      <gpxtpx:hr>174</gpxtpx:hr>
     </gpxtpx:TrackPointExtension>
    </extensions>
   </trkpt>
   <trkpt lat="49.2923640" lon="-123.1337900">
    <ele>9.2</ele>
    <time>2026-04-19T16:52:18Z</time>
    <extensions>
     <power>253</power>
     <gpxtpx:TrackPointExtension>
      <gpxtpx:hr>174</gpxtpx:hr>
     </gpxtpx:TrackPointExtension>
    </extensions>
   </trkpt>
   <trkpt lat="49.2923650" lon="-123.1338570">
    <ele>9.2</ele>
    <time>2026-04-19T16:52:19Z</time>
    <extensions>
     <power>253</power>
     <gpxtpx:TrackPointExtension>
      <gpxtpx:hr>174</gpxtpx:hr>
     </gpxtpx:TrackPointExtension>
    </extensions>
   </trkpt>
   <trkpt lat="49.2923630" lon="-123.1338830">
    <ele>9.2</ele>
    <time>2026-04-19T16:52:20Z</time>
    <extensions>
     <power>253</power>
     <gpxtpx:TrackPointExtension>
      <gpxtpx:hr>174</gpxtpx:hr>
     </gpxtpx:TrackPointExtension>
    </extensions>
   </trkpt>
   <trkpt lat="49.2923620" lon="-123.1339080">
    <ele>9.4</ele>
    <time>2026-04-19T16:52:21Z</time>
    <extensions>
     <power>250</power>
     <gpxtpx:TrackPointExtension>
      <gpxtpx:hr>174</gpxtpx:hr>
     </gpxtpx:TrackPointExtension>
    </extensions>
   </trkpt>
   <trkpt lat="49.2923490" lon="-123.1339600">
    <ele>9.4</ele>
    <time>2026-04-19T16:52:22Z</time>
    <extensions>
     <power>250</power>
     <gpxtpx:TrackPointExtension>
      <gpxtpx:hr>174</gpxtpx:hr>
     </gpxtpx:TrackPointExtension>
    </extensions>
   </trkpt>
   <trkpt lat="49.2923430" lon="-123.1339760">
    <ele>9.4</ele>
    <time>2026-04-19T16:52:23Z</time>
    <extensions>
     <power>243</power>
     <gpxtpx:TrackPointExtension>
      <gpxtpx:hr>174</gpxtpx:hr>
     </gpxtpx:TrackPointExtension>
    </extensions>
   </trkpt>
   <trkpt lat="49.2923160" lon="-123.1340300">
    <ele>9.6</ele>
    <time>2026-04-19T16:52:24Z</time>
    <extensions>
     <power>243</power>
     <gpxtpx:TrackPointExtension>
      <gpxtpx:hr>174</gpxtpx:hr>
     </gpxtpx:TrackPointExtension>
    </extensions>
   </trkpt>
   <trkpt lat="49.2923040" lon="-123.1340510">
    <ele>9.6</ele>
    <time>2026-04-19T16:52:25Z</time>
    <extensions>
     <power>243</power>
     <gpxtpx:TrackPointExtension>
      <gpxtpx:hr>174</gpxtpx:hr>
     </gpxtpx:TrackPointExtension>
    </extensions>
   </trkpt>
   <trkpt lat="49.2922920" lon="-123.1340720">
    <ele>9.6</ele>
    <time>2026-04-19T16:52:26Z</time>
    <extensions>
     <power>212</power>
     <gpxtpx:TrackPointExtension>
      <gpxtpx:hr>174</gpxtpx:hr>
     </gpxtpx:TrackPointExtension>
    </extensions>
   </trkpt>
   <trkpt lat="49.2922640" lon="-123.1341160">
    <ele>9.8</ele>
    <time>2026-04-19T16:52:27Z</time>
    <extensions>
     <power>212</power>
     <gpxtpx:TrackPointExtension>
      <gpxtpx:hr>174</gpxtpx:hr>
     </gpxtpx:TrackPointExtension>
    </extensions>
   </trkpt>
   <trkpt lat="49.2922540" lon="-123.1341300">
    <ele>9.8</ele>
    <time>2026-04-19T16:52:28Z</time>
    <extensions>
     <power>224</power>
     <gpxtpx:TrackPointExtension>
      <gpxtpx:hr>174</gpxtpx:hr>
     </gpxtpx:TrackPointExtension>
    </extensions>
   </trkpt>
   <trkpt lat="49.2922210" lon="-123.1341800">
    <ele>10.0</ele>
    <time>2026-04-19T16:52:29Z</time>
    <extensions>
     <power>224</power>
     <gpxtpx:TrackPointExtension>
      <gpxtpx:hr>174</gpxtpx:hr>
     </gpxtpx:TrackPointExtension>
    </extensions>
   </trkpt>
   <trkpt lat="49.2922070" lon="-123.1341990">
    <ele>10.0</ele>
    <time>2026-04-19T16:52:30Z</time>
    <extensions>
     <power>224</power>
     <gpxtpx:TrackPointExtension>
      <gpxtpx:hr>174</gpxtpx:hr>
     </gpxtpx:TrackPointExtension>
    </extensions>
   </trkpt>
   <trkpt lat="49.2921940" lon="-123.1342190">
    <ele>10.0</ele>
    <time>2026-04-19T16:52:31Z</time>
    <extensions>
     <power>203</power>
     <gpxtpx:TrackPointExtension>
      <gpxtpx:hr>174</gpxtpx:hr>
     </gpxtpx:TrackPointExtension>
    </extensions>
   </trkpt>
   <trkpt lat="49.2921660" lon="-123.1342660">
    <ele>10.2</ele>
    <time>2026-04-19T16:52:32Z</time>
    <extensions>
     <power>203</power>
     <gpxtpx:TrackPointExtension>
      <gpxtpx:hr>174</gpxtpx:hr>
     </gpxtpx:TrackPointExtension>
    </extensions>
   </trkpt>
   <trkpt lat="49.2921560" lon="-123.1342810">
    <ele>10.2</ele>
    <time>2026-04-19T16:52:33Z</time>
    <extensions>
     <power>196</power>
     <gpxtpx:TrackPointExtension>
      <gpxtpx:hr>174</gpxtpx:hr>
     </gpxtpx:TrackPointExtension>
    </extensions>
   </trkpt>
   <trkpt lat="49.2921230" lon="-123.1343370">
    <ele>10.4</ele>
    <time>2026-04-19T16:52:34Z</time>
    <extensions>
     <power>196</power>
     <gpxtpx:TrackPointExtension>
      <gpxtpx:hr>174</gpxtpx:hr>
     </gpxtpx:TrackPointExtension>
    </extensions>
   </trkpt>
   <trkpt lat="49.2921090" lon="-123.1343580">
    <ele>10.4</ele>
    <time>2026-04-19T16:52:35Z</time>
    <extensions>
     <power>196</power>
     <gpxtpx:TrackPointExtension>
      <gpxtpx:hr>174</gpxtpx:hr>
     </gpxtpx:TrackPointExtension>
    </extensions>
   </trkpt>
   <trkpt lat="49.2920960" lon="-123.1343800">
    <ele>10.4</ele>
    <time>2026-04-19T16:52:36Z</time>
    <extensions>
     <power>208</power>
     <gpxtpx:TrackPointExtension>
      <gpxtpx:hr>174</gpxtpx:hr>
     </gpxtpx:TrackPointExtension>
    </extensions>
   </trkpt>
   <trkpt lat="49.2920650" lon="-123.1344300">
    <ele>10.4</ele>
    <time>2026-04-19T16:52:37Z</time>
    <extensions>
     <power>208</power>
     <gpxtpx:TrackPointExtension>
      <gpxtpx:hr>174</gpxtpx:hr>
     </gpxtpx:TrackPointExtension>
    </extensions>
   </trkpt>
   <trkpt lat="49.2920520" lon="-123.1344490">
    <ele>10.6</ele>
    <time>2026-04-19T16:52:38Z</time>
    <extensions>
     <power>208</power>
     <gpxtpx:TrackPointExtension>
      <gpxtpx:hr>174</gpxtpx:hr>
     </gpxtpx:TrackPointExtension>
    </extensions>
   </trkpt>
   <trkpt lat="49.2920400" lon="-123.1344690">
    <ele>10.6</ele>
    <time>2026-04-19T16:52:39Z</time>
    <extensions>
     <power>214</power>
     <gpxtpx:TrackPointExtension>
      <gpxtpx:hr>174</gpxtpx:hr>
     </gpxtpx:TrackPointExtension>
    </extensions>
   </trkpt>
   <trkpt lat="49.2920120" lon="-123.1345130">
    <ele>10.6</ele>
    <time>2026-04-19T16:52:40Z</time>
    <extensions>
     <power>214</power>
     <gpxtpx:TrackPointExtension>
      <gpxtpx:hr>174</gpxtpx:hr>
     </gpxtpx:TrackPointExtension>
    </extensions>
   </trkpt>
   <trkpt lat="49.2920020" lon="-123.1345280">
    <ele>10.6</ele>
    <time>2026-04-19T16:52:41Z</time>
    <extensions>
     <power>221</power>
     <gpxtpx:TrackPointExtension>
      <gpxtpx:hr>174</gpxtpx:hr>
     </gpxtpx:TrackPointExtension>
    </extensions>
   </trkpt>
   <trkpt lat="49.2919700" lon="-123.1345790">
    <ele>10.8</ele>
    <time>2026-04-19T16:52:42Z</time>
    <extensions>
     <power>221</power>
     <gpxtpx:TrackPointExtension>
      <gpxtpx:hr>174</gpxtpx:hr>
     </gpxtpx:TrackPointExtension>
    </extensions>
   </trkpt>
   <trkpt lat="49.2919580" lon="-123.1345990">
    <ele>10.8</ele>
    <time>2026-04-19T16:52:43Z</time>
    <extensions>
     <power>221</power>
     <gpxtpx:TrackPointExtension>
      <gpxtpx:hr>174</gpxtpx:hr>
     </gpxtpx:TrackPointExtension>
    </extensions>
   </trkpt>
   <trkpt lat="49.2919460" lon="-123.1346190">
    <ele>10.8</ele>
    <time>2026-04-19T16:52:44Z</time>
    <extensions>
     <power>232</power>
     <gpxtpx:TrackPointExtension>
      <gpxtpx:hr>174</gpxtpx:hr>
     </gpxtpx:TrackPointExtension>
    </extensions>
   </trkpt>
   <trkpt lat="49.2919210" lon="-123.1346630">
    <ele>10.8</ele>
    <time>2026-04-19T16:52:45Z</time>
    <extensions>
     <power>232</power>
     <gpxtpx:TrackPointExtension>
      <gpxtpx:hr>174</gpxtpx:hr>
     </gpxtpx:TrackPointExtension>
    </extensions>
   </trkpt>
   <trkpt lat="49.2919120" lon="-123.1346780">
    <ele>11.0</ele>
    <time>2026-04-19T16:52:46Z</time>
    <extensions>
     <power>233</power>
     <gpxtpx:TrackPointExtension>
      <gpxtpx:hr>174</gpxtpx:hr>
     </gpxtpx:TrackPointExtension>
    </extensions>
   </trkpt>
   <trkpt lat="49.2918830" lon="-123.1347290">
    <ele>11.0</ele>
    <time>2026-04-19T16:52:47Z</time>
    <extensions>
     <power>233</power>
     <gpxtpx:TrackPointExtension>
      <gpxtpx:hr>174</gpxtpx:hr>
     </gpxtpx:TrackPointExtension>
    </extensions>
   </trkpt>
   <trkpt lat="49.2918710" lon="-123.1347490">
    <ele>11.0</ele>
    <time>2026-04-19T16:52:48Z</time>
    <extensions>
     <power>233</power>
     <gpxtpx:TrackPointExtension>
      <gpxtpx:hr>174</gpxtpx:hr>
     </gpxtpx:TrackPointExtension>
    </extensions>
   </trkpt>
   <trkpt lat="49.2918590" lon="-123.1347700">
    <ele>11.0</ele>
    <time>2026-04-19T16:52:49Z</time>
    <extensions>
     <power>232</power>
     <gpxtpx:TrackPointExtension>
      <gpxtpx:hr>174</gpxtpx:hr>
     </gpxtpx:TrackPointExtension>
    </extensions>
   </trkpt>
   <trkpt lat="49.2918320" lon="-123.1348150">
    <ele>11.2</ele>
    <time>2026-04-19T16:52:50Z</time>
    <extensions>
     <power>232</power>
     <gpxtpx:TrackPointExtension>
      <gpxtpx:hr>174</gpxtpx:hr>
     </gpxtpx:TrackPointExtension>
    </extensions>
   </trkpt>
   <trkpt lat="49.2918230" lon="-123.1348290">
    <ele>11.2</ele>
    <time>2026-04-19T16:52:51Z</time>
    <extensions>
     <power>229</power>
     <gpxtpx:TrackPointExtension>
      <gpxtpx:hr>174</gpxtpx:hr>
     </gpxtpx:TrackPointExtension>
    </extensions>
   </trkpt>
   <trkpt lat="49.2917900" lon="-123.1348780">
    <ele>11.2</ele>
    <time>2026-04-19T16:52:52Z</time>
    <extensions>
     <power>229</power>
     <gpxtpx:TrackPointExtension>
      <gpxtpx:hr>174</gpxtpx:hr>
     </gpxtpx:TrackPointExtension>
    </extensions>
   </trkpt>
   <trkpt lat="49.2917770" lon="-123.1348990">
    <ele>11.4</ele>
    <time>2026-04-19T16:52:53Z</time>
    <extensions>
     <power>229</power>
     <gpxtpx:TrackPointExtension>
      <gpxtpx:hr>174</gpxtpx:hr>
     </gpxtpx:TrackPointExtension>
    </extensions>
   </trkpt>
   <trkpt lat="49.2917630" lon="-123.1349190">
    <ele>11.4</ele>
    <time>2026-04-19T16:52:54Z</time>
    <extensions>
     <power>235</power>
     <gpxtpx:TrackPointExtension>
      <gpxtpx:hr>174</gpxtpx:hr>
     </gpxtpx:TrackPointExtension>
    </extensions>
   </trkpt>
   <trkpt lat="49.2917300" lon="-123.1349650">
    <ele>11.4</ele>
    <time>2026-04-19T16:52:55Z</time>
    <extensions>
     <power>235</power>
     <gpxtpx:TrackPointExtension>
      <gpxtpx:hr>174</gpxtpx:hr>
     </gpxtpx:TrackPointExtension>
    </extensions>
   </trkpt>
   <trkpt lat="49.2917190" lon="-123.1349800">
    <ele>11.4</ele>
    <time>2026-04-19T16:52:56Z</time>
    <extensions>
     <power>239</power>
     <gpxtpx:TrackPointExtension>
      <gpxtpx:hr>174</gpxtpx:hr>
     </gpxtpx:TrackPointExtension>
    </extensions>
   </trkpt>
   <trkpt lat="49.2916840" lon="-123.1350280">
    <ele>11.6</ele>
    <time>2026-04-19T16:52:57Z</time>
    <extensions>
     <power>239</power>
     <gpxtpx:TrackPointExtension>
      <gpxtpx:hr>174</gpxtpx:hr>
     </gpxtpx:TrackPointExtension>
    </extensions>
   </trkpt>
   <trkpt lat="49.2916710" lon="-123.1350460">
    <ele>11.6</ele>
    <time>2026-04-19T16:52:58Z</time>
    <extensions>
     <power>239</power>
     <gpxtpx:TrackPointExtension>
      <gpxtpx:hr>174</gpxtpx:hr>
     </gpxtpx:TrackPointExtension>
    </extensions>
   </trkpt>
   <trkpt lat="49.2916570" lon="-123.1350650">
    <ele>11.6</ele>
    <time>2026-04-19T16:52:59Z</time>
    <extensions>
     <power>242</power>
     <gpxtpx:TrackPointExtension>
      <gpxtpx:hr>174</gpxtpx:hr>
     </gpxtpx:TrackPointExtension>
    </extensions>
   </trkpt>
   <trkpt lat="49.2916240" lon="-123.1351110">
    <ele>11.8</ele>
    <time>2026-04-19T16:53:00Z</time>
    <extensions>
     <power>242</power>
     <gpxtpx:TrackPointExtension>
      <gpxtpx:hr>174</gpxtpx:hr>
     </gpxtpx:TrackPointExtension>
    </extensions>
   </trkpt>
   <trkpt lat="49.2916110" lon="-123.1351310">
    <ele>11.8</ele>
    <time>2026-04-19T16:53:01Z</time>
    <extensions>
     <power>242</power>
     <gpxtpx:TrackPointExtension>
      <gpxtpx:hr>174</gpxtpx:hr>
     </gpxtpx:TrackPointExtension>
    </extensions>
   </trkpt>
   <trkpt lat="49.2915970" lon="-123.1351500">
    <ele>11.8</ele>
    <time>2026-04-19T16:53:02Z</time>
    <extensions>
     <power>243</power>
     <gpxtpx:TrackPointExtension>
      <gpxtpx:hr>174</gpxtpx:hr>
     </gpxtpx:TrackPointExtension>
    </extensions>
   </trkpt>
   <trkpt lat="49.2915660" lon="-123.1351940">
    <ele>12.0</ele>
    <time>2026-04-19T16:53:03Z</time>
    <extensions>
     <power>243</power>
     <gpxtpx:TrackPointExtension>
      <gpxtpx:hr>174</gpxtpx:hr>
     </gpxtpx:TrackPointExtension>
    </extensions>
   </trkpt>
   <trkpt lat="49.2915560" lon="-123.1352080">
    <ele>12.0</ele>
    <time>2026-04-19T16:53:04Z</time>
    <extensions>
     <power>243</power>
     <gpxtpx:TrackPointExtension>
      <gpxtpx:hr>174</gpxtpx:hr>
     </gpxtpx:TrackPointExtension>
    </extensions>
   </trkpt>
   <trkpt lat="49.2915210" lon="-123.1352590">
    <ele>12.2</ele>
    <time>2026-04-19T16:53:05Z</time>
    <extensions>
     <power>243</power>
     <gpxtpx:TrackPointExtension>
      <gpxtpx:hr>174</gpxtpx:hr>
     </gpxtpx:TrackPointExtension>
    </extensions>
   </trkpt>
   <trkpt lat="49.2915080" lon="-123.1352790">
    <ele>12.2</ele>
    <time>2026-04-19T16:53:06Z</time>
    <extensions>
     <power>243</power>
     <gpxtpx:TrackPointExtension>
      <gpxtpx:hr>174</gpxtpx:hr>
     </gpxtpx:TrackPointExtension>
    </extensions>
   </trkpt>
   <trkpt lat="49.2914940" lon="-123.1353000">
    <ele>12.4</ele>
    <time>2026-04-19T16:53:07Z</time>
    <extensions>
     <power>244</power>
     <gpxtpx:TrackPointExtension>
      <gpxtpx:hr>174</gpxtpx:hr>
     </gpxtpx:TrackPointExtension>
    </extensions>
   </trkpt>
   <trkpt lat="49.2914650" lon="-123.1353490">
    <ele>12.4</ele>
    <time>2026-04-19T16:53:08Z</time>
    <extensions>
     <power>244</power>
     <gpxtpx:TrackPointExtension>
      <gpxtpx:hr>174</gpxtpx:hr>
     </gpxtpx:TrackPointExtension>
    </extensions>
   </trkpt>
   <trkpt lat="49.2914550" lon="-123.1353660">
    <ele>12.6</ele>
    <time>2026-04-19T16:53:09Z</time>
    <extensions>
     <power>247</power>
     <gpxtpx:TrackPointExtension>
      <gpxtpx:hr>174</gpxtpx:hr>
     </gpxtpx:TrackPointExtension>
    </extensions>
   </trkpt>
   <trkpt lat="49.2914220" lon="-123.1354270">
    <ele>12.6</ele>
    <time>2026-04-19T16:53:10Z</time>
    <extensions>
     <power>247</power>
     <gpxtpx:TrackPointExtension>
      <gpxtpx:hr>174</gpxtpx:hr>
     </gpxtpx:TrackPointExtension>
    </extensions>
   </trkpt>
   <trkpt lat="49.2914090" lon="-123.1354510">
    <ele>12.6</ele>
    <time>2026-04-19T16:53:11Z</time>
    <extensions>
     <power>247</power>
     <gpxtpx:TrackPointExtension>
      <gpxtpx:hr>174</gpxtpx:hr>
     </gpxtpx:TrackPointExtension>
    </extensions>
   </trkpt>
   <trkpt lat="49.2913960" lon="-123.1354750">
    <ele>12.8</ele>
    <time>2026-04-19T16:53:12Z</time>
    <extensions>
     <power>245</power>
     <gpxtpx:TrackPointExtension>
      <gpxtpx:hr>174</gpxtpx:hr>
     </gpxtpx:TrackPointExtension>
    </extensions>
   </trkpt>
   <trkpt lat="49.2913680" lon="-123.1355290">
    <ele>12.8</ele>
    <time>2026-04-19T16:53:13Z</time>
    <extensions>
     <power>245</power>
     <gpxtpx:TrackPointExtension>
      <gpxtpx:hr>174</gpxtpx:hr>
     </gpxtpx:TrackPointExtension>
    </extensions>
   </trkpt>
   <trkpt lat="49.2913580" lon="-123.1355460">
    <ele>13.0</ele>
    <time>2026-04-19T16:53:14Z</time>
    <extensions>
     <power>244</power>
     <gpxtpx:TrackPointExtension>
      <gpxtpx:hr>174</gpxtpx:hr>
     </gpxtpx:TrackPointExtension>
    </extensions>
   </trkpt>
   <trkpt lat="49.2913260" lon="-123.1356010">
    <ele>13.0</ele>
    <time>2026-04-19T16:53:15Z</time>
    <extensions>
     <power>244</power>
     <gpxtpx:TrackPointExtension>
      <gpxtpx:hr>174</gpxtpx:hr>
     </gpxtpx:TrackPointExtension>
    </extensions>
   </trkpt>
   <trkpt lat="49.2913130" lon="-123.1356220">
    <ele>13.2</ele>
    <time>2026-04-19T16:53:16Z</time>
    <extensions>
     <power>244</power>
     <gpxtpx:TrackPointExtension>
      <gpxtpx:hr>174</gpxtpx:hr>
     </gpxtpx:TrackPointExtension>
    </extensions>
   </trkpt>
   <trkpt lat="49.2913000" lon="-123.1356430">
    <ele>13.2</ele>
    <time>2026-04-19T16:53:17Z</time>
    <extensions>
     <power>240</power>
     <gpxtpx:TrackPointExtension>
      <gpxtpx:hr>174</gpxtpx:hr>
     </gpxtpx:TrackPointExtension>
    </extensions>
   </trkpt>
   <trkpt lat="49.2912700" lon="-123.1356860">
    <ele>13.4</ele>
    <time>2026-04-19T16:53:18Z</time>
    <extensions>
     <power>240</power>
     <gpxtpx:TrackPointExtension>
      <gpxtpx:hr>174</gpxtpx:hr>
     </gpxtpx:TrackPointExtension>
    </extensions>
   </trkpt>
   <trkpt lat="49.2912590" lon="-123.1357000">
    <ele>13.4</ele>
    <time>2026-04-19T16:53:19Z</time>
    <extensions>
     <power>240</power>
     <gpxtpx:TrackPointExtension>
      <gpxtpx:hr>174</gpxtpx:hr>
     </gpxtpx:TrackPointExtension>
    </extensions>
   </trkpt>
   <trkpt lat="49.2912250" lon="-123.1357490">
    <ele>13.6</ele>
    <time>2026-04-19T16:53:20Z</time>
    <extensions>
     <power>240</power>
     <gpxtpx:TrackPointExtension>
      <gpxtpx:hr>174</gpxtpx:hr>
     </gpxtpx:TrackPointExtension>
    </extensions>
   </trkpt>
   <trkpt lat="49.2912120" lon="-123.1357680">
    <ele>13.6</ele>
    <time>2026-04-19T16:53:21Z</time>
    <extensions>
     <power>240</power>
     <gpxtpx:TrackPointExtension>
      <gpxtpx:hr>174</gpxtpx:hr>
     </gpxtpx:TrackPointExtension>
    </extensions>
   </trkpt>
   <trkpt lat="49.2911980" lon="-123.1357880">
    <ele>13.8</ele>
    <time>2026-04-19T16:53:22Z</time>
    <extensions>
     <power>243</power>
     <gpxtpx:TrackPointExtension>
      <gpxtpx:hr>174</gpxtpx:hr>
     </gpxtpx:TrackPointExtension>
    </extensions>
   </trkpt>
   <trkpt lat="49.2911680" lon="-123.1358340">
    <ele>14.0</ele>
    <time>2026-04-19T16:53:23Z</time>
    <extensions>
     <power>243</power>
     <gpxtpx:TrackPointExtension>
      <gpxtpx:hr>174</gpxtpx:hr>
     </gpxtpx:TrackPointExtension>
    </extensions>
   </trkpt>
   <trkpt lat="49.2911570" lon="-123.1358490">
    <ele>14.0</ele>
    <time>2026-04-19T16:53:24Z</time>
    <extensions>
     <power>242</power>
     <gpxtpx:TrackPointExtension>
      <gpxtpx:hr>174</gpxtpx:hr>
     </gpxtpx:TrackPointExtension>
    </extensions>
   </trkpt>
   <trkpt lat="49.2911240" lon="-123.1358990">
    <ele>14.2</ele>
    <time>2026-04-19T16:53:25Z</time>
    <extensions>
     <power>242</power>
     <gpxtpx:TrackPointExtension>
      <gpxtpx:hr>174</gpxtpx:hr>
     </gpxtpx:TrackPointExtension>
    </extensions>
   </trkpt>
   <trkpt lat="49.2911110" lon="-123.1359200">
    <ele>14.4</ele>
    <time>2026-04-19T16:53:26Z</time>
    <extensions>
     <power>242</power>
     <gpxtpx:TrackPointExtension>
      <gpxtpx:hr>174</gpxtpx:hr>
     </gpxtpx:TrackPointExtension>
    </extensions>
   </trkpt>
   <trkpt lat="49.2910970" lon="-123.1359400">
    <ele>14.6</ele>
    <time>2026-04-19T16:53:27Z</time>
    <extensions>
     <power>241</power>
     <gpxtpx:TrackPointExtension>
      <gpxtpx:hr>174</gpxtpx:hr>
     </gpxtpx:TrackPointExtension>
    </extensions>
   </trkpt>
   <trkpt lat="49.2910630" lon="-123.1359890">
    <ele>14.6</ele>
    <time>2026-04-19T16:53:28Z</time>
    <extensions>
     <power>241</power>
     <gpxtpx:TrackPointExtension>
      <gpxtpx:hr>174</gpxtpx:hr>
     </gpxtpx:TrackPointExtension>
    </extensions>
   </trkpt>
   <trkpt lat="49.2910480" lon="-123.1360080">
    <ele>14.8</ele>
    <time>2026-04-19T16:53:29Z</time>
    <extensions>
     <power>241</power>
     <gpxtpx:TrackPointExtension>
      <gpxtpx:hr>174</gpxtpx:hr>
     </gpxtpx:TrackPointExtension>
    </extensions>
   </trkpt>
   <trkpt lat="49.2910340" lon="-123.1360280">
    <ele>15.0</ele>
    <time>2026-04-19T16:53:30Z</time>
    <extensions>
     <power>289</power>
     <gpxtpx:TrackPointExtension>
      <gpxtpx:hr>174</gpxtpx:hr>
     </gpxtpx:TrackPointExtension>
    </extensions>
   </trkpt>
   <trkpt lat="49.2910040" lon="-123.1360750">
    <ele>15.2</ele>
    <time>2026-04-19T16:53:31Z</time>
    <extensions>
     <power>289</power>
     <gpxtpx:TrackPointExtension>
      <gpxtpx:hr>174</gpxtpx:hr>
     </gpxtpx:TrackPointExtension>
    </extensions>
   </trkpt>
   <trkpt lat="49.2909940" lon="-123.1360900">
    <ele>15.4</ele>
    <time>2026-04-19T16:53:32Z</time>
    <extensions>
     <power>292</power>
     <gpxtpx:TrackPointExtension>
      <gpxtpx:hr>174</gpxtpx:hr>
     </gpxtpx:TrackPointExtension>
    </extensions>
   </trkpt>
   <trkpt lat="49.2909600" lon="-123.1361430">
    <ele>15.6</ele>
    <time>2026-04-19T16:53:33Z</time>
    <extensions>
     <power>292</power>
     <gpxtpx:TrackPointExtension>
      <gpxtpx:hr>174</gpxtpx:hr>
     </gpxtpx:TrackPointExtension>
    </extensions>
   </trkpt>
   <trkpt lat="49.2909470" lon="-123.1361640">
    <ele>15.8</ele>
    <time>2026-04-19T16:53:34Z</time>
    <extensions>
     <power>292</power>
     <gpxtpx:TrackPointExtension>
      <gpxtpx:hr>174</gpxtpx:hr>
     </gpxtpx:TrackPointExtension>
    </extensions>
   </trkpt>
   <trkpt lat="49.2909330" lon="-123.1361860">
    <ele>16.0</ele>
    <time>2026-04-19T16:53:35Z</time>
    <extensions>
     <power>305</power>
     <gpxtpx:TrackPointExtension>
      <gpxtpx:hr>174</gpxtpx:hr>
     </gpxtpx:TrackPointExtension>
    </extensions>
   </trkpt>
   <trkpt lat="49.2909020" lon="-123.1362320">
    <ele>16.0</ele>
    <time>2026-04-19T16:53:36Z</time>
    <extensions>
     <power>305</power>
     <gpxtpx:TrackPointExtension>
      <gpxtpx:hr>174</gpxtpx:hr>
     </gpxtpx:TrackPointExtension>
    </extensions>
   </trkpt>
   <trkpt lat="49.2908910" lon="-123.1362470">
    <ele>16.2</ele>
    <time>2026-04-19T16:53:37Z</time>
    <extensions>
     <power>305</power>
     <gpxtpx:TrackPointExtension>
      <gpxtpx:hr>174</gpxtpx:hr>
     </gpxtpx:TrackPointExtension>
    </extensions>
   </trkpt>
   <trkpt lat="49.2908580" lon="-123.1362950">
    <ele>16.4</ele>
    <time>2026-04-19T16:53:38Z</time>
    <extensions>
     <power>305</power>
     <gpxtpx:TrackPointExtension>
      <gpxtpx:hr>174</gpxtpx:hr>
     </gpxtpx:TrackPointExtension>
    </extensions>
   </trkpt>
   <trkpt lat="49.2908440" lon="-123.1363130">
    <ele>16.4</ele>
    <time>2026-04-19T16:53:39Z</time>
    <extensions>
     <power>305</power>
     <gpxtpx:TrackPointExtension>
      <gpxtpx:hr>174</gpxtpx:hr>
     </gpxtpx:TrackPointExtension>
    </extensions>
   </trkpt>
   <trkpt lat="49.2908310" lon="-123.1363320">
    <ele>16.6</ele>
    <time>2026-04-19T16:53:40Z</time>
    <extensions>
     <power>297</power>
     <gpxtpx:TrackPointExtension>
      <gpxtpx:hr>174</gpxtpx:hr>
     </gpxtpx:TrackPointExtension>
    </extensions>
   </trkpt>
   <trkpt lat="49.2908030" lon="-123.1363740">
    <ele>16.6</ele>
    <time>2026-04-19T16:53:41Z</time>
    <extensions>
     <power>297</power>
     <gpxtpx:TrackPointExtension>
      <gpxtpx:hr>174</gpxtpx:hr>
     </gpxtpx:TrackPointExtension>
    </extensions>
   </trkpt>
   <trkpt lat="49.2907930" lon="-123.1363870">
    <ele>16.8</ele>
    <time>2026-04-19T16:53:42Z</time>
    <extensions>
     <power>286</power>
     <gpxtpx:TrackPointExtension>
      <gpxtpx:hr>174</gpxtpx:hr>
     </gpxtpx:TrackPointExtension>
    </extensions>
   </trkpt>
   <trkpt lat="49.2907610" lon="-123.1364310">
    <ele>17.0</ele>
    <time>2026-04-19T16:53:43Z</time>
    <extensions>
     <power>286</power>
     <gpxtpx:TrackPointExtension>
      <gpxtpx:hr>174</gpxtpx:hr>
     </gpxtpx:TrackPointExtension>
    </extensions>
   </trkpt>
   <trkpt lat="49.2907480" lon="-123.1364480">
    <ele>17.0</ele>
    <time>2026-04-19T16:53:44Z</time>
    <extensions>
     <power>286</power>
     <gpxtpx:TrackPointExtension>
      <gpxtpx:hr>174</gpxtpx:hr>
     </gpxtpx:TrackPointExtension>
    </extensions>
   </trkpt>
   <trkpt lat="49.2907350" lon="-123.1364650">
    <ele>17.2</ele>
    <time>2026-04-19T16:53:45Z</time>
    <extensions>
     <power>277</power>
     <gpxtpx:TrackPointExtension>
      <gpxtpx:hr>174</gpxtpx:hr>
     </gpxtpx:TrackPointExtension>
    </extensions>
   </trkpt>
   <trkpt lat="49.2907070" lon="-123.1365060">
    <ele>17.2</ele>
    <time>2026-04-19T16:53:46Z</time>
    <extensions>
     <power>277</power>
     <gpxtpx:TrackPointExtension>
      <gpxtpx:hr>174</gpxtpx:hr>
     </gpxtpx:TrackPointExtension>
    </extensions>
   </trkpt>
   <trkpt lat="49.2906980" lon="-123.1365200">
    <ele>17.2</ele>
    <time>2026-04-19T16:53:47Z</time>
    <extensions>
     <power>269</power>
     <gpxtpx:TrackPointExtension>
      <gpxtpx:hr>174</gpxtpx:hr>
     </gpxtpx:TrackPointExtension>
    </extensions>
   </trkpt>
   <trkpt lat="49.2906700" lon="-123.1365730">
    <ele>17.4</ele>
    <time>2026-04-19T16:53:48Z</time>
    <extensions>
     <power>269</power>
     <gpxtpx:TrackPointExtension>
      <gpxtpx:hr>174</gpxtpx:hr>
     </gpxtpx:TrackPointExtension>
    </extensions>
   </trkpt>
   <trkpt lat="49.2906590" lon="-123.1365940">
    <ele>17.4</ele>
    <time>2026-04-19T16:53:49Z</time>
    <extensions>
     <power>269</power>
     <gpxtpx:TrackPointExtension>
      <gpxtpx:hr>174</gpxtpx:hr>
     </gpxtpx:TrackPointExtension>
    </extensions>
   </trkpt>
   <trkpt lat="49.2906470" lon="-123.1366160">
    <ele>17.4</ele>
    <time>2026-04-19T16:53:50Z</time>
    <extensions>
     <power>267</power>
     <gpxtpx:TrackPointExtension>
      <gpxtpx:hr>174</gpxtpx:hr>
     </gpxtpx:TrackPointExtension>
    </extensions>
   </trkpt>
   <trkpt lat="49.2906150" lon="-123.1366680">
    <ele>17.4</ele>
    <time>2026-04-19T16:53:51Z</time>
    <extensions>
     <power>267</power>
     <gpxtpx:TrackPointExtension>
      <gpxtpx:hr>174</gpxtpx:hr>
     </gpxtpx:TrackPointExtension>
    </extensions>
   </trkpt>
   <trkpt lat="49.2906020" lon="-123.1366880">
    <ele>17.4</ele>
    <time>2026-04-19T16:53:52Z</time>
    <extensions>
     <power>267</power>
     <gpxtpx:TrackPointExtension>
      <gpxtpx:hr>174</gpxtpx:hr>
     </gpxtpx:TrackPointExtension>
    </extensions>
   </trkpt>
   <trkpt lat="49.2905880" lon="-123.1367090">
    <ele>17.4</ele>
    <time>2026-04-19T16:53:53Z</time>
    <extensions>
     <power>264</power>
     <gpxtpx:TrackPointExtension>
      <gpxtpx:hr>174</gpxtpx:hr>
     </gpxtpx:TrackPointExtension>
    </extensions>
   </trkpt>
   <trkpt lat="49.2905590" lon="-123.1367540">
    <ele>17.4</ele>
    <time>2026-04-19T16:53:54Z</time>
    <extensions>
     <power>264</power>
     <gpxtpx:TrackPointExtension>
      <gpxtpx:hr>174</gpxtpx:hr>
     </gpxtpx:TrackPointExtension>
    </extensions>
   </trkpt>
   <trkpt lat="49.2905490" lon="-123.1367680">
    <ele>17.4</ele>
    <time>2026-04-19T16:53:55Z</time>
    <extensions>
     <power>251</power>
     <gpxtpx:TrackPointExtension>
      <gpxtpx:hr>174</gpxtpx:hr>
     </gpxtpx:TrackPointExtension>
    </extensions>
   </trkpt>
   <trkpt lat="49.2905160" lon="-123.1368160">
    <ele>17.4</ele>
    <time>2026-04-19T16:53:56Z</time>
    <extensions>
     <power>251</power>
     <gpxtpx:TrackPointExtension>
      <gpxtpx:hr>174</gpxtpx:hr>
     </gpxtpx:TrackPointExtension>
    </extensions>
   </trkpt>
   <trkpt lat="49.2905030" lon="-123.1368360">
    <ele>17.4</ele>
    <time>2026-04-19T16:53:57Z</time>
    <extensions>
     <power>251</power>
     <gpxtpx:TrackPointExtension>
      <gpxtpx:hr>174</gpxtpx:hr>
     </gpxtpx:TrackPointExtension>
    </extensions>
   </trkpt>
   <trkpt lat="49.2904900" lon="-123.1368550">
    <ele>17.4</ele>
    <time>2026-04-19T16:53:58Z</time>
    <extensions>
     <power>247</power>
     <gpxtpx:TrackPointExtension>
      <gpxtpx:hr>174</gpxtpx:hr>
     </gpxtpx:TrackPointExtension>
    </extensions>
   </trkpt>
   <trkpt lat="49.2904620" lon="-123.1368990">
    <ele>17.4</ele>
    <time>2026-04-19T16:53:59Z</time>
    <extensions>
     <power>247</power>
     <gpxtpx:TrackPointExtension>
      <gpxtpx:hr>174</gpxtpx:hr>
     </gpxtpx:TrackPointExtension>
    </extensions>
   </trkpt>
   <trkpt lat="49.2904520" lon="-123.1369130">
    <ele>17.4</ele>
    <time>2026-04-19T16:54:00Z</time>
    <extensions>
     <power>242</power>
     <gpxtpx:TrackPointExtension>
      <gpxtpx:hr>174</gpxtpx:hr>
     </gpxtpx:TrackPointExtension>
    </extensions>
   </trkpt>
   <trkpt lat="49.2904190" lon="-123.1369610">
    <ele>17.4</ele>
    <time>2026-04-19T16:54:01Z</time>
    <extensions>
     <power>242</power>
     <gpxtpx:TrackPointExtension>
      <gpxtpx:hr>174</gpxtpx:hr>
     </gpxtpx:TrackPointExtension>
    </extensions>
   </trkpt>
   <trkpt lat="49.2904060" lon="-123.1369810">
    <ele>17.4</ele>
    <time>2026-04-19T16:54:02Z</time>
    <extensions>
     <power>242</power>
     <gpxtpx:TrackPointExtension>
      <gpxtpx:hr>174</gpxtpx:hr>
     </gpxtpx:TrackPointExtension>
    </extensions>
   </trkpt>
   <trkpt lat="49.2903930" lon="-123.1370000">
    <ele>17.4</ele>
    <time>2026-04-19T16:54:03Z</time>
    <extensions>
     <power>239</power>
     <gpxtpx:TrackPointExtension>
      <gpxtpx:hr>174</gpxtpx:hr>
     </gpxtpx:TrackPointExtension>
    </extensions>
   </trkpt>
   <trkpt lat="49.2903630" lon="-123.1370440">
    <ele>17.4</ele>
    <time>2026-04-19T16:54:04Z</time>
    <extensions>
     <power>239</power>
     <gpxtpx:TrackPointExtension>
      <gpxtpx:hr>174</gpxtpx:hr>
     </gpxtpx:TrackPointExtension>
    </extensions>
   </trkpt>
   <trkpt lat="49.2903530" lon="-123.1370590">
    <ele>17.2</ele>
    <time>2026-04-19T16:54:05Z</time>
    <extensions>
     <power>231</power>
     <gpxtpx:TrackPointExtension>
      <gpxtpx:hr>174</gpxtpx:hr>
     </gpxtpx:TrackPointExtension>
    </extensions>
   </trkpt>
   <trkpt lat="49.2903340" lon="-123.1370880">
    <ele>17.2</ele>
    <time>2026-04-19T16:54:06Z</time>
    <extensions>
     <power>231</power>
     <gpxtpx:TrackPointExtension>
      <gpxtpx:hr>174</gpxtpx:hr>
     </gpxtpx:TrackPointExtension>
    </extensions>
   </trkpt>
   <trkpt lat="49.2903150" lon="-123.1371170">
    <ele>17.2</ele>
    <time>2026-04-19T16:54:07Z</time>
    <extensions>
     <power>231</power>
     <gpxtpx:TrackPointExtension>
      <gpxtpx:hr>174</gpxtpx:hr>
     </gpxtpx:TrackPointExtension>
    </extensions>
   </trkpt>
   <trkpt lat="49.2902960" lon="-123.1371450">
    <ele>17.2</ele>
    <time>2026-04-19T16:54:08Z</time>
    <extensions>
     <power>213</power>
     <gpxtpx:TrackPointExtension>
      <gpxtpx:hr>174</gpxtpx:hr>
     </gpxtpx:TrackPointExtension>
    </extensions>
   </trkpt>
   <trkpt lat="49.2902770" lon="-123.1371730">
    <ele>17.2</ele>
    <time>2026-04-19T16:54:09Z</time>
    <extensions>
     <power>213</power>
     <gpxtpx:TrackPointExtension>
      <gpxtpx:hr>174</gpxtpx:hr>
     </gpxtpx:TrackPointExtension>
    </extensions>
   </trkpt>
   <trkpt lat="49.2902590" lon="-123.1372000">
    <ele>17.2</ele>
    <time>2026-04-19T16:54:10Z</time>
    <extensions>
     <power>198</power>
     <gpxtpx:TrackPointExtension>
      <gpxtpx:hr>174</gpxtpx:hr>
     </gpxtpx:TrackPointExtension>
    </extensions>
   </trkpt>
   <trkpt lat="49.2902400" lon="-123.1372290">
    <ele>17.2</ele>
    <time>2026-04-19T16:54:11Z</time>
    <extensions>
     <power>198</power>
     <gpxtpx:TrackPointExtension>
      <gpxtpx:hr>168</gpxtpx:hr>
     </gpxtpx:TrackPointExtension>
    </extensions>
   </trkpt>
   <trkpt lat="49.2902210" lon="-123.1372570">
    <ele>17.0</ele>
    <time>2026-04-19T16:54:12Z</time>
    <extensions>
     <power>198</power>
     <gpxtpx:TrackPointExtension>
      <gpxtpx:hr>168</gpxtpx:hr>
     </gpxtpx:TrackPointExtension>
    </extensions>
   </trkpt>
   <trkpt lat="49.2902020" lon="-123.1372860">
    <ele>17.0</ele>
    <time>2026-04-19T16:54:13Z</time>
    <extensions>
     <power>183</power>
     <gpxtpx:TrackPointExtension>
      <gpxtpx:hr>168</gpxtpx:hr>
     </gpxtpx:TrackPointExtension>
    </extensions>
   </trkpt>
   <trkpt lat="49.2901700" lon="-123.1373360">
    <ele>17.0</ele>
    <time>2026-04-19T16:54:14Z</time>
    <extensions>
     <power>183</power>
     <gpxtpx:TrackPointExtension>
      <gpxtpx:hr>168</gpxtpx:hr>
     </gpxtpx:TrackPointExtension>
    </extensions>
   </trkpt>
   <trkpt lat="49.2901570" lon="-123.1373550">
    <ele>17.0</ele>
    <time>2026-04-19T16:54:15Z</time>
    <extensions>
     <power>183</power>
     <gpxtpx:TrackPointExtension>
      <gpxtpx:hr>168</gpxtpx:hr>
     </gpxtpx:TrackPointExtension>
    </extensions>
   </trkpt>
   <trkpt lat="49.2901440" lon="-123.1373750">
    <ele>17.0</ele>
    <time>2026-04-19T16:54:16Z</time>
    <extensions>
     <power>186</power>
     <gpxtpx:TrackPointExtension>
      <gpxtpx:hr>168</gpxtpx:hr>
     </gpxtpx:TrackPointExtension>
    </extensions>
   </trkpt>
   <trkpt lat="49.2901160" lon="-123.1374200">
    <ele>17.0</ele>
    <time>2026-04-19T16:54:17Z</time>
    <extensions>
     <power>186</power>
     <gpxtpx:TrackPointExtension>
      <gpxtpx:hr>168</gpxtpx:hr>
     </gpxtpx:TrackPointExtension>
    </extensions>
   </trkpt>
   <trkpt lat="49.2901060" lon="-123.1374340">
    <ele>16.8</ele>
    <time>2026-04-19T16:54:18Z</time>
    <extensions>
     <power>194</power>
     <gpxtpx:TrackPointExtension>
      <gpxtpx:hr>168</gpxtpx:hr>
     </gpxtpx:TrackPointExtension>
    </extensions>
   </trkpt>
   <trkpt lat="49.2900750" lon="-123.1374820">
    <ele>16.8</ele>
    <time>2026-04-19T16:54:19Z</time>
    <extensions>
     <power>194</power>
     <gpxtpx:TrackPointExtension>
      <gpxtpx:hr>161</gpxtpx:hr>
     </gpxtpx:TrackPointExtension>
    </extensions>
   </trkpt>
   <trkpt lat="49.2900630" lon="-123.1375000">
    <ele>16.8</ele>
    <time>2026-04-19T16:54:20Z</time>
    <extensions>
     <power>194</power>
     <gpxtpx:TrackPointExtension>
      <gpxtpx:hr>161</gpxtpx:hr>
     </gpxtpx:TrackPointExtension>
    </extensions>
   </trkpt>
   <trkpt lat="49.2900510" lon="-123.1375190">
    <ele>16.8</ele>
    <time>2026-04-19T16:54:21Z</time>
    <extensions>
     <power>196</power>
     <gpxtpx:TrackPointExtension>
      <gpxtpx:hr>160</gpxtpx:hr>
     </gpxtpx:TrackPointExtension>
    </extensions>
   </trkpt>
   <trkpt lat="49.2900230" lon="-123.1375630">
    <ele>16.8</ele>
    <time>2026-04-19T16:54:22Z</time>
    <extensions>
     <power>196</power>
     <gpxtpx:TrackPointExtension>
      <gpxtpx:hr>160</gpxtpx:hr>
     </gpxtpx:TrackPointExtension>
    </extensions>
   </trkpt>
   <trkpt lat="49.2900130" lon="-123.1375770">
    <ele>16.8</ele>
    <time>2026-04-19T16:54:23Z</time>
    <extensions>
     <power>196</power>
     <gpxtpx:TrackPointExtension>
      <gpxtpx:hr>160</gpxtpx:hr>
     </gpxtpx:TrackPointExtension>
    </extensions>
   </trkpt>
   <trkpt lat="49.2899810" lon="-123.1376260">
    <ele>16.6</ele>
    <time>2026-04-19T16:54:24Z</time>
    <extensions>
     <power>196</power>
     <gpxtpx:TrackPointExtension>
      <gpxtpx:hr>160</gpxtpx:hr>
     </gpxtpx:TrackPointExtension>
    </extensions>
   </trkpt>
   <trkpt lat="49.2899680" lon="-123.1376450">
    <ele>16.6</ele>
    <time>2026-04-19T16:54:25Z</time>
    <extensions>
     <power>196</power>
     <gpxtpx:TrackPointExtension>
      <gpxtpx:hr>160</gpxtpx:hr>
     </gpxtpx:TrackPointExtension>
    </extensions>
   </trkpt>
   <trkpt lat="49.2899550" lon="-123.1376650">
    <ele>16.6</ele>
    <time>2026-04-19T16:54:26Z</time>
    <extensions>
     <power>203</power>
     <gpxtpx:TrackPointExtension>
      <gpxtpx:hr>160</gpxtpx:hr>
     </gpxtpx:TrackPointExtension>
    </extensions>
   </trkpt>
   <trkpt lat="49.2899270" lon="-123.1377070">
    <ele>16.6</ele>
    <time>2026-04-19T16:54:27Z</time>
    <extensions>
     <power>203</power>
     <gpxtpx:TrackPointExtension>
      <gpxtpx:hr>160</gpxtpx:hr>
     </gpxtpx:TrackPointExtension>
    </extensions>
   </trkpt>
   <trkpt lat="49.2899170" lon="-123.1377200">
    <ele>16.6</ele>
    <time>2026-04-19T16:54:28Z</time>
    <extensions>
     <power>204</power>
     <gpxtpx:TrackPointExtension>
      <gpxtpx:hr>160</gpxtpx:hr>
     </gpxtpx:TrackPointExtension>
    </extensions>
   </trkpt>
   <trkpt lat="49.2898860" lon="-123.1377650">
    <ele>16.4</ele>
    <time>2026-04-19T16:54:29Z</time>
    <extensions>
     <power>204</power>
     <gpxtpx:TrackPointExtension>
      <gpxtpx:hr>162</gpxtpx:hr>
     </gpxtpx:TrackPointExtension>
    </extensions>
   </trkpt>
   <trkpt lat="49.2898740" lon="-123.1377840">
    <ele>16.4</ele>
    <time>2026-04-19T16:54:30Z</time>
    <extensions>
     <power>204</power>
     <gpxtpx:TrackPointExtension>
      <gpxtpx:hr>162</gpxtpx:hr>
     </gpxtpx:TrackPointExtension>
    </extensions>
   </trkpt>
   <trkpt lat="49.2898610" lon="-123.1378020">
    <ele>16.4</ele>
    <time>2026-04-19T16:54:31Z</time>
    <extensions>
     <power>203</power>
     <gpxtpx:TrackPointExtension>
      <gpxtpx:hr>162</gpxtpx:hr>
     </gpxtpx:TrackPointExtension>
    </extensions>
   </trkpt>
   <trkpt lat="49.2898330" lon="-123.1378430">
    <ele>16.2</ele>
    <time>2026-04-19T16:54:32Z</time>
    <extensions>
     <power>203</power>
     <gpxtpx:TrackPointExtension>
      <gpxtpx:hr>162</gpxtpx:hr>
     </gpxtpx:TrackPointExtension>
    </extensions>
   </trkpt>
   <trkpt lat="49.2898230" lon="-123.1378570">
    <ele>16.2</ele>
    <time>2026-04-19T16:54:33Z</time>
    <extensions>
     <power>204</power>
     <gpxtpx:TrackPointExtension>
      <gpxtpx:hr>162</gpxtpx:hr>
     </gpxtpx:TrackPointExtension>
    </extensions>
   </trkpt>
   <trkpt lat="49.2897920" lon="-123.1379020">
    <ele>16.2</ele>
    <time>2026-04-19T16:54:34Z</time>
    <extensions>
     <power>204</power>
     <gpxtpx:TrackPointExtension>
      <gpxtpx:hr>162</gpxtpx:hr>
     </gpxtpx:TrackPointExtension>
    </extensions>
   </trkpt>
   <trkpt lat="49.2897790" lon="-123.1379200">
    <ele>16.0</ele>
    <time>2026-04-19T16:54:35Z</time>
    <extensions>
     <power>204</power>
     <gpxtpx:TrackPointExtension>
      <gpxtpx:hr>162</gpxtpx:hr>
     </gpxtpx:TrackPointExtension>
    </extensions>
   </trkpt>
   <trkpt lat="49.2897670" lon="-123.1379380">
    <ele>16.0</ele>
    <time>2026-04-19T16:54:36Z</time>
    <extensions>
     <power>201</power>
     <gpxtpx:TrackPointExtension>
      <gpxtpx:hr>162</gpxtpx:hr>
     </gpxtpx:TrackPointExtension>
    </extensions>
   </trkpt>
   <trkpt lat="49.2897360" lon="-123.1379840">
    <ele>15.8</ele>
    <time>2026-04-19T16:54:37Z</time>
    <extensions>
     <power>201</power>
     <gpxtpx:TrackPointExtension>
      <gpxtpx:hr>162</gpxtpx:hr>
     </gpxtpx:TrackPointExtension>
    </extensions>
   </trkpt>
   <trkpt lat="49.2897240" lon="-123.1380020">
    <ele>15.8</ele>
    <time>2026-04-19T16:54:38Z</time>
    <extensions>
     <power>201</power>
     <gpxtpx:TrackPointExtension>
      <gpxtpx:hr>162</gpxtpx:hr>
     </gpxtpx:TrackPointExtension>
    </extensions>
   </trkpt>
   <trkpt lat="49.2897110" lon="-123.1380210">
    <ele>15.8</ele>
    <time>2026-04-19T16:54:39Z</time>
    <extensions>
     <power>202</power>
     <gpxtpx:TrackPointExtension>
      <gpxtpx:hr>160</gpxtpx:hr>
     </gpxtpx:TrackPointExtension>
    </extensions>
   </trkpt>
   <trkpt lat="49.2896800" lon="-123.1380650">
    <ele>15.8</ele>
    <time>2026-04-19T16:54:40Z</time>
    <extensions>
     <power>202</power>
     <gpxtpx:TrackPointExtension>
      <gpxtpx:hr>160</gpxtpx:hr>
     </gpxtpx:TrackPointExtension>
    </extensions>
   </trkpt>
   <trkpt lat="49.2896700" lon="-123.1380800">
    <ele>15.6</ele>
    <time>2026-04-19T16:54:41Z</time>
    <extensions>
     <power>207</power>
     <gpxtpx:TrackPointExtension>
      <gpxtpx:hr>160</gpxtpx:hr>
     </gpxtpx:TrackPointExtension>
    </extensions>
   </trkpt>
   <trkpt lat="49.2896360" lon="-123.1381280">
    <ele>15.6</ele>
    <time>2026-04-19T16:54:42Z</time>
    <extensions>
     <power>207</power>
     <gpxtpx:TrackPointExtension>
      <gpxtpx:hr>160</gpxtpx:hr>
     </gpxtpx:TrackPointExtension>
    </extensions>
   </trkpt>
   <trkpt lat="49.2896230" lon="-123.1381460">
    <ele>15.6</ele>
    <time>2026-04-19T16:54:43Z</time>
    <extensions>
     <power>207</power>
     <gpxtpx:TrackPointExtension>
      <gpxtpx:hr>160</gpxtpx:hr>
     </gpxtpx:TrackPointExtension>
    </extensions>
   </trkpt>
   <trkpt lat="49.2896100" lon="-123.1381650">
    <ele>15.6</ele>
    <time>2026-04-19T16:54:44Z</time>
    <extensions>
     <power>205</power>
     <gpxtpx:TrackPointExtension>
      <gpxtpx:hr>160</gpxtpx:hr>
     </gpxtpx:TrackPointExtension>
    </extensions>
   </trkpt>
   <trkpt lat="49.2895820" lon="-123.1382060">
    <ele>15.4</ele>
    <time>2026-04-19T16:54:45Z</time>
    <extensions>
     <power>205</power>
     <gpxtpx:TrackPointExtension>
      <gpxtpx:hr>160</gpxtpx:hr>
     </gpxtpx:TrackPointExtension>
    </extensions>
   </trkpt>
   <trkpt lat="49.2895720" lon="-123.1382190">
    <ele>15.4</ele>
    <time>2026-04-19T16:54:46Z</time>
    <extensions>
     <power>204</power>
     <gpxtpx:TrackPointExtension>
      <gpxtpx:hr>160</gpxtpx:hr>
     </gpxtpx:TrackPointExtension>
    </extensions>
   </trkpt>
   <trkpt lat="49.2895390" lon="-123.1382670">
    <ele>15.4</ele>
    <time>2026-04-19T16:54:47Z</time>
    <extensions>
     <power>204</power>
     <gpxtpx:TrackPointExtension>
      <gpxtpx:hr>160</gpxtpx:hr>
     </gpxtpx:TrackPointExtension>
    </extensions>
   </trkpt>
   <trkpt lat="49.2895250" lon="-123.1382860">
    <ele>15.4</ele>
    <time>2026-04-19T16:54:48Z</time>
    <extensions>
     <power>204</power>
     <gpxtpx:TrackPointExtension>
      <gpxtpx:hr>160</gpxtpx:hr>
     </gpxtpx:TrackPointExtension>
    </extensions>
   </trkpt>
   <trkpt lat="49.2895120" lon="-123.1383050">
    <ele>15.2</ele>
    <time>2026-04-19T16:54:49Z</time>
    <extensions>
     <power>203</power>
     <gpxtpx:TrackPointExtension>
      <gpxtpx:hr>160</gpxtpx:hr>
     </gpxtpx:TrackPointExtension>
    </extensions>
   </trkpt>
   <trkpt lat="49.2894840" lon="-123.1383470">
    <ele>15.2</ele>
    <time>2026-04-19T16:54:50Z</time>
    <extensions>
     <power>203</power>
     <gpxtpx:TrackPointExtension>
      <gpxtpx:hr>160</gpxtpx:hr>
     </gpxtpx:TrackPointExtension>
    </extensions>
   </trkpt>
   <trkpt lat="49.2894740" lon="-123.1383610">
    <ele>15.2</ele>
    <time>2026-04-19T16:54:51Z</time>
    <extensions>
     <power>201</power>
     <gpxtpx:TrackPointExtension>
      <gpxtpx:hr>160</gpxtpx:hr>
     </gpxtpx:TrackPointExtension>
    </extensions>
   </trkpt>
   <trkpt lat="49.2894410" lon="-123.1384090">
    <ele>15.0</ele>
    <time>2026-04-19T16:54:52Z</time>
    <extensions>
     <power>201</power>
     <gpxtpx:TrackPointExtension>
      <gpxtpx:hr>160</gpxtpx:hr>
     </gpxtpx:TrackPointExtension>
    </extensions>
   </trkpt>
   <trkpt lat="49.2894280" lon="-123.1384290">
    <ele>15.0</ele>
    <time>2026-04-19T16:54:53Z</time>
    <extensions>
     <power>201</power>
     <gpxtpx:TrackPointExtension>
      <gpxtpx:hr>158</gpxtpx:hr>
     </gpxtpx:TrackPointExtension>
    </extensions>
   </trkpt>
   <trkpt lat="49.2894150" lon="-123.1384490">
    <ele>14.8</ele>
    <time>2026-04-19T16:54:54Z</time>
    <extensions>
     <power>201</power>
     <gpxtpx:TrackPointExtension>
      <gpxtpx:hr>158</gpxtpx:hr>
     </gpxtpx:TrackPointExtension>
    </extensions>
   </trkpt>
   <trkpt lat="49.2893860" lon="-123.1384940">
    <ele>14.8</ele>
    <time>2026-04-19T16:54:55Z</time>
    <extensions>
     <power>201</power>
     <gpxtpx:TrackPointExtension>
      <gpxtpx:hr>158</gpxtpx:hr>
     </gpxtpx:TrackPointExtension>
    </extensions>
   </trkpt>
   <trkpt lat="49.2893760" lon="-123.1385080">
    <ele>14.8</ele>
    <time>2026-04-19T16:54:56Z</time>
    <extensions>
     <power>200</power>
     <gpxtpx:TrackPointExtension>
      <gpxtpx:hr>158</gpxtpx:hr>
     </gpxtpx:TrackPointExtension>
    </extensions>
   </trkpt>
   <trkpt lat="49.2893440" lon="-123.1385570">
    <ele>14.6</ele>
    <time>2026-04-19T16:54:57Z</time>
    <extensions>
     <power>200</power>
     <gpxtpx:TrackPointExtension>
      <gpxtpx:hr>158</gpxtpx:hr>
     </gpxtpx:TrackPointExtension>
    </extensions>
   </trkpt>
   <trkpt lat="49.2893310" lon="-123.1385770">
    <ele>14.6</ele>
    <time>2026-04-19T16:54:58Z</time>
    <extensions>
     <power>200</power>
     <gpxtpx:TrackPointExtension>
      <gpxtpx:hr>158</gpxtpx:hr>
     </gpxtpx:TrackPointExtension>
    </extensions>
   </trkpt>
   <trkpt lat="49.2893180" lon="-123.1385970">
    <ele>14.6</ele>
    <time>2026-04-19T16:54:59Z</time>
    <extensions>
     <power>203</power>
     <gpxtpx:TrackPointExtension>
      <gpxtpx:hr>158</gpxtpx:hr>
     </gpxtpx:TrackPointExtension>
    </extensions>
   </trkpt>
   <trkpt lat="49.2892850" lon="-123.1386470">
    <ele>14.6</ele>
    <time>2026-04-19T16:55:00Z</time>
    <extensions>
     <power>203</power>
     <gpxtpx:TrackPointExtension>
      <gpxtpx:hr>158</gpxtpx:hr>
     </gpxtpx:TrackPointExtension>
    </extensions>
   </trkpt>
   <trkpt lat="49.2892720" lon="-123.1386670">
    <ele>14.4</ele>
    <time>2026-04-19T16:55:01Z</time>
    <extensions>
     <power>203</power>
     <gpxtpx:TrackPointExtension>
      <gpxtpx:hr>158</gpxtpx:hr>
     </gpxtpx:TrackPointExtension>
    </extensions>
   </trkpt>
   <trkpt lat="49.2892590" lon="-123.1386870">
    <ele>14.4</ele>
    <time>2026-04-19T16:55:02Z</time>
    <extensions>
     <power>203</power>
     <gpxtpx:TrackPointExtension>
      <gpxtpx:hr>158</gpxtpx:hr>
     </gpxtpx:TrackPointExtension>
    </extensions>
   </trkpt>
   <trkpt lat="49.2892300" lon="-123.1387300">
    <ele>14.4</ele>
    <time>2026-04-19T16:55:03Z</time>
    <extensions>
     <power>203</power>
     <gpxtpx:TrackPointExtension>
      <gpxtpx:hr>158</gpxtpx:hr>
     </gpxtpx:TrackPointExtension>
    </extensions>
   </trkpt>
   <trkpt lat="49.2892200" lon="-123.1387440">
    <ele>14.4</ele>
    <time>2026-04-19T16:55:04Z</time>
    <extensions>
     <power>202</power>
     <gpxtpx:TrackPointExtension>
      <gpxtpx:hr>158</gpxtpx:hr>
     </gpxtpx:TrackPointExtension>
    </extensions>
   </trkpt>
   <trkpt lat="49.2891880" lon="-123.1387910">
    <ele>14.4</ele>
    <time>2026-04-19T16:55:05Z</time>
    <extensions>
     <power>202</power>
     <gpxtpx:TrackPointExtension>
      <gpxtpx:hr>158</gpxtpx:hr>
     </gpxtpx:TrackPointExtension>
    </extensions>
   </trkpt>
   <trkpt lat="49.2891750" lon="-123.1388110">
    <ele>14.4</ele>
    <time>2026-04-19T16:55:06Z</time>
    <extensions>
     <power>202</power>
     <gpxtpx:TrackPointExtension>
      <gpxtpx:hr>158</gpxtpx:hr>
     </gpxtpx:TrackPointExtension>
    </extensions>
   </trkpt>
   <trkpt lat="49.2891620" lon="-123.1388310">
    <ele>14.2</ele>
    <time>2026-04-19T16:55:07Z</time>
    <extensions>
     <power>203</power>
     <gpxtpx:TrackPointExtension>
      <gpxtpx:hr>158</gpxtpx:hr>
     </gpxtpx:TrackPointExtension>
    </extensions>
   </trkpt>
   <trkpt lat="49.2891330" lon="-123.1388760">
    <ele>14.2</ele>
    <time>2026-04-19T16:55:08Z</time>
    <extensions>
     <power>203</power>
     <gpxtpx:TrackPointExtension>
      <gpxtpx:hr>158</gpxtpx:hr>
     </gpxtpx:TrackPointExtension>
    </extensions>
   </trkpt>
   <trkpt lat="49.2891230" lon="-123.1388910">
    <ele>14.2</ele>
    <time>2026-04-19T16:55:09Z</time>
    <extensions>
     <power>202</power>
     <gpxtpx:TrackPointExtension>
      <gpxtpx:hr>158</gpxtpx:hr>
     </gpxtpx:TrackPointExtension>
    </extensions>
   </trkpt>
   <trkpt lat="49.2890910" lon="-123.1389400">
    <ele>14.2</ele>
    <time>2026-04-19T16:55:10Z</time>
    <extensions>
     <power>202</power>
     <gpxtpx:TrackPointExtension>
      <gpxtpx:hr>158</gpxtpx:hr>
     </gpxtpx:TrackPointExtension>
    </extensions>
   </trkpt>
   <trkpt lat="49.2890790" lon="-123.1389600">
    <ele>14.0</ele>
    <time>2026-04-19T16:55:11Z</time>
    <extensions>
     <power>202</power>
     <gpxtpx:TrackPointExtension>
      <gpxtpx:hr>158</gpxtpx:hr>
     </gpxtpx:TrackPointExtension>
    </extensions>
   </trkpt>
   <trkpt lat="49.2890660" lon="-123.1389800">
    <ele>14.0</ele>
    <time>2026-04-19T16:55:12Z</time>
    <extensions>
     <power>204</power>
     <gpxtpx:TrackPointExtension>
      <gpxtpx:hr>158</gpxtpx:hr>
     </gpxtpx:TrackPointExtension>
    </extensions>
   </trkpt>
   <trkpt lat="49.2890390" lon="-123.1390240">
    <ele>14.0</ele>
    <time>2026-04-19T16:55:13Z</time>
    <extensions>
     <power>204</power>
     <gpxtpx:TrackPointExtension>
      <gpxtpx:hr>158</gpxtpx:hr>
     </gpxtpx:TrackPointExtension>
    </extensions>
   </trkpt>
   <trkpt lat="49.2890290" lon="-123.1390390">
    <ele>13.8</ele>
    <time>2026-04-19T16:55:14Z</time>
    <extensions>
     <power>202</power>
     <gpxtpx:TrackPointExtension>
      <gpxtpx:hr>158</gpxtpx:hr>
     </gpxtpx:TrackPointExtension>
    </extensions>
   </trkpt>
   <trkpt lat="49.2889960" lon="-123.1390930">
    <ele>13.8</ele>
    <time>2026-04-19T16:55:15Z</time>
    <extensions>
     <power>202</power>
     <gpxtpx:TrackPointExtension>
      <gpxtpx:hr>158</gpxtpx:hr>
     </gpxtpx:TrackPointExtension>
    </extensions>
   </trkpt>
   <trkpt lat="49.2889810" lon="-123.1391160">
    <ele>13.8</ele>
    <time>2026-04-19T16:55:16Z</time>
    <extensions>
     <power>202</power>
     <gpxtpx:TrackPointExtension>
      <gpxtpx:hr>158</gpxtpx:hr>
     </gpxtpx:TrackPointExtension>
    </extensions>
   </trkpt>
   <trkpt lat="49.2889670" lon="-123.1391380">
    <ele>13.6</ele>
    <time>2026-04-19T16:55:17Z</time>
    <extensions>
     <power>206</power>
     <gpxtpx:TrackPointExtension>
      <gpxtpx:hr>158</gpxtpx:hr>
     </gpxtpx:TrackPointExtension>
    </extensions>
   </trkpt>
   <trkpt lat="49.2889370" lon="-123.1391860">
    <ele>13.6</ele>
    <time>2026-04-19T16:55:18Z</time>
    <extensions>
     <power>206</power>
     <gpxtpx:TrackPointExtension>
      <gpxtpx:hr>158</gpxtpx:hr>
     </gpxtpx:TrackPointExtension>
    </extensions>
   </trkpt>
   <trkpt lat="49.2889270" lon="-123.1392020">
    <ele>13.4</ele>
    <time>2026-04-19T16:55:19Z</time>
    <extensions>
     <power>204</power>
     <gpxtpx:TrackPointExtension>
      <gpxtpx:hr>158</gpxtpx:hr>
     </gpxtpx:TrackPointExtension>
    </extensions>
   </trkpt>
   <trkpt lat="49.2888920" lon="-123.1392570">
    <ele>13.4</ele>
    <time>2026-04-19T16:55:20Z</time>
    <extensions>
     <power>204</power>
     <gpxtpx:TrackPointExtension>
      <gpxtpx:hr>158</gpxtpx:hr>
     </gpxtpx:TrackPointExtension>
    </extensions>
   </trkpt>
   <trkpt lat="49.2888780" lon="-123.1392810">
    <ele>13.2</ele>
    <time>2026-04-19T16:55:21Z</time>
    <extensions>
     <power>204</power>
     <gpxtpx:TrackPointExtension>
      <gpxtpx:hr>158</gpxtpx:hr>
     </gpxtpx:TrackPointExtension>
    </extensions>
   </trkpt>
   <trkpt lat="49.2888630" lon="-123.1393050">
    <ele>13.2</ele>
    <time>2026-04-19T16:55:22Z</time>
    <extensions>
     <power>205</power>
     <gpxtpx:TrackPointExtension>
      <gpxtpx:hr>158</gpxtpx:hr>
     </gpxtpx:TrackPointExtension>
    </extensions>
   </trkpt>
   <trkpt lat="49.2888320" lon="-123.1393540">
    <ele>13.2</ele>
    <time>2026-04-19T16:55:23Z</time>
    <extensions>
     <power>205</power>
     <gpxtpx:TrackPointExtension>
      <gpxtpx:hr>158</gpxtpx:hr>
     </gpxtpx:TrackPointExtension>
    </extensions>
   </trkpt>
   <trkpt lat="49.2888200" lon="-123.1393740">
    <ele>13.0</ele>
    <time>2026-04-19T16:55:24Z</time>
    <extensions>
     <power>205</power>
     <gpxtpx:TrackPointExtension>
      <gpxtpx:hr>158</gpxtpx:hr>
     </gpxtpx:TrackPointExtension>
    </extensions>
   </trkpt>
   <trkpt lat="49.2888080" lon="-123.1393930">
    <ele>13.0</ele>
    <time>2026-04-19T16:55:25Z</time>
    <extensions>
     <power>203</power>
     <gpxtpx:TrackPointExtension>
      <gpxtpx:hr>158</gpxtpx:hr>
     </gpxtpx:TrackPointExtension>
    </extensions>
   </trkpt>
   <trkpt lat="49.2887810" lon="-123.1394370">
    <ele>13.0</ele>
    <time>2026-04-19T16:55:26Z</time>
    <extensions>
     <power>203</power>
     <gpxtpx:TrackPointExtension>
      <gpxtpx:hr>158</gpxtpx:hr>
     </gpxtpx:TrackPointExtension>
    </extensions>
   </trkpt>
   <trkpt lat="49.2887710" lon="-123.1394510">
    <ele>12.8</ele>
    <time>2026-04-19T16:55:27Z</time>
    <extensions>
     <power>202</power>
     <gpxtpx:TrackPointExtension>
      <gpxtpx:hr>158</gpxtpx:hr>
     </gpxtpx:TrackPointExtension>
    </extensions>
   </trkpt>
   <trkpt lat="49.2887390" lon="-123.1395030">
    <ele>12.8</ele>
    <time>2026-04-19T16:55:28Z</time>
    <extensions>
     <power>202</power>
     <gpxtpx:TrackPointExtension>
      <gpxtpx:hr>158</gpxtpx:hr>
     </gpxtpx:TrackPointExtension>
    </extensions>
   </trkpt>
   <trkpt lat="49.2887250" lon="-123.1395240">
    <ele>12.8</ele>
    <time>2026-04-19T16:55:29Z</time>
    <extensions>
     <power>202</power>
     <gpxtpx:TrackPointExtension>
      <gpxtpx:hr>158</gpxtpx:hr>
     </gpxtpx:TrackPointExtension>
    </extensions>
   </trkpt>
   <trkpt lat="49.2887120" lon="-123.1395450">
    <ele>12.8</ele>
    <time>2026-04-19T16:55:30Z</time>
    <extensions>
     <power>198</power>
     <gpxtpx:TrackPointExtension>
      <gpxtpx:hr>158</gpxtpx:hr>
     </gpxtpx:TrackPointExtension>
    </extensions>
   </trkpt>
   <trkpt lat="49.2886820" lon="-123.1395920">
    <ele>12.6</ele>
    <time>2026-04-19T16:55:31Z</time>
    <extensions>
     <power>198</power>
     <gpxtpx:TrackPointExtension>
      <gpxtpx:hr>158</gpxtpx:hr>
     </gpxtpx:TrackPointExtension>
    </extensions>
   </trkpt>
   <trkpt lat="49.2886720" lon="-123.1396080">
    <ele>12.6</ele>
    <time>2026-04-19T16:55:32Z</time>
    <extensions>
     <power>195</power>
     <gpxtpx:TrackPointExtension>
      <gpxtpx:hr>158</gpxtpx:hr>
     </gpxtpx:TrackPointExtension>
    </extensions>
   </trkpt>
   <trkpt lat="49.2886390" lon="-123.1396590">
    <ele>12.6</ele>
    <time>2026-04-19T16:55:33Z</time>
    <extensions>
     <power>195</power>
     <gpxtpx:TrackPointExtension>
      <gpxtpx:hr>158</gpxtpx:hr>
     </gpxtpx:TrackPointExtension>
    </extensions>
   </trkpt>
   <trkpt lat="49.2886250" lon="-123.1396800">
    <ele>12.6</ele>
    <time>2026-04-19T16:55:34Z</time>
    <extensions>
     <power>195</power>
     <gpxtpx:TrackPointExtension>
      <gpxtpx:hr>158</gpxtpx:hr>
     </gpxtpx:TrackPointExtension>
    </extensions>
   </trkpt>
   <trkpt lat="49.2886120" lon="-123.1397000">
    <ele>12.4</ele>
    <time>2026-04-19T16:55:35Z</time>
    <extensions>
     <power>188</power>
     <gpxtpx:TrackPointExtension>
      <gpxtpx:hr>158</gpxtpx:hr>
     </gpxtpx:TrackPointExtension>
    </extensions>
   </trkpt>
   <trkpt lat="49.2885840" lon="-123.1397450">
    <ele>12.4</ele>
    <time>2026-04-19T16:55:36Z</time>
    <extensions>
     <power>188</power>
     <gpxtpx:TrackPointExtension>
      <gpxtpx:hr>158</gpxtpx:hr>
     </gpxtpx:TrackPointExtension>
    </extensions>
   </trkpt>
   <trkpt lat="49.2885740" lon="-123.1397600">
    <ele>12.4</ele>
    <time>2026-04-19T16:55:37Z</time>
    <extensions>
     <power>189</power>
     <gpxtpx:TrackPointExtension>
      <gpxtpx:hr>158</gpxtpx:hr>
     </gpxtpx:TrackPointExtension>
    </extensions>
   </trkpt>
   <trkpt lat="49.2885410" lon="-123.1398100">
    <ele>12.4</ele>
    <time>2026-04-19T16:55:38Z</time>
    <extensions>
     <power>189</power>
     <gpxtpx:TrackPointExtension>
      <gpxtpx:hr>158</gpxtpx:hr>
     </gpxtpx:TrackPointExtension>
    </extensions>
   </trkpt>
   <trkpt lat="49.2885280" lon="-123.1398310">
    <ele>12.4</ele>
    <time>2026-04-19T16:55:39Z</time>
    <extensions>
     <power>189</power>
     <gpxtpx:TrackPointExtension>
      <gpxtpx:hr>158</gpxtpx:hr>
     </gpxtpx:TrackPointExtension>
    </extensions>
   </trkpt>
   <trkpt lat="49.2885150" lon="-123.1398510">
    <ele>12.2</ele>
    <time>2026-04-19T16:55:40Z</time>
    <extensions>
     <power>191</power>
     <gpxtpx:TrackPointExtension>
      <gpxtpx:hr>158</gpxtpx:hr>
     </gpxtpx:TrackPointExtension>
    </extensions>
   </trkpt>
   <trkpt lat="49.2884840" lon="-123.1398980">
    <ele>12.2</ele>
    <time>2026-04-19T16:55:41Z</time>
    <extensions>
     <power>191</power>
     <gpxtpx:TrackPointExtension>
      <gpxtpx:hr>158</gpxtpx:hr>
     </gpxtpx:TrackPointExtension>
    </extensions>
   </trkpt>
   <trkpt lat="49.2884740" lon="-123.1399130">
    <ele>12.2</ele>
    <time>2026-04-19T16:55:42Z</time>
    <extensions>
     <power>193</power>
     <gpxtpx:TrackPointExtension>
      <gpxtpx:hr>158</gpxtpx:hr>
     </gpxtpx:TrackPointExtension>
    </extensions>
   </trkpt>
   <trkpt lat="49.2884400" lon="-123.1399650">
    <ele>12.2</ele>
    <time>2026-04-19T16:55:43Z</time>
    <extensions>
     <power>193</power>
     <gpxtpx:TrackPointExtension>
      <gpxtpx:hr>158</gpxtpx:hr>
     </gpxtpx:TrackPointExtension>
    </extensions>
   </trkpt>
   <trkpt lat="49.2884270" lon="-123.1399860">
    <ele>12.0</ele>
    <time>2026-04-19T16:55:44Z</time>
    <extensions>
     <power>193</power>
     <gpxtpx:TrackPointExtension>
      <gpxtpx:hr>158</gpxtpx:hr>
     </gpxtpx:TrackPointExtension>
    </extensions>
   </trkpt>
   <trkpt lat="49.2884140" lon="-123.1400060">
    <ele>12.0</ele>
    <time>2026-04-19T16:55:45Z</time>
    <extensions>
     <power>192</power>
     <gpxtpx:TrackPointExtension>
      <gpxtpx:hr>158</gpxtpx:hr>
     </gpxtpx:TrackPointExtension>
    </extensions>
   </trkpt>
   <trkpt lat="49.2883810" lon="-123.1400570">
    <ele>12.0</ele>
    <time>2026-04-19T16:55:46Z</time>
    <extensions>
     <power>192</power>
     <gpxtpx:TrackPointExtension>
      <gpxtpx:hr>158</gpxtpx:hr>
     </gpxtpx:TrackPointExtension>
    </extensions>
   </trkpt>
   <trkpt lat="49.2883680" lon="-123.1400770">
    <ele>12.0</ele>
    <time>2026-04-19T16:55:47Z</time>
    <extensions>
     <power>192</power>
     <gpxtpx:TrackPointExtension>
      <gpxtpx:hr>158</gpxtpx:hr>
     </gpxtpx:TrackPointExtension>
    </extensions>
   </trkpt>
   <trkpt lat="49.2883550" lon="-123.1400970">
    <ele>11.8</ele>
    <time>2026-04-19T16:55:48Z</time>
    <extensions>
     <power>189</power>
     <gpxtpx:TrackPointExtension>
      <gpxtpx:hr>158</gpxtpx:hr>
     </gpxtpx:TrackPointExtension>
    </extensions>
   </trkpt>
   <trkpt lat="49.2883250" lon="-123.1401430">
    <ele>11.8</ele>
    <time>2026-04-19T16:55:49Z</time>
    <extensions>
     <power>189</power>
     <gpxtpx:TrackPointExtension>
      <gpxtpx:hr>158</gpxtpx:hr>
     </gpxtpx:TrackPointExtension>
    </extensions>
   </trkpt>
   <trkpt lat="49.2883150" lon="-123.1401580">
    <ele>11.8</ele>
    <time>2026-04-19T16:55:50Z</time>
    <extensions>
     <power>189</power>
     <gpxtpx:TrackPointExtension>
      <gpxtpx:hr>158</gpxtpx:hr>
     </gpxtpx:TrackPointExtension>
    </extensions>
   </trkpt>
   <trkpt lat="49.2882820" lon="-123.1402090">
    <ele>11.8</ele>
    <time>2026-04-19T16:55:51Z</time>
    <extensions>
     <power>189</power>
     <gpxtpx:TrackPointExtension>
      <gpxtpx:hr>158</gpxtpx:hr>
     </gpxtpx:TrackPointExtension>
    </extensions>
   </trkpt>
   <trkpt lat="49.2882690" lon="-123.1402290">
    <ele>11.6</ele>
    <time>2026-04-19T16:55:52Z</time>
    <extensions>
     <power>189</power>
     <gpxtpx:TrackPointExtension>
      <gpxtpx:hr>158</gpxtpx:hr>
     </gpxtpx:TrackPointExtension>
    </extensions>
   </trkpt>
   <trkpt lat="49.2882560" lon="-123.1402500">
    <ele>11.6</ele>
    <time>2026-04-19T16:55:53Z</time>
    <extensions>
     <power>188</power>
     <gpxtpx:TrackPointExtension>
      <gpxtpx:hr>158</gpxtpx:hr>
     </gpxtpx:TrackPointExtension>
    </extensions>
   </trkpt>
   <trkpt lat="49.2882260" lon="-123.1402970">
    <ele>11.6</ele>
    <time>2026-04-19T16:55:54Z</time>
    <extensions>
     <power>188</power>
     <gpxtpx:TrackPointExtension>
      <gpxtpx:hr>158</gpxtpx:hr>
     </gpxtpx:TrackPointExtension>
    </extensions>
   </trkpt>
   <trkpt lat="49.2882160" lon="-123.1403130">
    <ele>11.6</ele>
    <time>2026-04-19T16:55:55Z</time>
    <extensions>
     <power>188</power>
     <gpxtpx:TrackPointExtension>
      <gpxtpx:hr>158</gpxtpx:hr>
     </gpxtpx:TrackPointExtension>
    </extensions>
   </trkpt>
   <trkpt lat="49.2881830" lon="-123.1403640">
    <ele>11.4</ele>
    <time>2026-04-19T16:55:56Z</time>
    <extensions>
     <power>188</power>
     <gpxtpx:TrackPointExtension>
      <gpxtpx:hr>158</gpxtpx:hr>
     </gpxtpx:TrackPointExtension>
    </extensions>
   </trkpt>
   <trkpt lat="49.2881700" lon="-123.1403840">
    <ele>11.4</ele>
    <time>2026-04-19T16:55:57Z</time>
    <extensions>
     <power>188</power>
     <gpxtpx:TrackPointExtension>
      <gpxtpx:hr>158</gpxtpx:hr>
     </gpxtpx:TrackPointExtension>
    </extensions>
   </trkpt>
   <trkpt lat="49.2881570" lon="-123.1404040">
    <ele>11.4</ele>
    <time>2026-04-19T16:55:58Z</time>
    <extensions>
     <power>189</power>
     <gpxtpx:TrackPointExtension>
      <gpxtpx:hr>158</gpxtpx:hr>
     </gpxtpx:TrackPointExtension>
    </extensions>
   </trkpt>
   <trkpt lat="49.2881290" lon="-123.1404490">
    <ele>11.4</ele>
    <time>2026-04-19T16:55:59Z</time>
    <extensions>
     <power>189</power>
     <gpxtpx:TrackPointExtension>
      <gpxtpx:hr>158</gpxtpx:hr>
     </gpxtpx:TrackPointExtension>
    </extensions>
   </trkpt>
   <trkpt lat="49.2881190" lon="-123.1404640">
    <ele>11.2</ele>
    <time>2026-04-19T16:56:00Z</time>
    <extensions>
     <power>191</power>
     <gpxtpx:TrackPointExtension>
      <gpxtpx:hr>158</gpxtpx:hr>
     </gpxtpx:TrackPointExtension>
    </extensions>
   </trkpt>
   <trkpt lat="49.2880890" lon="-123.1405130">
    <ele>11.2</ele>
    <time>2026-04-19T16:56:01Z</time>
    <extensions>
     <power>191</power>
     <gpxtpx:TrackPointExtension>
      <gpxtpx:hr>158</gpxtpx:hr>
     </gpxtpx:TrackPointExtension>
    </extensions>
   </trkpt>
   <trkpt lat="49.2880760" lon="-123.1405330">
    <ele>11.2</ele>
    <time>2026-04-19T16:56:02Z</time>
    <extensions>
     <power>191</power>
     <gpxtpx:TrackPointExtension>
      <gpxtpx:hr>158</gpxtpx:hr>
     </gpxtpx:TrackPointExtension>
    </extensions>
   </trkpt>
   <trkpt lat="49.2880640" lon="-123.1405520">
    <ele>11.0</ele>
    <time>2026-04-19T16:56:03Z</time>
    <extensions>
     <power>190</power>
     <gpxtpx:TrackPointExtension>
      <gpxtpx:hr>158</gpxtpx:hr>
     </gpxtpx:TrackPointExtension>
    </extensions>
   </trkpt>
   <trkpt lat="49.2880360" lon="-123.1405960">
    <ele>11.0</ele>
    <time>2026-04-19T16:56:04Z</time>
    <extensions>
     <power>190</power>
     <gpxtpx:TrackPointExtension>
      <gpxtpx:hr>160</gpxtpx:hr>
     </gpxtpx:TrackPointExtension>
    </extensions>
   </trkpt>
   <trkpt lat="49.2880270" lon="-123.1406100">
    <ele>11.0</ele>
    <time>2026-04-19T16:56:05Z</time>
    <extensions>
     <power>189</power>
     <gpxtpx:TrackPointExtension>
      <gpxtpx:hr>160</gpxtpx:hr>
     </gpxtpx:TrackPointExtension>
    </extensions>
   </trkpt>
   <trkpt lat="49.2879950" lon="-123.1406610">
    <ele>11.0</ele>
    <time>2026-04-19T16:56:06Z</time>
    <extensions>
     <power>189</power>
     <gpxtpx:TrackPointExtension>
      <gpxtpx:hr>160</gpxtpx:hr>
     </gpxtpx:TrackPointExtension>
    </extensions>
   </trkpt>
   <trkpt lat="49.2879810" lon="-123.1406820">
    <ele>11.0</ele>
    <time>2026-04-19T16:56:07Z</time>
    <extensions>
     <power>189</power>
     <gpxtpx:TrackPointExtension>
      <gpxtpx:hr>160</gpxtpx:hr>
     </gpxtpx:TrackPointExtension>
    </extensions>
   </trkpt>
   <trkpt lat="49.2879680" lon="-123.1407030">
    <ele>10.8</ele>
    <time>2026-04-19T16:56:08Z</time>
    <extensions>
     <power>190</power>
     <gpxtpx:TrackPointExtension>
      <gpxtpx:hr>160</gpxtpx:hr>
     </gpxtpx:TrackPointExtension>
    </extensions>
   </trkpt>
   <trkpt lat="49.2879340" lon="-123.1407530">
    <ele>10.8</ele>
    <time>2026-04-19T16:56:09Z</time>
    <extensions>
     <power>190</power>
     <gpxtpx:TrackPointExtension>
      <gpxtpx:hr>160</gpxtpx:hr>
     </gpxtpx:TrackPointExtension>
    </extensions>
   </trkpt>
   <trkpt lat="49.2879210" lon="-123.1407730">
    <ele>10.8</ele>
    <time>2026-04-19T16:56:10Z</time>
    <extensions>
     <power>190</power>
     <gpxtpx:TrackPointExtension>
      <gpxtpx:hr>160</gpxtpx:hr>
     </gpxtpx:TrackPointExtension>
    </extensions>
   </trkpt>
   <trkpt lat="49.2879080" lon="-123.1407930">
    <ele>10.8</ele>
    <time>2026-04-19T16:56:11Z</time>
    <extensions>
     <power>190</power>
     <gpxtpx:TrackPointExtension>
      <gpxtpx:hr>160</gpxtpx:hr>
     </gpxtpx:TrackPointExtension>
    </extensions>
   </trkpt>
   <trkpt lat="49.2878800" lon="-123.1408360">
    <ele>10.8</ele>
    <time>2026-04-19T16:56:12Z</time>
    <extensions>
     <power>190</power>
     <gpxtpx:TrackPointExtension>
      <gpxtpx:hr>160</gpxtpx:hr>
     </gpxtpx:TrackPointExtension>
    </extensions>
   </trkpt>
   <trkpt lat="49.2878700" lon="-123.1408500">
    <ele>10.8</ele>
    <time>2026-04-19T16:56:13Z</time>
    <extensions>
     <power>189</power>
     <gpxtpx:TrackPointExtension>
      <gpxtpx:hr>160</gpxtpx:hr>
     </gpxtpx:TrackPointExtension>
    </extensions>
   </trkpt>
   <trkpt lat="49.2878390" lon="-123.1408970">
    <ele>10.6</ele>
    <time>2026-04-19T16:56:14Z</time>
    <extensions>
     <power>189</power>
     <gpxtpx:TrackPointExtension>
      <gpxtpx:hr>160</gpxtpx:hr>
     </gpxtpx:TrackPointExtension>
    </extensions>
   </trkpt>
   <trkpt lat="49.2878270" lon="-123.1409150">
    <ele>10.6</ele>
    <time>2026-04-19T16:56:15Z</time>
    <extensions>
     <power>189</power>
     <gpxtpx:TrackPointExtension>
      <gpxtpx:hr>160</gpxtpx:hr>
     </gpxtpx:TrackPointExtension>
    </extensions>
   </trkpt>
   <trkpt lat="49.2878140" lon="-123.1409340">
    <ele>10.6</ele>
    <time>2026-04-19T16:56:16Z</time>
    <extensions>
     <power>191</power>
     <gpxtpx:TrackPointExtension>
      <gpxtpx:hr>160</gpxtpx:hr>
     </gpxtpx:TrackPointExtension>
    </extensions>
   </trkpt>
   <trkpt lat="49.2877860" lon="-123.1409780">
    <ele>10.6</ele>
    <time>2026-04-19T16:56:17Z</time>
    <extensions>
     <power>191</power>
     <gpxtpx:TrackPointExtension>
      <gpxtpx:hr>160</gpxtpx:hr>
     </gpxtpx:TrackPointExtension>
    </extensions>
   </trkpt>
   <trkpt lat="49.2877760" lon="-123.1409930">
    <ele>10.6</ele>
    <time>2026-04-19T16:56:18Z</time>
    <extensions>
     <power>192</power>
     <gpxtpx:TrackPointExtension>
      <gpxtpx:hr>160</gpxtpx:hr>
     </gpxtpx:TrackPointExtension>
    </extensions>
   </trkpt>
   <trkpt lat="49.2877420" lon="-123.1410450">
    <ele>10.4</ele>
    <time>2026-04-19T16:56:19Z</time>
    <extensions>
     <power>192</power>
     <gpxtpx:TrackPointExtension>
      <gpxtpx:hr>160</gpxtpx:hr>
     </gpxtpx:TrackPointExtension>
    </extensions>
   </trkpt>
   <trkpt lat="49.2877290" lon="-123.1410650">
    <ele>10.4</ele>
    <time>2026-04-19T16:56:20Z</time>
    <extensions>
     <power>192</power>
     <gpxtpx:TrackPointExtension>
      <gpxtpx:hr>160</gpxtpx:hr>
     </gpxtpx:TrackPointExtension>
    </extensions>
   </trkpt>
   <trkpt lat="49.2877150" lon="-123.1410860">
    <ele>10.4</ele>
    <time>2026-04-19T16:56:21Z</time>
    <extensions>
     <power>179</power>
     <gpxtpx:TrackPointExtension>
      <gpxtpx:hr>160</gpxtpx:hr>
     </gpxtpx:TrackPointExtension>
    </extensions>
   </trkpt>
   <trkpt lat="49.2876850" lon="-123.1411330">
    <ele>10.4</ele>
    <time>2026-04-19T16:56:22Z</time>
    <extensions>
     <power>179</power>
     <gpxtpx:TrackPointExtension>
      <gpxtpx:hr>160</gpxtpx:hr>
     </gpxtpx:TrackPointExtension>
    </extensions>
   </trkpt>
   <trkpt lat="49.2876750" lon="-123.1411480">
    <ele>10.2</ele>
    <time>2026-04-19T16:56:23Z</time>
    <extensions>
     <power>173</power>
     <gpxtpx:TrackPointExtension>
      <gpxtpx:hr>160</gpxtpx:hr>
     </gpxtpx:TrackPointExtension>
    </extensions>
   </trkpt>
   <trkpt lat="49.2876430" lon="-123.1411980">
    <ele>10.2</ele>
    <time>2026-04-19T16:56:24Z</time>
    <extensions>
     <power>173</power>
     <gpxtpx:TrackPointExtension>
      <gpxtpx:hr>160</gpxtpx:hr>
     </gpxtpx:TrackPointExtension>
    </extensions>
   </trkpt>
   <trkpt lat="49.2876300" lon="-123.1412180">
    <ele>10.2</ele>
    <time>2026-04-19T16:56:25Z</time>
    <extensions>
     <power>173</power>
     <gpxtpx:TrackPointExtension>
      <gpxtpx:hr>160</gpxtpx:hr>
     </gpxtpx:TrackPointExtension>
    </extensions>
   </trkpt>
   <trkpt lat="49.2876170" lon="-123.1412370">
    <ele>10.2</ele>
    <time>2026-04-19T16:56:26Z</time>
    <extensions>
     <power>174</power>
     <gpxtpx:TrackPointExtension>
      <gpxtpx:hr>160</gpxtpx:hr>
     </gpxtpx:TrackPointExtension>
    </extensions>
   </trkpt>
   <trkpt lat="49.2875870" lon="-123.1412790">
    <ele>10.2</ele>
    <time>2026-04-19T16:56:27Z</time>
    <extensions>
     <power>174</power>
     <gpxtpx:TrackPointExtension>
      <gpxtpx:hr>160</gpxtpx:hr>
     </gpxtpx:TrackPointExtension>
    </extensions>
   </trkpt>
   <trkpt lat="49.2875760" lon="-123.1412920">
    <ele>10.2</ele>
    <time>2026-04-19T16:56:28Z</time>
    <extensions>
     <power>180</power>
     <gpxtpx:TrackPointExtension>
      <gpxtpx:hr>160</gpxtpx:hr>
     </gpxtpx:TrackPointExtension>
    </extensions>
   </trkpt>
   <trkpt lat="49.2875380" lon="-123.1413340">
    <ele>10.0</ele>
    <time>2026-04-19T16:56:29Z</time>
    <extensions>
     <power>180</power>
     <gpxtpx:TrackPointExtension>
      <gpxtpx:hr>160</gpxtpx:hr>
     </gpxtpx:TrackPointExtension>
    </extensions>
   </trkpt>
   <trkpt lat="49.2875230" lon="-123.1413500">
    <ele>10.0</ele>
    <time>2026-04-19T16:56:30Z</time>
    <extensions>
     <power>180</power>
     <gpxtpx:TrackPointExtension>
      <gpxtpx:hr>160</gpxtpx:hr>
     </gpxtpx:TrackPointExtension>
    </extensions>
   </trkpt>
   <trkpt lat="49.2875070" lon="-123.1413670">
    <ele>10.0</ele>
    <time>2026-04-19T16:56:31Z</time>
    <extensions>
     <power>231</power>
     <gpxtpx:TrackPointExtension>
      <gpxtpx:hr>160</gpxtpx:hr>
     </gpxtpx:TrackPointExtension>
    </extensions>
   </trkpt>
   <trkpt lat="49.2874630" lon="-123.1414190">
    <ele>10.0</ele>
    <time>2026-04-19T16:56:32Z</time>
    <extensions>
     <power>231</power>
     <gpxtpx:TrackPointExtension>
      <gpxtpx:hr>160</gpxtpx:hr>
     </gpxtpx:TrackPointExtension>
    </extensions>
   </trkpt>
   <trkpt lat="49.2874460" lon="-123.1414400">
    <ele>10.0</ele>
    <time>2026-04-19T16:56:33Z</time>
    <extensions>
     <power>231</power>
     <gpxtpx:TrackPointExtension>
      <gpxtpx:hr>160</gpxtpx:hr>
     </gpxtpx:TrackPointExtension>
    </extensions>
   </trkpt>
   <trkpt lat="49.2874300" lon="-123.1414620">
    <ele>10.0</ele>
    <time>2026-04-19T16:56:34Z</time>
    <extensions>
     <power>221</power>
     <gpxtpx:TrackPointExtension>
      <gpxtpx:hr>160</gpxtpx:hr>
     </gpxtpx:TrackPointExtension>
    </extensions>
   </trkpt>
   <trkpt lat="49.2874010" lon="-123.1415110">
    <ele>10.0</ele>
    <time>2026-04-19T16:56:35Z</time>
    <extensions>
     <power>221</power>
     <gpxtpx:TrackPointExtension>
      <gpxtpx:hr>160</gpxtpx:hr>
     </gpxtpx:TrackPointExtension>
    </extensions>
   </trkpt>
   <trkpt lat="49.2873910" lon="-123.1415270">
    <ele>9.8</ele>
    <time>2026-04-19T16:56:36Z</time>
    <extensions>
     <power>213</power>
     <gpxtpx:TrackPointExtension>
      <gpxtpx:hr>160</gpxtpx:hr>
     </gpxtpx:TrackPointExtension>
    </extensions>
   </trkpt>
   <trkpt lat="49.2873580" lon="-123.1415790">
    <ele>9.8</ele>
    <time>2026-04-19T16:56:37Z</time>
    <extensions>
     <power>213</power>
     <gpxtpx:TrackPointExtension>
      <gpxtpx:hr>160</gpxtpx:hr>
     </gpxtpx:TrackPointExtension>
    </extensions>
   </trkpt>
   <trkpt lat="49.2873450" lon="-123.1415990">
    <ele>9.8</ele>
    <time>2026-04-19T16:56:38Z</time>
    <extensions>
     <power>213</power>
     <gpxtpx:TrackPointExtension>
      <gpxtpx:hr>160</gpxtpx:hr>
     </gpxtpx:TrackPointExtension>
    </extensions>
   </trkpt>
   <trkpt lat="49.2873310" lon="-123.1416200">
    <ele>9.8</ele>
    <time>2026-04-19T16:56:39Z</time>
    <extensions>
     <power>213</power>
     <gpxtpx:TrackPointExtension>
      <gpxtpx:hr>160</gpxtpx:hr>
     </gpxtpx:TrackPointExtension>
    </extensions>
   </trkpt>
   <trkpt lat="49.2873000" lon="-123.1416660">
    <ele>9.8</ele>
    <time>2026-04-19T16:56:40Z</time>
    <extensions>
     <power>213</power>
     <gpxtpx:TrackPointExtension>
      <gpxtpx:hr>160</gpxtpx:hr>
     </gpxtpx:TrackPointExtension>
    </extensions>
   </trkpt>
   <trkpt lat="49.2872890" lon="-123.1416810">
    <ele>9.6</ele>
    <time>2026-04-19T16:56:41Z</time>
    <extensions>
     <power>208</power>
     <gpxtpx:TrackPointExtension>
      <gpxtpx:hr>160</gpxtpx:hr>
     </gpxtpx:TrackPointExtension>
    </extensions>
   </trkpt>
   <trkpt lat="49.2872530" lon="-123.1417270">
    <ele>9.6</ele>
    <time>2026-04-19T16:56:42Z</time>
    <extensions>
     <power>208</power>
     <gpxtpx:TrackPointExtension>
      <gpxtpx:hr>160</gpxtpx:hr>
     </gpxtpx:TrackPointExtension>
    </extensions>
   </trkpt>
   <trkpt lat="49.2872390" lon="-123.1417440">
    <ele>9.6</ele>
    <time>2026-04-19T16:56:43Z</time>
    <extensions>
     <power>208</power>
     <gpxtpx:TrackPointExtension>
      <gpxtpx:hr>160</gpxtpx:hr>
     </gpxtpx:TrackPointExtension>
    </extensions>
   </trkpt>
   <trkpt lat="49.2872240" lon="-123.1417620">
    <ele>9.6</ele>
    <time>2026-04-19T16:56:44Z</time>
    <extensions>
     <power>205</power>
     <gpxtpx:TrackPointExtension>
      <gpxtpx:hr>160</gpxtpx:hr>
     </gpxtpx:TrackPointExtension>
    </extensions>
   </trkpt>
   <trkpt lat="49.2871920" lon="-123.1418050">
    <ele>9.6</ele>
    <time>2026-04-19T16:56:45Z</time>
    <extensions>
     <power>205</power>
     <gpxtpx:TrackPointExtension>
      <gpxtpx:hr>160</gpxtpx:hr>
     </gpxtpx:TrackPointExtension>
    </extensions>
   </trkpt>
   <trkpt lat="49.2871810" lon="-123.1418200">
    <ele>9.6</ele>
    <time>2026-04-19T16:56:46Z</time>
    <extensions>
     <power>206</power>
     <gpxtpx:TrackPointExtension>
      <gpxtpx:hr>160</gpxtpx:hr>
     </gpxtpx:TrackPointExtension>
    </extensions>
   </trkpt>
   <trkpt lat="49.2871460" lon="-123.1418770">
    <ele>9.6</ele>
    <time>2026-04-19T16:56:47Z</time>
    <extensions>
     <power>206</power>
     <gpxtpx:TrackPointExtension>
      <gpxtpx:hr>160</gpxtpx:hr>
     </gpxtpx:TrackPointExtension>
    </extensions>
   </trkpt>
   <trkpt lat="49.2871330" lon="-123.1419010">
    <ele>9.6</ele>
    <time>2026-04-19T16:56:48Z</time>
    <extensions>
     <power>206</power>
     <gpxtpx:TrackPointExtension>
      <gpxtpx:hr>160</gpxtpx:hr>
     </gpxtpx:TrackPointExtension>
    </extensions>
   </trkpt>
   <trkpt lat="49.2871190" lon="-123.1419250">
    <ele>9.4</ele>
    <time>2026-04-19T16:56:49Z</time>
    <extensions>
     <power>207</power>
     <gpxtpx:TrackPointExtension>
      <gpxtpx:hr>160</gpxtpx:hr>
     </gpxtpx:TrackPointExtension>
    </extensions>
   </trkpt>
   <trkpt lat="49.2870870" lon="-123.1419740">
    <ele>9.4</ele>
    <time>2026-04-19T16:56:50Z</time>
    <extensions>
     <power>207</power>
     <gpxtpx:TrackPointExtension>
      <gpxtpx:hr>160</gpxtpx:hr>
     </gpxtpx:TrackPointExtension>
    </extensions>
   </trkpt>
   <trkpt lat="49.2870760" lon="-123.1419890">
    <ele>9.4</ele>
    <time>2026-04-19T16:56:51Z</time>
    <extensions>
     <power>205</power>
     <gpxtpx:TrackPointExtension>
      <gpxtpx:hr>160</gpxtpx:hr>
     </gpxtpx:TrackPointExtension>
    </extensions>
   </trkpt>
   <trkpt lat="49.2870380" lon="-123.1420310">
    <ele>9.4</ele>
    <time>2026-04-19T16:56:52Z</time>
    <extensions>
     <power>205</power>
     <gpxtpx:TrackPointExtension>
      <gpxtpx:hr>160</gpxtpx:hr>
     </gpxtpx:TrackPointExtension>
    </extensions>
   </trkpt>
   <trkpt lat="49.2870230" lon="-123.1420480">
    <ele>9.2</ele>
    <time>2026-04-19T16:56:53Z</time>
    <extensions>
     <power>205</power>
     <gpxtpx:TrackPointExtension>
      <gpxtpx:hr>160</gpxtpx:hr>
     </gpxtpx:TrackPointExtension>
    </extensions>
   </trkpt>
   <trkpt lat="49.2870070" lon="-123.1420640">
    <ele>9.2</ele>
    <time>2026-04-19T16:56:54Z</time>
    <extensions>
     <power>203</power>
     <gpxtpx:TrackPointExtension>
      <gpxtpx:hr>160</gpxtpx:hr>
     </gpxtpx:TrackPointExtension>
    </extensions>
   </trkpt>
   <trkpt lat="49.2869680" lon="-123.1421070">
    <ele>9.2</ele>
    <time>2026-04-19T16:56:55Z</time>
    <extensions>
     <power>203</power>
     <gpxtpx:TrackPointExtension>
      <gpxtpx:hr>160</gpxtpx:hr>
     </gpxtpx:TrackPointExtension>
    </extensions>
   </trkpt>
   <trkpt lat="49.2869530" lon="-123.1421260">
    <ele>9.2</ele>
    <time>2026-04-19T16:56:56Z</time>
    <extensions>
     <power>203</power>
     <gpxtpx:TrackPointExtension>
      <gpxtpx:hr>160</gpxtpx:hr>
     </gpxtpx:TrackPointExtension>
    </extensions>
   </trkpt>
   <trkpt lat="49.2869370" lon="-123.1421440">
    <ele>9.0</ele>
    <time>2026-04-19T16:56:57Z</time>
    <extensions>
     <power>206</power>
     <gpxtpx:TrackPointExtension>
      <gpxtpx:hr>160</gpxtpx:hr>
     </gpxtpx:TrackPointExtension>
    </extensions>
   </trkpt>
   <trkpt lat="49.2868990" lon="-123.1421860">
    <ele>9.0</ele>
    <time>2026-04-19T16:56:58Z</time>
    <extensions>
     <power>206</power>
     <gpxtpx:TrackPointExtension>
      <gpxtpx:hr>163</gpxtpx:hr>
     </gpxtpx:TrackPointExtension>
    </extensions>
   </trkpt>
   <trkpt lat="49.2868860" lon="-123.1421980">
    <ele>9.0</ele>
    <time>2026-04-19T16:56:59Z</time>
    <extensions>
     <power>206</power>
     <gpxtpx:TrackPointExtension>
      <gpxtpx:hr>163</gpxtpx:hr>
     </gpxtpx:TrackPointExtension>
    </extensions>
   </trkpt>
   <trkpt lat="49.2868410" lon="-123.1422270">
    <ele>9.0</ele>
    <time>2026-04-19T16:57:00Z</time>
    <extensions>
     <power>206</power>
     <gpxtpx:TrackPointExtension>
      <gpxtpx:hr>163</gpxtpx:hr>
     </gpxtpx:TrackPointExtension>
    </extensions>
   </trkpt>
   <trkpt lat="49.2868220" lon="-123.1422370">
    <ele>8.8</ele>
    <time>2026-04-19T16:57:01Z</time>
    <extensions>
     <power>206</power>
     <gpxtpx:TrackPointExtension>
      <gpxtpx:hr>163</gpxtpx:hr>
     </gpxtpx:TrackPointExtension>
    </extensions>
   </trkpt>
   <trkpt lat="49.2868040" lon="-123.1422470">
    <ele>8.8</ele>
    <time>2026-04-19T16:57:02Z</time>
    <extensions>
     <power>206</power>
     <gpxtpx:TrackPointExtension>
      <gpxtpx:hr>163</gpxtpx:hr>
     </gpxtpx:TrackPointExtension>
    </extensions>
   </trkpt>
   <trkpt lat="49.2867630" lon="-123.1422700">
    <ele>8.8</ele>
    <time>2026-04-19T16:57:03Z</time>
    <extensions>
     <power>206</power>
     <gpxtpx:TrackPointExtension>
      <gpxtpx:hr>163</gpxtpx:hr>
     </gpxtpx:TrackPointExtension>
    </extensions>
   </trkpt>
   <trkpt lat="49.2867490" lon="-123.1422780">
    <ele>8.8</ele>
    <time>2026-04-19T16:57:04Z</time>
    <extensions>
     <power>209</power>
     <gpxtpx:TrackPointExtension>
      <gpxtpx:hr>163</gpxtpx:hr>
     </gpxtpx:TrackPointExtension>
    </extensions>
   </trkpt>
   <trkpt lat="49.2867020" lon="-123.1422980">
    <ele>8.8</ele>
    <time>2026-04-19T16:57:05Z</time>
    <extensions>
     <power>209</power>
     <gpxtpx:TrackPointExtension>
      <gpxtpx:hr>163</gpxtpx:hr>
     </gpxtpx:TrackPointExtension>
    </extensions>
   </trkpt>
   <trkpt lat="49.2866820" lon="-123.1423030">
    <ele>8.6</ele>
    <time>2026-04-19T16:57:06Z</time>
    <extensions>
     <power>209</power>
     <gpxtpx:TrackPointExtension>
      <gpxtpx:hr>163</gpxtpx:hr>
     </gpxtpx:TrackPointExtension>
    </extensions>
   </trkpt>
   <trkpt lat="49.2866630" lon="-123.1423090">
    <ele>8.6</ele>
    <time>2026-04-19T16:57:07Z</time>
    <extensions>
     <power>210</power>
     <gpxtpx:TrackPointExtension>
      <gpxtpx:hr>163</gpxtpx:hr>
     </gpxtpx:TrackPointExtension>
    </extensions>
   </trkpt>
   <trkpt lat="49.2866190" lon="-123.1423150">
    <ele>8.6</ele>
    <time>2026-04-19T16:57:08Z</time>
    <extensions>
     <power>210</power>
     <gpxtpx:TrackPointExtension>
      <gpxtpx:hr>163</gpxtpx:hr>
     </gpxtpx:TrackPointExtension>
    </extensions>
   </trkpt>
   <trkpt lat="49.2866050" lon="-123.1423160">
    <ele>8.6</ele>
    <time>2026-04-19T16:57:09Z</time>
    <extensions>
     <power>206</power>
     <gpxtpx:TrackPointExtension>
      <gpxtpx:hr>163</gpxtpx:hr>
     </gpxtpx:TrackPointExtension>
    </extensions>
   </trkpt>
   <trkpt lat="49.2865580" lon="-123.1423210">
    <ele>8.8</ele>
    <time>2026-04-19T16:57:10Z</time>
    <extensions>
     <power>206</power>
     <gpxtpx:TrackPointExtension>
      <gpxtpx:hr>163</gpxtpx:hr>
     </gpxtpx:TrackPointExtension>
    </extensions>
   </trkpt>
   <trkpt lat="49.2865390" lon="-123.1423230">
    <ele>8.8</ele>
    <time>2026-04-19T16:57:11Z</time>
    <extensions>
     <power>206</power>
     <gpxtpx:TrackPointExtension>
      <gpxtpx:hr>163</gpxtpx:hr>
     </gpxtpx:TrackPointExtension>
    </extensions>
   </trkpt>
   <trkpt lat="49.2865200" lon="-123.1423250">
    <ele>8.8</ele>
    <time>2026-04-19T16:57:12Z</time>
    <extensions>
     <power>205</power>
     <gpxtpx:TrackPointExtension>
      <gpxtpx:hr>163</gpxtpx:hr>
     </gpxtpx:TrackPointExtension>
    </extensions>
   </trkpt>
   <trkpt lat="49.2864760" lon="-123.1423340">
    <ele>8.8</ele>
    <time>2026-04-19T16:57:13Z</time>
    <extensions>
     <power>205</power>
     <gpxtpx:TrackPointExtension>
      <gpxtpx:hr>163</gpxtpx:hr>
     </gpxtpx:TrackPointExtension>
    </extensions>
   </trkpt>
   <trkpt lat="49.2864610" lon="-123.1423380">
    <ele>8.8</ele>
    <time>2026-04-19T16:57:14Z</time>
    <extensions>
     <power>205</power>
     <gpxtpx:TrackPointExtension>
      <gpxtpx:hr>163</gpxtpx:hr>
     </gpxtpx:TrackPointExtension>
    </extensions>
   </trkpt>
   <trkpt lat="49.2864140" lon="-123.1423570">
    <ele>8.8</ele>
    <time>2026-04-19T16:57:15Z</time>
    <extensions>
     <power>205</power>
     <gpxtpx:TrackPointExtension>
      <gpxtpx:hr>163</gpxtpx:hr>
     </gpxtpx:TrackPointExtension>
    </extensions>
   </trkpt>
   <trkpt lat="49.2863950" lon="-123.1423650">
    <ele>8.8</ele>
    <time>2026-04-19T16:57:16Z</time>
    <extensions>
     <power>205</power>
     <gpxtpx:TrackPointExtension>
      <gpxtpx:hr>163</gpxtpx:hr>
     </gpxtpx:TrackPointExtension>
    </extensions>
   </trkpt>
   <trkpt lat="49.2863760" lon="-123.1423730">
    <ele>8.8</ele>
    <time>2026-04-19T16:57:17Z</time>
    <extensions>
     <power>204</power>
     <gpxtpx:TrackPointExtension>
      <gpxtpx:hr>162</gpxtpx:hr>
     </gpxtpx:TrackPointExtension>
    </extensions>
   </trkpt>
   <trkpt lat="49.2863290" lon="-123.1423870">
    <ele>8.8</ele>
    <time>2026-04-19T16:57:18Z</time>
    <extensions>
     <power>204</power>
     <gpxtpx:TrackPointExtension>
      <gpxtpx:hr>162</gpxtpx:hr>
     </gpxtpx:TrackPointExtension>
    </extensions>
   </trkpt>
   <trkpt lat="49.2863110" lon="-123.1423900">
    <ele>8.8</ele>
    <time>2026-04-19T16:57:19Z</time>
    <extensions>
     <power>204</power>
     <gpxtpx:TrackPointExtension>
      <gpxtpx:hr>162</gpxtpx:hr>
     </gpxtpx:TrackPointExtension>
    </extensions>
   </trkpt>
   <trkpt lat="49.2862920" lon="-123.1423940">
    <ele>8.8</ele>
    <time>2026-04-19T16:57:20Z</time>
    <extensions>
     <power>201</power>
     <gpxtpx:TrackPointExtension>
      <gpxtpx:hr>162</gpxtpx:hr>
     </gpxtpx:TrackPointExtension>
    </extensions>
   </trkpt>
   <trkpt lat="49.2862470" lon="-123.1424040">
    <ele>8.8</ele>
    <time>2026-04-19T16:57:21Z</time>
    <extensions>
     <power>201</power>
     <gpxtpx:TrackPointExtension>
      <gpxtpx:hr>162</gpxtpx:hr>
     </gpxtpx:TrackPointExtension>
    </extensions>
   </trkpt>
   <trkpt lat="49.2862310" lon="-123.1424080">
    <ele>8.8</ele>
    <time>2026-04-19T16:57:22Z</time>
    <extensions>
     <power>206</power>
     <gpxtpx:TrackPointExtension>
      <gpxtpx:hr>162</gpxtpx:hr>
     </gpxtpx:TrackPointExtension>
    </extensions>
   </trkpt>
   <trkpt lat="49.2861780" lon="-123.1424270">
    <ele>9.0</ele>
    <time>2026-04-19T16:57:23Z</time>
    <extensions>
     <power>206</power>
     <gpxtpx:TrackPointExtension>
      <gpxtpx:hr>162</gpxtpx:hr>
     </gpxtpx:TrackPointExtension>
    </extensions>
   </trkpt>
   <trkpt lat="49.2861560" lon="-123.1424360">
    <ele>9.0</ele>
    <time>2026-04-19T16:57:24Z</time>
    <extensions>
     <power>206</power>
     <gpxtpx:TrackPointExtension>
      <gpxtpx:hr>162</gpxtpx:hr>
     </gpxtpx:TrackPointExtension>
    </extensions>
   </trkpt>
   <trkpt lat="49.2861340" lon="-123.1424440">
    <ele>9.0</ele>
    <time>2026-04-19T16:57:25Z</time>
    <extensions>
     <power>213</power>
     <gpxtpx:TrackPointExtension>
      <gpxtpx:hr>162</gpxtpx:hr>
     </gpxtpx:TrackPointExtension>
    </extensions>
   </trkpt>
   <trkpt lat="49.2860850" lon="-123.1424620">
    <ele>9.0</ele>
    <time>2026-04-19T16:57:26Z</time>
    <extensions>
     <power>213</power>
     <gpxtpx:TrackPointExtension>
      <gpxtpx:hr>162</gpxtpx:hr>
     </gpxtpx:TrackPointExtension>
    </extensions>
   </trkpt>
   <trkpt lat="49.2860690" lon="-123.1424660">
    <ele>9.0</ele>
    <time>2026-04-19T16:57:27Z</time>
    <extensions>
     <power>216</power>
     <gpxtpx:TrackPointExtension>
      <gpxtpx:hr>162</gpxtpx:hr>
     </gpxtpx:TrackPointExtension>
    </extensions>
   </trkpt>
   <trkpt lat="49.2860170" lon="-123.1424750">
    <ele>9.0</ele>
    <time>2026-04-19T16:57:28Z</time>
    <extensions>
     <power>216</power>
     <gpxtpx:TrackPointExtension>
      <gpxtpx:hr>162</gpxtpx:hr>
     </gpxtpx:TrackPointExtension>
    </extensions>
   </trkpt>
   <trkpt lat="49.2859970" lon="-123.1424780">
    <ele>9.0</ele>
    <time>2026-04-19T16:57:29Z</time>
    <extensions>
     <power>216</power>
     <gpxtpx:TrackPointExtension>
      <gpxtpx:hr>162</gpxtpx:hr>
     </gpxtpx:TrackPointExtension>
    </extensions>
   </trkpt>
   <trkpt lat="49.2859760" lon="-123.1424810">
    <ele>9.0</ele>
    <time>2026-04-19T16:57:30Z</time>
    <extensions>
     <power>220</power>
     <gpxtpx:TrackPointExtension>
      <gpxtpx:hr>162</gpxtpx:hr>
     </gpxtpx:TrackPointExtension>
    </extensions>
   </trkpt>
   <trkpt lat="49.2859310" lon="-123.1424930">
    <ele>9.0</ele>
    <time>2026-04-19T16:57:31Z</time>
    <extensions>
     <power>220</power>
     <gpxtpx:TrackPointExtension>
      <gpxtpx:hr>162</gpxtpx:hr>
     </gpxtpx:TrackPointExtension>
    </extensions>
   </trkpt>
   <trkpt lat="49.2859160" lon="-123.1424970">
    <ele>9.0</ele>
    <time>2026-04-19T16:57:32Z</time>
    <extensions>
     <power>219</power>
     <gpxtpx:TrackPointExtension>
      <gpxtpx:hr>162</gpxtpx:hr>
     </gpxtpx:TrackPointExtension>
    </extensions>
   </trkpt>
   <trkpt lat="49.2858680" lon="-123.1425110">
    <ele>9.0</ele>
    <time>2026-04-19T16:57:33Z</time>
    <extensions>
     <power>219</power>
     <gpxtpx:TrackPointExtension>
      <gpxtpx:hr>162</gpxtpx:hr>
     </gpxtpx:TrackPointExtension>
    </extensions>
   </trkpt>
   <trkpt lat="49.2858490" lon="-123.1425160">
    <ele>9.0</ele>
    <time>2026-04-19T16:57:34Z</time>
    <extensions>
     <power>219</power>
     <gpxtpx:TrackPointExtension>
      <gpxtpx:hr>165</gpxtpx:hr>
     </gpxtpx:TrackPointExtension>
    </extensions>
   </trkpt>
   <trkpt lat="49.2858300" lon="-123.1425220">
    <ele>9.0</ele>
    <time>2026-04-19T16:57:35Z</time>
    <extensions>
     <power>218</power>
     <gpxtpx:TrackPointExtension>
      <gpxtpx:hr>165</gpxtpx:hr>
     </gpxtpx:TrackPointExtension>
    </extensions>
   </trkpt>
   <trkpt lat="49.2857860" lon="-123.1425340">
    <ele>9.0</ele>
    <time>2026-04-19T16:57:36Z</time>
    <extensions>
     <power>218</power>
     <gpxtpx:TrackPointExtension>
      <gpxtpx:hr>165</gpxtpx:hr>
     </gpxtpx:TrackPointExtension>
    </extensions>
   </trkpt>
   <trkpt lat="49.2857710" lon="-123.1425370">
    <ele>9.0</ele>
    <time>2026-04-19T16:57:37Z</time>
    <extensions>
     <power>219</power>
     <gpxtpx:TrackPointExtension>
      <gpxtpx:hr>165</gpxtpx:hr>
     </gpxtpx:TrackPointExtension>
    </extensions>
   </trkpt>
   <trkpt lat="49.2857230" lon="-123.1425460">
    <ele>9.0</ele>
    <time>2026-04-19T16:57:38Z</time>
    <extensions>
     <power>219</power>
     <gpxtpx:TrackPointExtension>
      <gpxtpx:hr>165</gpxtpx:hr>
     </gpxtpx:TrackPointExtension>
    </extensions>
   </trkpt>
   <trkpt lat="49.2857030" lon="-123.1425490">
    <ele>9.0</ele>
    <time>2026-04-19T16:57:39Z</time>
    <extensions>
     <power>219</power>
     <gpxtpx:TrackPointExtension>
      <gpxtpx:hr>165</gpxtpx:hr>
     </gpxtpx:TrackPointExtension>
    </extensions>
   </trkpt>
   <trkpt lat="49.2856840" lon="-123.1425520">
    <ele>9.0</ele>
    <time>2026-04-19T16:57:40Z</time>
    <extensions>
     <power>218</power>
     <gpxtpx:TrackPointExtension>
      <gpxtpx:hr>165</gpxtpx:hr>
     </gpxtpx:TrackPointExtension>
    </extensions>
   </trkpt>
   <trkpt lat="49.2856360" lon="-123.1425630">
    <ele>9.0</ele>
    <time>2026-04-19T16:57:41Z</time>
    <extensions>
     <power>218</power>
     <gpxtpx:TrackPointExtension>
      <gpxtpx:hr>163</gpxtpx:hr>
     </gpxtpx:TrackPointExtension>
    </extensions>
   </trkpt>
   <trkpt lat="49.2856160" lon="-123.1425680">
    <ele>9.0</ele>
    <time>2026-04-19T16:57:42Z</time>
    <extensions>
     <power>218</power>
     <gpxtpx:TrackPointExtension>
      <gpxtpx:hr>163</gpxtpx:hr>
     </gpxtpx:TrackPointExtension>
    </extensions>
   </trkpt>
   <trkpt lat="49.2855970" lon="-123.1425740">
    <ele>9.2</ele>
    <time>2026-04-19T16:57:43Z</time>
    <extensions>
     <power>204</power>
     <gpxtpx:TrackPointExtension>
      <gpxtpx:hr>163</gpxtpx:hr>
     </gpxtpx:TrackPointExtension>
    </extensions>
   </trkpt>
   <trkpt lat="49.2855530" lon="-123.1425840">
    <ele>9.2</ele>
    <time>2026-04-19T16:57:44Z</time>
    <extensions>
     <power>204</power>
     <gpxtpx:TrackPointExtension>
      <gpxtpx:hr>163</gpxtpx:hr>
     </gpxtpx:TrackPointExtension>
    </extensions>
   </trkpt>
   <trkpt lat="49.2855380" lon="-123.1425860">
    <ele>9.2</ele>
    <time>2026-04-19T16:57:45Z</time>
    <extensions>
     <power>228</power>
     <gpxtpx:TrackPointExtension>
      <gpxtpx:hr>163</gpxtpx:hr>
     </gpxtpx:TrackPointExtension>
    </extensions>
   </trkpt>
   <trkpt lat="49.2854880" lon="-123.1425940">
    <ele>9.2</ele>
    <time>2026-04-19T16:57:46Z</time>
    <extensions>
     <power>228</power>
     <gpxtpx:TrackPointExtension>
      <gpxtpx:hr>163</gpxtpx:hr>
     </gpxtpx:TrackPointExtension>
    </extensions>
   </trkpt>
   <trkpt lat="49.2854680" lon="-123.1425980">
    <ele>9.2</ele>
    <time>2026-04-19T16:57:47Z</time>
    <extensions>
     <power>228</power>
     <gpxtpx:TrackPointExtension>
      <gpxtpx:hr>164</gpxtpx:hr>
     </gpxtpx:TrackPointExtension>
    </extensions>
   </trkpt>
   <trkpt lat="49.2854480" lon="-123.1426010">
    <ele>9.2</ele>
    <time>2026-04-19T16:57:48Z</time>
    <extensions>
     <power>225</power>
     <gpxtpx:TrackPointExtension>
      <gpxtpx:hr>164</gpxtpx:hr>
     </gpxtpx:TrackPointExtension>
    </extensions>
   </trkpt>
   <trkpt lat="49.2854070" lon="-123.1426110">
    <ele>9.2</ele>
    <time>2026-04-19T16:57:49Z</time>
    <extensions>
     <power>225</power>
     <gpxtpx:TrackPointExtension>
      <gpxtpx:hr>164</gpxtpx:hr>
     </gpxtpx:TrackPointExtension>
    </extensions>
   </trkpt>
   <trkpt lat="49.2853930" lon="-123.1426140">
    <ele>9.2</ele>
    <time>2026-04-19T16:57:50Z</time>
    <extensions>
     <power>209</power>
     <gpxtpx:TrackPointExtension>
      <gpxtpx:hr>164</gpxtpx:hr>
     </gpxtpx:TrackPointExtension>
    </extensions>
   </trkpt>
   <trkpt lat="49.2853510" lon="-123.1426260">
    <ele>9.2</ele>
    <time>2026-04-19T16:57:51Z</time>
    <extensions>
     <power>209</power>
     <gpxtpx:TrackPointExtension>
      <gpxtpx:hr>164</gpxtpx:hr>
     </gpxtpx:TrackPointExtension>
    </extensions>
   </trkpt>
   <trkpt lat="49.2853330" lon="-123.1426300">
    <ele>9.2</ele>
    <time>2026-04-19T16:57:52Z</time>
    <extensions>
     <power>209</power>
     <gpxtpx:TrackPointExtension>
      <gpxtpx:hr>166</gpxtpx:hr>
     </gpxtpx:TrackPointExtension>
    </extensions>
   </trkpt>
   <trkpt lat="49.2853160" lon="-123.1426340">
    <ele>9.2</ele>
    <time>2026-04-19T16:57:53Z</time>
    <extensions>
     <power>207</power>
     <gpxtpx:TrackPointExtension>
      <gpxtpx:hr>166</gpxtpx:hr>
     </gpxtpx:TrackPointExtension>
    </extensions>
   </trkpt>
   <trkpt lat="49.2852770" lon="-123.1426420">
    <ele>9.2</ele>
    <time>2026-04-19T16:57:54Z</time>
    <extensions>
     <power>207</power>
     <gpxtpx:TrackPointExtension>
      <gpxtpx:hr>166</gpxtpx:hr>
     </gpxtpx:TrackPointExtension>
    </extensions>
   </trkpt>
   <trkpt lat="49.2852630" lon="-123.1426440">
    <ele>9.2</ele>
    <time>2026-04-19T16:57:55Z</time>
    <extensions>
     <power>204</power>
     <gpxtpx:TrackPointExtension>
      <gpxtpx:hr>166</gpxtpx:hr>
     </gpxtpx:TrackPointExtension>
    </extensions>
   </trkpt>
   <trkpt lat="49.2852200" lon="-123.1426490">
    <ele>9.2</ele>
    <time>2026-04-19T16:57:56Z</time>
    <extensions>
     <power>204</power>
     <gpxtpx:TrackPointExtension>
      <gpxtpx:hr>166</gpxtpx:hr>
     </gpxtpx:TrackPointExtension>
    </extensions>
   </trkpt>
   <trkpt lat="49.2852010" lon="-123.1426500">
    <ele>9.2</ele>
    <time>2026-04-19T16:57:57Z</time>
    <extensions>
     <power>204</power>
     <gpxtpx:TrackPointExtension>
      <gpxtpx:hr>166</gpxtpx:hr>
     </gpxtpx:TrackPointExtension>
    </extensions>
   </trkpt>
   <trkpt lat="49.2851830" lon="-123.1426510">
    <ele>9.2</ele>
    <time>2026-04-19T16:57:58Z</time>
    <extensions>
     <power>203</power>
     <gpxtpx:TrackPointExtension>
      <gpxtpx:hr>166</gpxtpx:hr>
     </gpxtpx:TrackPointExtension>
    </extensions>
   </trkpt>
   <trkpt lat="49.2851410" lon="-123.1426540">
    <ele>9.4</ele>
    <time>2026-04-19T16:57:59Z</time>
    <extensions>
     <power>203</power>
     <gpxtpx:TrackPointExtension>
      <gpxtpx:hr>166</gpxtpx:hr>
     </gpxtpx:TrackPointExtension>
    </extensions>
   </trkpt>
   <trkpt lat="49.2851260" lon="-123.1426560">
    <ele>9.4</ele>
    <time>2026-04-19T16:58:00Z</time>
    <extensions>
     <power>207</power>
     <gpxtpx:TrackPointExtension>
      <gpxtpx:hr>166</gpxtpx:hr>
     </gpxtpx:TrackPointExtension>
    </extensions>
   </trkpt>
   <trkpt lat="49.2850780" lon="-123.1426710">
    <ele>9.4</ele>
    <time>2026-04-19T16:58:01Z</time>
    <extensions>
     <power>207</power>
     <gpxtpx:TrackPointExtension>
      <gpxtpx:hr>166</gpxtpx:hr>
     </gpxtpx:TrackPointExtension>
    </extensions>
   </trkpt>
   <trkpt lat="49.2850600" lon="-123.1426770">
    <ele>9.4</ele>
    <time>2026-04-19T16:58:02Z</time>
    <extensions>
     <power>207</power>
     <gpxtpx:TrackPointExtension>
      <gpxtpx:hr>166</gpxtpx:hr>
     </gpxtpx:TrackPointExtension>
    </extensions>
   </trkpt>
   <trkpt lat="49.2850410" lon="-123.1426840">
    <ele>9.4</ele>
    <time>2026-04-19T16:58:03Z</time>
    <extensions>
     <power>210</power>
     <gpxtpx:TrackPointExtension>
      <gpxtpx:hr>167</gpxtpx:hr>
     </gpxtpx:TrackPointExtension>
    </extensions>
   </trkpt>
   <trkpt lat="49.2849940" lon="-123.1426930">
    <ele>9.4</ele>
    <time>2026-04-19T16:58:04Z</time>
    <extensions>
     <power>210</power>
     <gpxtpx:TrackPointExtension>
      <gpxtpx:hr>167</gpxtpx:hr>
     </gpxtpx:TrackPointExtension>
    </extensions>
   </trkpt>
   <trkpt lat="49.2849750" lon="-123.1426950">
    <ele>9.4</ele>
    <time>2026-04-19T16:58:05Z</time>
    <extensions>
     <power>210</power>
     <gpxtpx:TrackPointExtension>
      <gpxtpx:hr>167</gpxtpx:hr>
     </gpxtpx:TrackPointExtension>
    </extensions>
   </trkpt>
   <trkpt lat="49.2849550" lon="-123.1426970">
    <ele>9.4</ele>
    <time>2026-04-19T16:58:06Z</time>
    <extensions>
     <power>214</power>
     <gpxtpx:TrackPointExtension>
      <gpxtpx:hr>166</gpxtpx:hr>
     </gpxtpx:TrackPointExtension>
    </extensions>
   </trkpt>
   <trkpt lat="49.2849140" lon="-123.1426940">
    <ele>9.4</ele>
    <time>2026-04-19T16:58:07Z</time>
    <extensions>
     <power>214</power>
     <gpxtpx:TrackPointExtension>
      <gpxtpx:hr>166</gpxtpx:hr>
     </gpxtpx:TrackPointExtension>
    </extensions>
   </trkpt>
   <trkpt lat="49.2849000" lon="-123.1426930">
    <ele>9.4</ele>
    <time>2026-04-19T16:58:08Z</time>
    <extensions>
     <power>215</power>
     <gpxtpx:TrackPointExtension>
      <gpxtpx:hr>166</gpxtpx:hr>
     </gpxtpx:TrackPointExtension>
    </extensions>
   </trkpt>
   <trkpt lat="49.2848570" lon="-123.1426910">
    <ele>9.6</ele>
    <time>2026-04-19T16:58:09Z</time>
    <extensions>
     <power>215</power>
     <gpxtpx:TrackPointExtension>
      <gpxtpx:hr>166</gpxtpx:hr>
     </gpxtpx:TrackPointExtension>
    </extensions>
   </trkpt>
   <trkpt lat="49.2848400" lon="-123.1426920">
    <ele>9.6</ele>
    <time>2026-04-19T16:58:10Z</time>
    <extensions>
     <power>215</power>
     <gpxtpx:TrackPointExtension>
      <gpxtpx:hr>166</gpxtpx:hr>
     </gpxtpx:TrackPointExtension>
    </extensions>
   </trkpt>
   <trkpt lat="49.2848230" lon="-123.1426920">
    <ele>9.6</ele>
    <time>2026-04-19T16:58:11Z</time>
    <extensions>
     <power>212</power>
     <gpxtpx:TrackPointExtension>
      <gpxtpx:hr>166</gpxtpx:hr>
     </gpxtpx:TrackPointExtension>
    </extensions>
   </trkpt>
   <trkpt lat="49.2847820" lon="-123.1427010">
    <ele>9.6</ele>
    <time>2026-04-19T16:58:12Z</time>
    <extensions>
     <power>212</power>
     <gpxtpx:TrackPointExtension>
      <gpxtpx:hr>167</gpxtpx:hr>
     </gpxtpx:TrackPointExtension>
    </extensions>
   </trkpt>
   <trkpt lat="49.2847680" lon="-123.1427040">
    <ele>9.6</ele>
    <time>2026-04-19T16:58:13Z</time>
    <extensions>
     <power>216</power>
     <gpxtpx:TrackPointExtension>
      <gpxtpx:hr>167</gpxtpx:hr>
     </gpxtpx:TrackPointExtension>
    </extensions>
   </trkpt>
   <trkpt lat="49.2847200" lon="-123.1427100">
    <ele>9.6</ele>
    <time>2026-04-19T16:58:14Z</time>
    <extensions>
     <power>216</power>
     <gpxtpx:TrackPointExtension>
      <gpxtpx:hr>167</gpxtpx:hr>
     </gpxtpx:TrackPointExtension>
    </extensions>
   </trkpt>
   <trkpt lat="49.2847010" lon="-123.1427100">
    <ele>9.8</ele>
    <time>2026-04-19T16:58:15Z</time>
    <extensions>
     <power>216</power>
     <gpxtpx:TrackPointExtension>
      <gpxtpx:hr>164</gpxtpx:hr>
     </gpxtpx:TrackPointExtension>
    </extensions>
   </trkpt>
   <trkpt lat="49.2846820" lon="-123.1427110">
    <ele>9.8</ele>
    <time>2026-04-19T16:58:16Z</time>
    <extensions>
     <power>217</power>
     <gpxtpx:TrackPointExtension>
      <gpxtpx:hr>164</gpxtpx:hr>
     </gpxtpx:TrackPointExtension>
    </extensions>
   </trkpt>
   <trkpt lat="49.2846420" lon="-123.1427030">
    <ele>9.8</ele>
    <time>2026-04-19T16:58:17Z</time>
    <extensions>
     <power>217</power>
     <gpxtpx:TrackPointExtension>
      <gpxtpx:hr>164</gpxtpx:hr>
     </gpxtpx:TrackPointExtension>
    </extensions>
   </trkpt>
   <trkpt lat="49.2846290" lon="-123.1427010">
    <ele>9.8</ele>
    <time>2026-04-19T16:58:18Z</time>
    <extensions>
     <power>216</power>
     <gpxtpx:TrackPointExtension>
      <gpxtpx:hr>164</gpxtpx:hr>
     </gpxtpx:TrackPointExtension>
    </extensions>
   </trkpt>
   <trkpt lat="49.2845860" lon="-123.1426940">
    <ele>9.8</ele>
    <time>2026-04-19T16:58:19Z</time>
    <extensions>
     <power>216</power>
     <gpxtpx:TrackPointExtension>
      <gpxtpx:hr>164</gpxtpx:hr>
     </gpxtpx:TrackPointExtension>
    </extensions>
   </trkpt>
   <trkpt lat="49.2845680" lon="-123.1426910">
    <ele>10.0</ele>
    <time>2026-04-19T16:58:20Z</time>
    <extensions>
     <power>216</power>
     <gpxtpx:TrackPointExtension>
      <gpxtpx:hr>164</gpxtpx:hr>
     </gpxtpx:TrackPointExtension>
    </extensions>
   </trkpt>
   <trkpt lat="49.2845510" lon="-123.1426890">
    <ele>10.0</ele>
    <time>2026-04-19T16:58:21Z</time>
    <extensions>
     <power>216</power>
     <gpxtpx:TrackPointExtension>
      <gpxtpx:hr>164</gpxtpx:hr>
     </gpxtpx:TrackPointExtension>
    </extensions>
   </trkpt>
   <trkpt lat="49.2845110" lon="-123.1426830">
    <ele>10.0</ele>
    <time>2026-04-19T16:58:22Z</time>
    <extensions>
     <power>216</power>
     <gpxtpx:TrackPointExtension>
      <gpxtpx:hr>164</gpxtpx:hr>
     </gpxtpx:TrackPointExtension>
    </extensions>
   </trkpt>
   <trkpt lat="49.2844980" lon="-123.1426810">
    <ele>10.0</ele>
    <time>2026-04-19T16:58:23Z</time>
    <extensions>
     <power>213</power>
     <gpxtpx:TrackPointExtension>
      <gpxtpx:hr>164</gpxtpx:hr>
     </gpxtpx:TrackPointExtension>
    </extensions>
   </trkpt>
   <trkpt lat="49.2844540" lon="-123.1426690">
    <ele>10.0</ele>
    <time>2026-04-19T16:58:24Z</time>
    <extensions>
     <power>213</power>
     <gpxtpx:TrackPointExtension>
      <gpxtpx:hr>164</gpxtpx:hr>
     </gpxtpx:TrackPointExtension>
    </extensions>
   </trkpt>
   <trkpt lat="49.2844360" lon="-123.1426640">
    <ele>10.0</ele>
    <time>2026-04-19T16:58:25Z</time>
    <extensions>
     <power>213</power>
     <gpxtpx:TrackPointExtension>
      <gpxtpx:hr>164</gpxtpx:hr>
     </gpxtpx:TrackPointExtension>
    </extensions>
   </trkpt>
   <trkpt lat="49.2844190" lon="-123.1426580">
    <ele>10.0</ele>
    <time>2026-04-19T16:58:26Z</time>
    <extensions>
     <power>214</power>
     <gpxtpx:TrackPointExtension>
      <gpxtpx:hr>164</gpxtpx:hr>
     </gpxtpx:TrackPointExtension>
    </extensions>
   </trkpt>
   <trkpt lat="49.2843770" lon="-123.1426400">
    <ele>10.0</ele>
    <time>2026-04-19T16:58:27Z</time>
    <extensions>
     <power>214</power>
     <gpxtpx:TrackPointExtension>
      <gpxtpx:hr>164</gpxtpx:hr>
     </gpxtpx:TrackPointExtension>
    </extensions>
   </trkpt>
   <trkpt lat="49.2843600" lon="-123.1426320">
    <ele>10.0</ele>
    <time>2026-04-19T16:58:28Z</time>
    <extensions>
     <power>214</power>
     <gpxtpx:TrackPointExtension>
      <gpxtpx:hr>164</gpxtpx:hr>
     </gpxtpx:TrackPointExtension>
    </extensions>
   </trkpt>
   <trkpt lat="49.2843440" lon="-123.1426240">
    <ele>9.8</ele>
    <time>2026-04-19T16:58:29Z</time>
    <extensions>
     <power>213</power>
     <gpxtpx:TrackPointExtension>
      <gpxtpx:hr>164</gpxtpx:hr>
     </gpxtpx:TrackPointExtension>
    </extensions>
   </trkpt>
   <trkpt lat="49.2843070" lon="-123.1426020">
    <ele>9.8</ele>
    <time>2026-04-19T16:58:30Z</time>
    <extensions>
     <power>213</power>
     <gpxtpx:TrackPointExtension>
      <gpxtpx:hr>164</gpxtpx:hr>
     </gpxtpx:TrackPointExtension>
    </extensions>
   </trkpt>
   <trkpt lat="49.2842940" lon="-123.1425940">
    <ele>9.8</ele>
    <time>2026-04-19T16:58:31Z</time>
    <extensions>
     <power>211</power>
     <gpxtpx:TrackPointExtension>
      <gpxtpx:hr>164</gpxtpx:hr>
     </gpxtpx:TrackPointExtension>
    </extensions>
   </trkpt>
   <trkpt lat="49.2842520" lon="-123.1425650">
    <ele>9.8</ele>
    <time>2026-04-19T16:58:32Z</time>
    <extensions>
     <power>211</power>
     <gpxtpx:TrackPointExtension>
      <gpxtpx:hr>164</gpxtpx:hr>
     </gpxtpx:TrackPointExtension>
    </extensions>
   </trkpt>
   <trkpt lat="49.2842350" lon="-123.1425530">
    <ele>9.8</ele>
    <time>2026-04-19T16:58:33Z</time>
    <extensions>
     <power>211</power>
     <gpxtpx:TrackPointExtension>
      <gpxtpx:hr>164</gpxtpx:hr>
     </gpxtpx:TrackPointExtension>
    </extensions>
   </trkpt>
   <trkpt lat="49.2842180" lon="-123.1425410">
    <ele>9.8</ele>
    <time>2026-04-19T16:58:34Z</time>
    <extensions>
     <power>213</power>
     <gpxtpx:TrackPointExtension>
      <gpxtpx:hr>164</gpxtpx:hr>
     </gpxtpx:TrackPointExtension>
    </extensions>
   </trkpt>
   <trkpt lat="49.2841800" lon="-123.1425140">
    <ele>9.8</ele>
    <time>2026-04-19T16:58:35Z</time>
    <extensions>
     <power>213</power>
     <gpxtpx:TrackPointExtension>
      <gpxtpx:hr>164</gpxtpx:hr>
     </gpxtpx:TrackPointExtension>
    </extensions>
   </trkpt>
   <trkpt lat="49.2841670" lon="-123.1425060">
    <ele>9.8</ele>
    <time>2026-04-19T16:58:36Z</time>
    <extensions>
     <power>214</power>
     <gpxtpx:TrackPointExtension>
      <gpxtpx:hr>164</gpxtpx:hr>
     </gpxtpx:TrackPointExtension>
    </extensions>
   </trkpt>
   <trkpt lat="49.2841250" lon="-123.1424770">
    <ele>9.8</ele>
    <time>2026-04-19T16:58:37Z</time>
    <extensions>
     <power>214</power>
     <gpxtpx:TrackPointExtension>
      <gpxtpx:hr>164</gpxtpx:hr>
     </gpxtpx:TrackPointExtension>
    </extensions>
   </trkpt>
   <trkpt lat="49.2841090" lon="-123.1424660">
    <ele>9.8</ele>
    <time>2026-04-19T16:58:38Z</time>
    <extensions>
     <power>214</power>
     <gpxtpx:TrackPointExtension>
      <gpxtpx:hr>164</gpxtpx:hr>
     </gpxtpx:TrackPointExtension>
    </extensions>
   </trkpt>
   <trkpt lat="49.2840920" lon="-123.1424540">
    <ele>9.8</ele>
    <time>2026-04-19T16:58:39Z</time>
    <extensions>
     <power>213</power>
     <gpxtpx:TrackPointExtension>
      <gpxtpx:hr>164</gpxtpx:hr>
     </gpxtpx:TrackPointExtension>
    </extensions>
   </trkpt>
   <trkpt lat="49.2840540" lon="-123.1424280">
    <ele>9.8</ele>
    <time>2026-04-19T16:58:40Z</time>
    <extensions>
     <power>213</power>
     <gpxtpx:TrackPointExtension>
      <gpxtpx:hr>164</gpxtpx:hr>
     </gpxtpx:TrackPointExtension>
    </extensions>
   </trkpt>
   <trkpt lat="49.2840400" lon="-123.1424190">
    <ele>9.8</ele>
    <time>2026-04-19T16:58:41Z</time>
    <extensions>
     <power>214</power>
     <gpxtpx:TrackPointExtension>
      <gpxtpx:hr>164</gpxtpx:hr>
     </gpxtpx:TrackPointExtension>
    </extensions>
   </trkpt>
   <trkpt lat="49.2839960" lon="-123.1423920">
    <ele>9.8</ele>
    <time>2026-04-19T16:58:42Z</time>
    <extensions>
     <power>214</power>
     <gpxtpx:TrackPointExtension>
      <gpxtpx:hr>164</gpxtpx:hr>
     </gpxtpx:TrackPointExtension>
    </extensions>
   </trkpt>
   <trkpt lat="49.2839790" lon="-123.1423820">
    <ele>9.8</ele>
    <time>2026-04-19T16:58:43Z</time>
    <extensions>
     <power>214</power>
     <gpxtpx:TrackPointExtension>
      <gpxtpx:hr>164</gpxtpx:hr>
     </gpxtpx:TrackPointExtension>
    </extensions>
   </trkpt>
   <trkpt lat="49.2839610" lon="-123.1423710">
    <ele>9.8</ele>
    <time>2026-04-19T16:58:44Z</time>
    <extensions>
     <power>216</power>
     <gpxtpx:TrackPointExtension>
      <gpxtpx:hr>164</gpxtpx:hr>
     </gpxtpx:TrackPointExtension>
    </extensions>
   </trkpt>
   <trkpt lat="49.2839210" lon="-123.1423480">
    <ele>9.8</ele>
    <time>2026-04-19T16:58:45Z</time>
    <extensions>
     <power>216</power>
     <gpxtpx:TrackPointExtension>
      <gpxtpx:hr>164</gpxtpx:hr>
     </gpxtpx:TrackPointExtension>
    </extensions>
   </trkpt>
   <trkpt lat="49.2839080" lon="-123.1423400">
    <ele>9.8</ele>
    <time>2026-04-19T16:58:46Z</time>
    <extensions>
     <power>215</power>
     <gpxtpx:TrackPointExtension>
      <gpxtpx:hr>165</gpxtpx:hr>
     </gpxtpx:TrackPointExtension>
    </extensions>
   </trkpt>
   <trkpt lat="49.2838650" lon="-123.1423140">
    <ele>10.0</ele>
    <time>2026-04-19T16:58:47Z</time>
    <extensions>
     <power>215</power>
     <gpxtpx:TrackPointExtension>
      <gpxtpx:hr>165</gpxtpx:hr>
     </gpxtpx:TrackPointExtension>
    </extensions>
   </trkpt>
   <trkpt lat="49.2838480" lon="-123.1423030">
    <ele>10.0</ele>
    <time>2026-04-19T16:58:48Z</time>
    <extensions>
     <power>215</power>
     <gpxtpx:TrackPointExtension>
      <gpxtpx:hr>165</gpxtpx:hr>
     </gpxtpx:TrackPointExtension>
    </extensions>
   </trkpt>
   <trkpt lat="49.2838300" lon="-123.1422920">
    <ele>10.0</ele>
    <time>2026-04-19T16:58:49Z</time>
    <extensions>
     <power>216</power>
     <gpxtpx:TrackPointExtension>
      <gpxtpx:hr>165</gpxtpx:hr>
     </gpxtpx:TrackPointExtension>
    </extensions>
   </trkpt>
   <trkpt lat="49.2837860" lon="-123.1422630">
    <ele>10.0</ele>
    <time>2026-04-19T16:58:50Z</time>
    <extensions>
     <power>216</power>
     <gpxtpx:TrackPointExtension>
      <gpxtpx:hr>165</gpxtpx:hr>
     </gpxtpx:TrackPointExtension>
    </extensions>
   </trkpt>
   <trkpt lat="49.2837680" lon="-123.1422500">
    <ele>10.0</ele>
    <time>2026-04-19T16:58:51Z</time>
    <extensions>
     <power>216</power>
     <gpxtpx:TrackPointExtension>
      <gpxtpx:hr>165</gpxtpx:hr>
     </gpxtpx:TrackPointExtension>
    </extensions>
   </trkpt>
   <trkpt lat="49.2837500" lon="-123.1422380">
    <ele>10.0</ele>
    <time>2026-04-19T16:58:52Z</time>
    <extensions>
     <power>218</power>
     <gpxtpx:TrackPointExtension>
      <gpxtpx:hr>165</gpxtpx:hr>
     </gpxtpx:TrackPointExtension>
    </extensions>
   </trkpt>
   <trkpt lat="49.2837110" lon="-123.1422100">
    <ele>10.0</ele>
    <time>2026-04-19T16:58:53Z</time>
    <extensions>
     <power>218</power>
     <gpxtpx:TrackPointExtension>
      <gpxtpx:hr>165</gpxtpx:hr>
     </gpxtpx:TrackPointExtension>
    </extensions>
   </trkpt>
   <trkpt lat="49.2836980" lon="-123.1422010">
    <ele>10.0</ele>
    <time>2026-04-19T16:58:54Z</time>
    <extensions>
     <power>219</power>
     <gpxtpx:TrackPointExtension>
      <gpxtpx:hr>165</gpxtpx:hr>
     </gpxtpx:TrackPointExtension>
    </extensions>
   </trkpt>
   <trkpt lat="49.2836550" lon="-123.1421720">
    <ele>10.0</ele>
    <time>2026-04-19T16:58:55Z</time>
    <extensions>
     <power>219</power>
     <gpxtpx:TrackPointExtension>
      <gpxtpx:hr>165</gpxtpx:hr>
     </gpxtpx:TrackPointExtension>
    </extensions>
   </trkpt>
   <trkpt lat="49.2836390" lon="-123.1421610">
    <ele>10.0</ele>
    <time>2026-04-19T16:58:56Z</time>
    <extensions>
     <power>219</power>
     <gpxtpx:TrackPointExtension>
      <gpxtpx:hr>165</gpxtpx:hr>
     </gpxtpx:TrackPointExtension>
    </extensions>
   </trkpt>
   <trkpt lat="49.2836220" lon="-123.1421500">
    <ele>10.0</ele>
    <time>2026-04-19T16:58:57Z</time>
    <extensions>
     <power>218</power>
     <gpxtpx:TrackPointExtension>
      <gpxtpx:hr>165</gpxtpx:hr>
     </gpxtpx:TrackPointExtension>
    </extensions>
   </trkpt>
   <trkpt lat="49.2835850" lon="-123.1421280">
    <ele>10.0</ele>
    <time>2026-04-19T16:58:58Z</time>
    <extensions>
     <power>218</power>
     <gpxtpx:TrackPointExtension>
      <gpxtpx:hr>165</gpxtpx:hr>
     </gpxtpx:TrackPointExtension>
    </extensions>
   </trkpt>
   <trkpt lat="49.2835720" lon="-123.1421220">
    <ele>10.0</ele>
    <time>2026-04-19T16:58:59Z</time>
    <extensions>
     <power>214</power>
     <gpxtpx:TrackPointExtension>
      <gpxtpx:hr>165</gpxtpx:hr>
     </gpxtpx:TrackPointExtension>
    </extensions>
   </trkpt>
   <trkpt lat="49.2835310" lon="-123.1421000">
    <ele>10.0</ele>
    <time>2026-04-19T16:59:00Z</time>
    <extensions>
     <power>214</power>
     <gpxtpx:TrackPointExtension>
      <gpxtpx:hr>165</gpxtpx:hr>
     </gpxtpx:TrackPointExtension>
    </extensions>
   </trkpt>
   <trkpt lat="49.2835140" lon="-123.1420910">
    <ele>10.0</ele>
    <time>2026-04-19T16:59:01Z</time>
    <extensions>
     <power>214</power>
     <gpxtpx:TrackPointExtension>
      <gpxtpx:hr>165</gpxtpx:hr>
     </gpxtpx:TrackPointExtension>
    </extensions>
   </trkpt>
   <trkpt lat="49.2834970" lon="-123.1420820">
    <ele>10.0</ele>
    <time>2026-04-19T16:59:02Z</time>
    <extensions>
     <power>211</power>
     <gpxtpx:TrackPointExtension>
      <gpxtpx:hr>165</gpxtpx:hr>
     </gpxtpx:TrackPointExtension>
    </extensions>
   </trkpt>
   <trkpt lat="49.2834600" lon="-123.1420620">
    <ele>10.0</ele>
    <time>2026-04-19T16:59:03Z</time>
    <extensions>
     <power>211</power>
     <gpxtpx:TrackPointExtension>
      <gpxtpx:hr>165</gpxtpx:hr>
     </gpxtpx:TrackPointExtension>
    </extensions>
   </trkpt>
   <trkpt lat="49.2834470" lon="-123.1420550">
    <ele>10.2</ele>
    <time>2026-04-19T16:59:04Z</time>
    <extensions>
     <power>209</power>
     <gpxtpx:TrackPointExtension>
      <gpxtpx:hr>165</gpxtpx:hr>
     </gpxtpx:TrackPointExtension>
    </extensions>
   </trkpt>
   <trkpt lat="49.2834050" lon="-123.1420240">
    <ele>10.2</ele>
    <time>2026-04-19T16:59:05Z</time>
    <extensions>
     <power>209</power>
     <gpxtpx:TrackPointExtension>
      <gpxtpx:hr>165</gpxtpx:hr>
     </gpxtpx:TrackPointExtension>
    </extensions>
   </trkpt>
   <trkpt lat="49.2833880" lon="-123.1420090">
    <ele>10.2</ele>
    <time>2026-04-19T16:59:06Z</time>
    <extensions>
     <power>209</power>
     <gpxtpx:TrackPointExtension>
      <gpxtpx:hr>165</gpxtpx:hr>
     </gpxtpx:TrackPointExtension>
    </extensions>
   </trkpt>
   <trkpt lat="49.2833710" lon="-123.1419950">
    <ele>10.2</ele>
    <time>2026-04-19T16:59:07Z</time>
    <extensions>
     <power>210</power>
     <gpxtpx:TrackPointExtension>
      <gpxtpx:hr>165</gpxtpx:hr>
     </gpxtpx:TrackPointExtension>
    </extensions>
   </trkpt>
   <trkpt lat="49.2833320" lon="-123.1419590">
    <ele>10.2</ele>
    <time>2026-04-19T16:59:08Z</time>
    <extensions>
     <power>210</power>
     <gpxtpx:TrackPointExtension>
      <gpxtpx:hr>165</gpxtpx:hr>
     </gpxtpx:TrackPointExtension>
    </extensions>
   </trkpt>
   <trkpt lat="49.2833190" lon="-123.1419470">
    <ele>10.2</ele>
    <time>2026-04-19T16:59:09Z</time>
    <extensions>
     <power>212</power>
     <gpxtpx:TrackPointExtension>
      <gpxtpx:hr>165</gpxtpx:hr>
     </gpxtpx:TrackPointExtension>
    </extensions>
   </trkpt>
   <trkpt lat="49.2832780" lon="-123.1419080">
    <ele>10.2</ele>
    <time>2026-04-19T16:59:10Z</time>
    <extensions>
     <power>212</power>
     <gpxtpx:TrackPointExtension>
      <gpxtpx:hr>165</gpxtpx:hr>
     </gpxtpx:TrackPointExtension>
    </extensions>
   </trkpt>
   <trkpt lat="49.2832620" lon="-123.1418920">
    <ele>10.2</ele>
    <time>2026-04-19T16:59:11Z</time>
    <extensions>
     <power>212</power>
     <gpxtpx:TrackPointExtension>
      <gpxtpx:hr>165</gpxtpx:hr>
     </gpxtpx:TrackPointExtension>
    </extensions>
   </trkpt>
   <trkpt lat="49.2832460" lon="-123.1418760">
    <ele>10.4</ele>
    <time>2026-04-19T16:59:12Z</time>
    <extensions>
     <power>213</power>
     <gpxtpx:TrackPointExtension>
      <gpxtpx:hr>165</gpxtpx:hr>
     </gpxtpx:TrackPointExtension>
    </extensions>
   </trkpt>
   <trkpt lat="49.2832090" lon="-123.1418340">
    <ele>10.4</ele>
    <time>2026-04-19T16:59:13Z</time>
    <extensions>
     <power>213</power>
     <gpxtpx:TrackPointExtension>
      <gpxtpx:hr>165</gpxtpx:hr>
     </gpxtpx:TrackPointExtension>
    </extensions>
   </trkpt>
   <trkpt lat="49.2831940" lon="-123.1418170">
    <ele>10.4</ele>
    <time>2026-04-19T16:59:14Z</time>
    <extensions>
     <power>213</power>
     <gpxtpx:TrackPointExtension>
      <gpxtpx:hr>165</gpxtpx:hr>
     </gpxtpx:TrackPointExtension>
    </extensions>
   </trkpt>
   <trkpt lat="49.2831790" lon="-123.1418000">
    <ele>10.4</ele>
    <time>2026-04-19T16:59:15Z</time>
    <extensions>
     <power>213</power>
     <gpxtpx:TrackPointExtension>
      <gpxtpx:hr>165</gpxtpx:hr>
     </gpxtpx:TrackPointExtension>
    </extensions>
   </trkpt>
   <trkpt lat="49.2831460" lon="-123.1417620">
    <ele>10.4</ele>
    <time>2026-04-19T16:59:16Z</time>
    <extensions>
     <power>213</power>
     <gpxtpx:TrackPointExtension>
      <gpxtpx:hr>165</gpxtpx:hr>
     </gpxtpx:TrackPointExtension>
    </extensions>
   </trkpt>
   <trkpt lat="49.2831350" lon="-123.1417490">
    <ele>10.4</ele>
    <time>2026-04-19T16:59:17Z</time>
    <extensions>
     <power>213</power>
     <gpxtpx:TrackPointExtension>
      <gpxtpx:hr>165</gpxtpx:hr>
     </gpxtpx:TrackPointExtension>
    </extensions>
   </trkpt>
   <trkpt lat="49.2831000" lon="-123.1417050">
    <ele>10.6</ele>
    <time>2026-04-19T16:59:18Z</time>
    <extensions>
     <power>213</power>
     <gpxtpx:TrackPointExtension>
      <gpxtpx:hr>165</gpxtpx:hr>
     </gpxtpx:TrackPointExtension>
    </extensions>
   </trkpt>
   <trkpt lat="49.2830860" lon="-123.1416870">
    <ele>10.6</ele>
    <time>2026-04-19T16:59:19Z</time>
    <extensions>
     <power>213</power>
     <gpxtpx:TrackPointExtension>
      <gpxtpx:hr>165</gpxtpx:hr>
     </gpxtpx:TrackPointExtension>
    </extensions>
   </trkpt>
   <trkpt lat="49.2830720" lon="-123.1416690">
    <ele>10.6</ele>
    <time>2026-04-19T16:59:20Z</time>
    <extensions>
     <power>214</power>
     <gpxtpx:TrackPointExtension>
      <gpxtpx:hr>165</gpxtpx:hr>
     </gpxtpx:TrackPointExtension>
    </extensions>
   </trkpt>
   <trkpt lat="49.2830410" lon="-123.1416260">
    <ele>10.6</ele>
    <time>2026-04-19T16:59:21Z</time>
    <extensions>
     <power>214</power>
     <gpxtpx:TrackPointExtension>
      <gpxtpx:hr>165</gpxtpx:hr>
     </gpxtpx:TrackPointExtension>
    </extensions>
   </trkpt>
   <trkpt lat="49.2830300" lon="-123.1416110">
    <ele>10.6</ele>
    <time>2026-04-19T16:59:22Z</time>
    <extensions>
     <power>216</power>
     <gpxtpx:TrackPointExtension>
      <gpxtpx:hr>165</gpxtpx:hr>
     </gpxtpx:TrackPointExtension>
    </extensions>
   </trkpt>
   <trkpt lat="49.2829970" lon="-123.1415640">
    <ele>10.6</ele>
    <time>2026-04-19T16:59:23Z</time>
    <extensions>
     <power>216</power>
     <gpxtpx:TrackPointExtension>
      <gpxtpx:hr>165</gpxtpx:hr>
     </gpxtpx:TrackPointExtension>
    </extensions>
   </trkpt>
   <trkpt lat="49.2829830" lon="-123.1415460">
    <ele>10.6</ele>
    <time>2026-04-19T16:59:24Z</time>
    <extensions>
     <power>216</power>
     <gpxtpx:TrackPointExtension>
      <gpxtpx:hr>165</gpxtpx:hr>
     </gpxtpx:TrackPointExtension>
    </extensions>
   </trkpt>
   <trkpt lat="49.2829700" lon="-123.1415280">
    <ele>10.6</ele>
    <time>2026-04-19T16:59:25Z</time>
    <extensions>
     <power>213</power>
     <gpxtpx:TrackPointExtension>
      <gpxtpx:hr>165</gpxtpx:hr>
     </gpxtpx:TrackPointExtension>
    </extensions>
   </trkpt>
   <trkpt lat="49.2829410" lon="-123.1414870">
    <ele>10.6</ele>
    <time>2026-04-19T16:59:26Z</time>
    <extensions>
     <power>213</power>
     <gpxtpx:TrackPointExtension>
      <gpxtpx:hr>165</gpxtpx:hr>
     </gpxtpx:TrackPointExtension>
    </extensions>
   </trkpt>
   <trkpt lat="49.2829310" lon="-123.1414740">
    <ele>10.6</ele>
    <time>2026-04-19T16:59:27Z</time>
    <extensions>
     <power>212</power>
     <gpxtpx:TrackPointExtension>
      <gpxtpx:hr>165</gpxtpx:hr>
     </gpxtpx:TrackPointExtension>
    </extensions>
   </trkpt>
   <trkpt lat="49.2828980" lon="-123.1414240">
    <ele>10.6</ele>
    <time>2026-04-19T16:59:28Z</time>
    <extensions>
     <power>212</power>
     <gpxtpx:TrackPointExtension>
      <gpxtpx:hr>165</gpxtpx:hr>
     </gpxtpx:TrackPointExtension>
    </extensions>
   </trkpt>
   <trkpt lat="49.2828840" lon="-123.1414030">
    <ele>10.6</ele>
    <time>2026-04-19T16:59:29Z</time>
    <extensions>
     <power>212</power>
     <gpxtpx:TrackPointExtension>
      <gpxtpx:hr>165</gpxtpx:hr>
     </gpxtpx:TrackPointExtension>
    </extensions>
   </trkpt>
   <trkpt lat="49.2828710" lon="-123.1413820">
    <ele>10.8</ele>
    <time>2026-04-19T16:59:30Z</time>
    <extensions>
     <power>213</power>
     <gpxtpx:TrackPointExtension>
      <gpxtpx:hr>165</gpxtpx:hr>
     </gpxtpx:TrackPointExtension>
    </extensions>
   </trkpt>
   <trkpt lat="49.2828430" lon="-123.1413350">
    <ele>10.8</ele>
    <time>2026-04-19T16:59:31Z</time>
    <extensions>
     <power>213</power>
     <gpxtpx:TrackPointExtension>
      <gpxtpx:hr>165</gpxtpx:hr>
     </gpxtpx:TrackPointExtension>
    </extensions>
   </trkpt>
   <trkpt lat="49.2828330" lon="-123.1413200">
    <ele>10.8</ele>
    <time>2026-04-19T16:59:32Z</time>
    <extensions>
     <power>213</power>
     <gpxtpx:TrackPointExtension>
      <gpxtpx:hr>165</gpxtpx:hr>
     </gpxtpx:TrackPointExtension>
    </extensions>
   </trkpt>
   <trkpt lat="49.2828000" lon="-123.1412720">
    <ele>10.8</ele>
    <time>2026-04-19T16:59:33Z</time>
    <extensions>
     <power>213</power>
     <gpxtpx:TrackPointExtension>
      <gpxtpx:hr>165</gpxtpx:hr>
     </gpxtpx:TrackPointExtension>
    </extensions>
   </trkpt>
   <trkpt lat="49.2827880" lon="-123.1412530">
    <ele>10.8</ele>
    <time>2026-04-19T16:59:34Z</time>
    <extensions>
     <power>213</power>
     <gpxtpx:TrackPointExtension>
      <gpxtpx:hr>165</gpxtpx:hr>
     </gpxtpx:TrackPointExtension>
    </extensions>
   </trkpt>
   <trkpt lat="49.2827750" lon="-123.1412340">
    <ele>10.8</ele>
    <time>2026-04-19T16:59:35Z</time>
    <extensions>
     <power>213</power>
     <gpxtpx:TrackPointExtension>
      <gpxtpx:hr>165</gpxtpx:hr>
     </gpxtpx:TrackPointExtension>
    </extensions>
   </trkpt>
   <trkpt lat="49.2827450" lon="-123.1411870">
    <ele>10.8</ele>
    <time>2026-04-19T16:59:36Z</time>
    <extensions>
     <power>213</power>
     <gpxtpx:TrackPointExtension>
      <gpxtpx:hr>165</gpxtpx:hr>
     </gpxtpx:TrackPointExtension>
    </extensions>
   </trkpt>
   <trkpt lat="49.2827340" lon="-123.1411690">
    <ele>10.8</ele>
    <time>2026-04-19T16:59:37Z</time>
    <extensions>
     <power>213</power>
     <gpxtpx:TrackPointExtension>
      <gpxtpx:hr>165</gpxtpx:hr>
     </gpxtpx:TrackPointExtension>
    </extensions>
   </trkpt>
   <trkpt lat="49.2827220" lon="-123.1411500">
    <ele>10.8</ele>
    <time>2026-04-19T16:59:38Z</time>
    <extensions>
     <power>211</power>
     <gpxtpx:TrackPointExtension>
      <gpxtpx:hr>165</gpxtpx:hr>
     </gpxtpx:TrackPointExtension>
    </extensions>
   </trkpt>
   <trkpt lat="49.2826980" lon="-123.1411110">
    <ele>11.0</ele>
    <time>2026-04-19T16:59:39Z</time>
    <extensions>
     <power>211</power>
     <gpxtpx:TrackPointExtension>
      <gpxtpx:hr>165</gpxtpx:hr>
     </gpxtpx:TrackPointExtension>
    </extensions>
   </trkpt>
   <trkpt lat="49.2826900" lon="-123.1410990">
    <ele>11.0</ele>
    <time>2026-04-19T16:59:40Z</time>
    <extensions>
     <power>205</power>
     <gpxtpx:TrackPointExtension>
      <gpxtpx:hr>165</gpxtpx:hr>
     </gpxtpx:TrackPointExtension>
    </extensions>
   </trkpt>
   <trkpt lat="49.2826650" lon="-123.1410570">
    <ele>11.0</ele>
    <time>2026-04-19T16:59:41Z</time>
    <extensions>
     <power>205</power>
     <gpxtpx:TrackPointExtension>
      <gpxtpx:hr>165</gpxtpx:hr>
     </gpxtpx:TrackPointExtension>
    </extensions>
   </trkpt>
   <trkpt lat="49.2826540" lon="-123.1410410">
    <ele>11.0</ele>
    <time>2026-04-19T16:59:42Z</time>
    <extensions>
     <power>205</power>
     <gpxtpx:TrackPointExtension>
      <gpxtpx:hr>165</gpxtpx:hr>
     </gpxtpx:TrackPointExtension>
    </extensions>
   </trkpt>
   <trkpt lat="49.2826440" lon="-123.1410240">
    <ele>11.0</ele>
    <time>2026-04-19T16:59:43Z</time>
    <extensions>
     <power>178</power>
     <gpxtpx:TrackPointExtension>
      <gpxtpx:hr>165</gpxtpx:hr>
     </gpxtpx:TrackPointExtension>
    </extensions>
   </trkpt>
   <trkpt lat="49.2826200" lon="-123.1409820">
    <ele>11.0</ele>
    <time>2026-04-19T16:59:44Z</time>
    <extensions>
     <power>178</power>
     <gpxtpx:TrackPointExtension>
      <gpxtpx:hr>165</gpxtpx:hr>
     </gpxtpx:TrackPointExtension>
    </extensions>
   </trkpt>
   <trkpt lat="49.2826110" lon="-123.1409680">
    <ele>11.0</ele>
    <time>2026-04-19T16:59:45Z</time>
    <extensions>
     <power>188</power>
     <gpxtpx:TrackPointExtension>
      <gpxtpx:hr>165</gpxtpx:hr>
     </gpxtpx:TrackPointExtension>
    </extensions>
   </trkpt>
   <trkpt lat="49.2825830" lon="-123.1409270">
    <ele>11.0</ele>
    <time>2026-04-19T16:59:46Z</time>
    <extensions>
     <power>188</power>
     <gpxtpx:TrackPointExtension>
      <gpxtpx:hr>165</gpxtpx:hr>
     </gpxtpx:TrackPointExtension>
    </extensions>
   </trkpt>
   <trkpt lat="49.2825720" lon="-123.1409110">
    <ele>11.0</ele>
    <time>2026-04-19T16:59:47Z</time>
    <extensions>
     <power>188</power>
     <gpxtpx:TrackPointExtension>
      <gpxtpx:hr>165</gpxtpx:hr>
     </gpxtpx:TrackPointExtension>
    </extensions>
   </trkpt>
   <trkpt lat="49.2825610" lon="-123.1408950">
    <ele>11.2</ele>
    <time>2026-04-19T16:59:48Z</time>
    <extensions>
     <power>184</power>
     <gpxtpx:TrackPointExtension>
      <gpxtpx:hr>165</gpxtpx:hr>
     </gpxtpx:TrackPointExtension>
    </extensions>
   </trkpt>
   <trkpt lat="49.2825360" lon="-123.1408530">
    <ele>11.2</ele>
    <time>2026-04-19T16:59:49Z</time>
    <extensions>
     <power>184</power>
     <gpxtpx:TrackPointExtension>
      <gpxtpx:hr>165</gpxtpx:hr>
     </gpxtpx:TrackPointExtension>
    </extensions>
   </trkpt>
   <trkpt lat="49.2825270" lon="-123.1408390">
    <ele>11.2</ele>
    <time>2026-04-19T16:59:50Z</time>
    <extensions>
     <power>189</power>
     <gpxtpx:TrackPointExtension>
      <gpxtpx:hr>165</gpxtpx:hr>
     </gpxtpx:TrackPointExtension>
    </extensions>
   </trkpt>
   <trkpt lat="49.2824980" lon="-123.1407880">
    <ele>11.2</ele>
    <time>2026-04-19T16:59:51Z</time>
    <extensions>
     <power>189</power>
     <gpxtpx:TrackPointExtension>
      <gpxtpx:hr>165</gpxtpx:hr>
     </gpxtpx:TrackPointExtension>
    </extensions>
   </trkpt>
   <trkpt lat="49.2824860" lon="-123.1407690">
    <ele>11.2</ele>
    <time>2026-04-19T16:59:52Z</time>
    <extensions>
     <power>189</power>
     <gpxtpx:TrackPointExtension>
      <gpxtpx:hr>165</gpxtpx:hr>
     </gpxtpx:TrackPointExtension>
    </extensions>
   </trkpt>
   <trkpt lat="49.2824740" lon="-123.1407500">
    <ele>11.2</ele>
    <time>2026-04-19T16:59:53Z</time>
    <extensions>
     <power>191</power>
     <gpxtpx:TrackPointExtension>
      <gpxtpx:hr>165</gpxtpx:hr>
     </gpxtpx:TrackPointExtension>
    </extensions>
   </trkpt>
   <trkpt lat="49.2824470" lon="-123.1407140">
    <ele>11.2</ele>
    <time>2026-04-19T16:59:54Z</time>
    <extensions>
     <power>191</power>
     <gpxtpx:TrackPointExtension>
      <gpxtpx:hr>165</gpxtpx:hr>
     </gpxtpx:TrackPointExtension>
    </extensions>
   </trkpt>
   <trkpt lat="49.2824380" lon="-123.1407030">
    <ele>11.2</ele>
    <time>2026-04-19T16:59:55Z</time>
    <extensions>
     <power>190</power>
     <gpxtpx:TrackPointExtension>
      <gpxtpx:hr>165</gpxtpx:hr>
     </gpxtpx:TrackPointExtension>
    </extensions>
   </trkpt>
   <trkpt lat="49.2824050" lon="-123.1406650">
    <ele>11.2</ele>
    <time>2026-04-19T16:59:56Z</time>
    <extensions>
     <power>190</power>
     <gpxtpx:TrackPointExtension>
      <gpxtpx:hr>165</gpxtpx:hr>
     </gpxtpx:TrackPointExtension>
    </extensions>
   </trkpt>
   <trkpt lat="49.2823910" lon="-123.1406490">
    <ele>11.2</ele>
    <time>2026-04-19T16:59:57Z</time>
    <extensions>
     <power>190</power>
     <gpxtpx:TrackPointExtension>
      <gpxtpx:hr>165</gpxtpx:hr>
     </gpxtpx:TrackPointExtension>
    </extensions>
   </trkpt>
   <trkpt lat="49.2823780" lon="-123.1406330">
    <ele>11.4</ele>
    <time>2026-04-19T16:59:58Z</time>
    <extensions>
     <power>192</power>
     <gpxtpx:TrackPointExtension>
      <gpxtpx:hr>165</gpxtpx:hr>
     </gpxtpx:TrackPointExtension>
    </extensions>
   </trkpt>
   <trkpt lat="49.2823450" lon="-123.1405860">
    <ele>11.4</ele>
    <time>2026-04-19T16:59:59Z</time>
    <extensions>
     <power>192</power>
     <gpxtpx:TrackPointExtension>
      <gpxtpx:hr>165</gpxtpx:hr>
     </gpxtpx:TrackPointExtension>
    </extensions>
   </trkpt>
   <trkpt lat="49.2823310" lon="-123.1405680">
    <ele>11.4</ele>
    <time>2026-04-19T17:00:00Z</time>
    <extensions>
     <power>192</power>
     <gpxtpx:TrackPointExtension>
      <gpxtpx:hr>165</gpxtpx:hr>
     </gpxtpx:TrackPointExtension>
    </extensions>
   </trkpt>
   <trkpt lat="49.2823180" lon="-123.1405490">
    <ele>11.4</ele>
    <time>2026-04-19T17:00:01Z</time>
    <extensions>
     <power>197</power>
     <gpxtpx:TrackPointExtension>
      <gpxtpx:hr>165</gpxtpx:hr>
     </gpxtpx:TrackPointExtension>
    </extensions>
   </trkpt>
   <trkpt lat="49.2822900" lon="-123.1405070">
    <ele>11.4</ele>
    <time>2026-04-19T17:00:02Z</time>
    <extensions>
     <power>197</power>
     <gpxtpx:TrackPointExtension>
      <gpxtpx:hr>165</gpxtpx:hr>
     </gpxtpx:TrackPointExtension>
    </extensions>
   </trkpt>
   <trkpt lat="49.2822810" lon="-123.1404930">
    <ele>11.4</ele>
    <time>2026-04-19T17:00:03Z</time>
    <extensions>
     <power>197</power>
     <gpxtpx:TrackPointExtension>
      <gpxtpx:hr>165</gpxtpx:hr>
     </gpxtpx:TrackPointExtension>
    </extensions>
   </trkpt>
   <trkpt lat="49.2822510" lon="-123.1404420">
    <ele>11.4</ele>
    <time>2026-04-19T17:00:04Z</time>
    <extensions>
     <power>197</power>
     <gpxtpx:TrackPointExtension>
      <gpxtpx:hr>165</gpxtpx:hr>
     </gpxtpx:TrackPointExtension>
    </extensions>
   </trkpt>
   <trkpt lat="49.2822390" lon="-123.1404210">
    <ele>11.4</ele>
    <time>2026-04-19T17:00:05Z</time>
    <extensions>
     <power>197</power>
     <gpxtpx:TrackPointExtension>
      <gpxtpx:hr>165</gpxtpx:hr>
     </gpxtpx:TrackPointExtension>
    </extensions>
   </trkpt>
   <trkpt lat="49.2822270" lon="-123.1404000">
    <ele>11.4</ele>
    <time>2026-04-19T17:00:06Z</time>
    <extensions>
     <power>200</power>
     <gpxtpx:TrackPointExtension>
      <gpxtpx:hr>165</gpxtpx:hr>
     </gpxtpx:TrackPointExtension>
    </extensions>
   </trkpt>
   <trkpt lat="49.2822020" lon="-123.1403550">
    <ele>11.4</ele>
    <time>2026-04-19T17:00:07Z</time>
    <extensions>
     <power>200</power>
     <gpxtpx:TrackPointExtension>
      <gpxtpx:hr>165</gpxtpx:hr>
     </gpxtpx:TrackPointExtension>
    </extensions>
   </trkpt>
   <trkpt lat="49.2821930" lon="-123.1403400">
    <ele>11.4</ele>
    <time>2026-04-19T17:00:08Z</time>
    <extensions>
     <power>206</power>
     <gpxtpx:TrackPointExtension>
      <gpxtpx:hr>165</gpxtpx:hr>
     </gpxtpx:TrackPointExtension>
    </extensions>
   </trkpt>
   <trkpt lat="49.2821630" lon="-123.1402920">
    <ele>11.4</ele>
    <time>2026-04-19T17:00:09Z</time>
    <extensions>
     <power>206</power>
     <gpxtpx:TrackPointExtension>
      <gpxtpx:hr>165</gpxtpx:hr>
     </gpxtpx:TrackPointExtension>
    </extensions>
   </trkpt>
   <trkpt lat="49.2821510" lon="-123.1402730">
    <ele>11.4</ele>
    <time>2026-04-19T17:00:10Z</time>
    <extensions>
     <power>206</power>
     <gpxtpx:TrackPointExtension>
      <gpxtpx:hr>165</gpxtpx:hr>
     </gpxtpx:TrackPointExtension>
    </extensions>
   </trkpt>
   <trkpt lat="49.2821390" lon="-123.1402540">
    <ele>11.4</ele>
    <time>2026-04-19T17:00:11Z</time>
    <extensions>
     <power>206</power>
     <gpxtpx:TrackPointExtension>
      <gpxtpx:hr>165</gpxtpx:hr>
     </gpxtpx:TrackPointExtension>
    </extensions>
   </trkpt>
   <trkpt lat="49.2821100" lon="-123.1402120">
    <ele>11.4</ele>
    <time>2026-04-19T17:00:12Z</time>
    <extensions>
     <power>206</power>
     <gpxtpx:TrackPointExtension>
      <gpxtpx:hr>165</gpxtpx:hr>
     </gpxtpx:TrackPointExtension>
    </extensions>
   </trkpt>
   <trkpt lat="49.2821000" lon="-123.1401980">
    <ele>11.4</ele>
    <time>2026-04-19T17:00:13Z</time>
    <extensions>
     <power>207</power>
     <gpxtpx:TrackPointExtension>
      <gpxtpx:hr>165</gpxtpx:hr>
     </gpxtpx:TrackPointExtension>
    </extensions>
   </trkpt>
   <trkpt lat="49.2820690" lon="-123.1401480">
    <ele>11.4</ele>
    <time>2026-04-19T17:00:14Z</time>
    <extensions>
     <power>207</power>
     <gpxtpx:TrackPointExtension>
      <gpxtpx:hr>165</gpxtpx:hr>
     </gpxtpx:TrackPointExtension>
    </extensions>
   </trkpt>
   <trkpt lat="49.2820560" lon="-123.1401280">
    <ele>11.4</ele>
    <time>2026-04-19T17:00:15Z</time>
    <extensions>
     <power>207</power>
     <gpxtpx:TrackPointExtension>
      <gpxtpx:hr>165</gpxtpx:hr>
     </gpxtpx:TrackPointExtension>
    </extensions>
   </trkpt>
   <trkpt lat="49.2820440" lon="-123.1401080">
    <ele>11.4</ele>
    <time>2026-04-19T17:00:16Z</time>
    <extensions>
     <power>208</power>
     <gpxtpx:TrackPointExtension>
      <gpxtpx:hr>165</gpxtpx:hr>
     </gpxtpx:TrackPointExtension>
    </extensions>
   </trkpt>
   <trkpt lat="49.2820150" lon="-123.1400620">
    <ele>11.4</ele>
    <time>2026-04-19T17:00:17Z</time>
    <extensions>
     <power>208</power>
     <gpxtpx:TrackPointExtension>
      <gpxtpx:hr>165</gpxtpx:hr>
     </gpxtpx:TrackPointExtension>
    </extensions>
   </trkpt>
   <trkpt lat="49.2820050" lon="-123.1400470">
    <ele>11.4</ele>
    <time>2026-04-19T17:00:18Z</time>
    <extensions>
     <power>208</power>
     <gpxtpx:TrackPointExtension>
      <gpxtpx:hr>165</gpxtpx:hr>
     </gpxtpx:TrackPointExtension>
    </extensions>
   </trkpt>
   <trkpt lat="49.2819730" lon="-123.1399980">
    <ele>11.4</ele>
    <time>2026-04-19T17:00:19Z</time>
    <extensions>
     <power>208</power>
     <gpxtpx:TrackPointExtension>
      <gpxtpx:hr>165</gpxtpx:hr>
     </gpxtpx:TrackPointExtension>
    </extensions>
   </trkpt>
   <trkpt lat="49.2819610" lon="-123.1399780">
    <ele>11.6</ele>
    <time>2026-04-19T17:00:20Z</time>
    <extensions>
     <power>208</power>
     <gpxtpx:TrackPointExtension>
      <gpxtpx:hr>165</gpxtpx:hr>
     </gpxtpx:TrackPointExtension>
    </extensions>
   </trkpt>
   <trkpt lat="49.2819480" lon="-123.1399580">
    <ele>11.6</ele>
    <time>2026-04-19T17:00:21Z</time>
    <extensions>
     <power>209</power>
     <gpxtpx:TrackPointExtension>
      <gpxtpx:hr>165</gpxtpx:hr>
     </gpxtpx:TrackPointExtension>
    </extensions>
   </trkpt>
   <trkpt lat="49.2819160" lon="-123.1399110">
    <ele>11.6</ele>
    <time>2026-04-19T17:00:22Z</time>
    <extensions>
     <power>209</power>
     <gpxtpx:TrackPointExtension>
      <gpxtpx:hr>165</gpxtpx:hr>
     </gpxtpx:TrackPointExtension>
    </extensions>
   </trkpt>
   <trkpt lat="49.2819040" lon="-123.1398930">
    <ele>11.6</ele>
    <time>2026-04-19T17:00:23Z</time>
    <extensions>
     <power>209</power>
     <gpxtpx:TrackPointExtension>
      <gpxtpx:hr>165</gpxtpx:hr>
     </gpxtpx:TrackPointExtension>
    </extensions>
   </trkpt>
   <trkpt lat="49.2818910" lon="-123.1398750">
    <ele>11.6</ele>
    <time>2026-04-19T17:00:24Z</time>
    <extensions>
     <power>208</power>
     <gpxtpx:TrackPointExtension>
      <gpxtpx:hr>165</gpxtpx:hr>
     </gpxtpx:TrackPointExtension>
    </extensions>
   </trkpt>
   <trkpt lat="49.2818630" lon="-123.1398340">
    <ele>11.6</ele>
    <time>2026-04-19T17:00:25Z</time>
    <extensions>
     <power>208</power>
     <gpxtpx:TrackPointExtension>
      <gpxtpx:hr>165</gpxtpx:hr>
     </gpxtpx:TrackPointExtension>
    </extensions>
   </trkpt>
   <trkpt lat="49.2818530" lon="-123.1398210">
    <ele>11.6</ele>
    <time>2026-04-19T17:00:26Z</time>
    <extensions>
     <power>208</power>
     <gpxtpx:TrackPointExtension>
      <gpxtpx:hr>165</gpxtpx:hr>
     </gpxtpx:TrackPointExtension>
    </extensions>
   </trkpt>
   <trkpt lat="49.2818210" lon="-123.1397760">
    <ele>11.6</ele>
    <time>2026-04-19T17:00:27Z</time>
    <extensions>
     <power>208</power>
     <gpxtpx:TrackPointExtension>
      <gpxtpx:hr>165</gpxtpx:hr>
     </gpxtpx:TrackPointExtension>
    </extensions>
   </trkpt>
   <trkpt lat="49.2818080" lon="-123.1397580">
    <ele>11.6</ele>
    <time>2026-04-19T17:00:28Z</time>
    <extensions>
     <power>208</power>
     <gpxtpx:TrackPointExtension>
      <gpxtpx:hr>165</gpxtpx:hr>
     </gpxtpx:TrackPointExtension>
    </extensions>
   </trkpt>
   <trkpt lat="49.2817950" lon="-123.1397390">
    <ele>11.6</ele>
    <time>2026-04-19T17:00:29Z</time>
    <extensions>
     <power>208</power>
     <gpxtpx:TrackPointExtension>
      <gpxtpx:hr>165</gpxtpx:hr>
     </gpxtpx:TrackPointExtension>
    </extensions>
   </trkpt>
   <trkpt lat="49.2817670" lon="-123.1396970">
    <ele>11.6</ele>
    <time>2026-04-19T17:00:30Z</time>
    <extensions>
     <power>208</power>
     <gpxtpx:TrackPointExtension>
      <gpxtpx:hr>165</gpxtpx:hr>
     </gpxtpx:TrackPointExtension>
    </extensions>
   </trkpt>
   <trkpt lat="49.2817570" lon="-123.1396830">
    <ele>11.8</ele>
    <time>2026-04-19T17:00:31Z</time>
    <extensions>
     <power>208</power>
     <gpxtpx:TrackPointExtension>
      <gpxtpx:hr>165</gpxtpx:hr>
     </gpxtpx:TrackPointExtension>
    </extensions>
   </trkpt>
   <trkpt lat="49.2817250" lon="-123.1396360">
    <ele>11.8</ele>
    <time>2026-04-19T17:00:32Z</time>
    <extensions>
     <power>208</power>
     <gpxtpx:TrackPointExtension>
      <gpxtpx:hr>165</gpxtpx:hr>
     </gpxtpx:TrackPointExtension>
    </extensions>
   </trkpt>
   <trkpt lat="49.2817140" lon="-123.1396170">
    <ele>11.8</ele>
    <time>2026-04-19T17:00:33Z</time>
    <extensions>
     <power>208</power>
     <gpxtpx:TrackPointExtension>
      <gpxtpx:hr>165</gpxtpx:hr>
     </gpxtpx:TrackPointExtension>
    </extensions>
   </trkpt>
   <trkpt lat="49.2817020" lon="-123.1395980">
    <ele>11.8</ele>
    <time>2026-04-19T17:00:34Z</time>
    <extensions>
     <power>206</power>
     <gpxtpx:TrackPointExtension>
      <gpxtpx:hr>165</gpxtpx:hr>
     </gpxtpx:TrackPointExtension>
    </extensions>
   </trkpt>
   <trkpt lat="49.2816750" lon="-123.1395580">
    <ele>11.8</ele>
    <time>2026-04-19T17:00:35Z</time>
    <extensions>
     <power>206</power>
     <gpxtpx:TrackPointExtension>
      <gpxtpx:hr>165</gpxtpx:hr>
     </gpxtpx:TrackPointExtension>
    </extensions>
   </trkpt>
   <trkpt lat="49.2816660" lon="-123.1395450">
    <ele>11.8</ele>
    <time>2026-04-19T17:00:36Z</time>
    <extensions>
     <power>207</power>
     <gpxtpx:TrackPointExtension>
      <gpxtpx:hr>165</gpxtpx:hr>
     </gpxtpx:TrackPointExtension>
    </extensions>
   </trkpt>
   <trkpt lat="49.2816350" lon="-123.1394920">
    <ele>11.8</ele>
    <time>2026-04-19T17:00:37Z</time>
    <extensions>
     <power>207</power>
     <gpxtpx:TrackPointExtension>
      <gpxtpx:hr>165</gpxtpx:hr>
     </gpxtpx:TrackPointExtension>
    </extensions>
   </trkpt>
   <trkpt lat="49.2816230" lon="-123.1394700">
    <ele>11.8</ele>
    <time>2026-04-19T17:00:38Z</time>
    <extensions>
     <power>207</power>
     <gpxtpx:TrackPointExtension>
      <gpxtpx:hr>165</gpxtpx:hr>
     </gpxtpx:TrackPointExtension>
    </extensions>
   </trkpt>
   <trkpt lat="49.2816110" lon="-123.1394470">
    <ele>11.8</ele>
    <time>2026-04-19T17:00:39Z</time>
    <extensions>
     <power>209</power>
     <gpxtpx:TrackPointExtension>
      <gpxtpx:hr>165</gpxtpx:hr>
     </gpxtpx:TrackPointExtension>
    </extensions>
   </trkpt>
   <trkpt lat="49.2815850" lon="-123.1393990">
    <ele>11.8</ele>
    <time>2026-04-19T17:00:40Z</time>
    <extensions>
     <power>209</power>
     <gpxtpx:TrackPointExtension>
      <gpxtpx:hr>165</gpxtpx:hr>
     </gpxtpx:TrackPointExtension>
    </extensions>
   </trkpt>
   <trkpt lat="49.2815750" lon="-123.1393840">
    <ele>11.8</ele>
    <time>2026-04-19T17:00:41Z</time>
    <extensions>
     <power>212</power>
     <gpxtpx:TrackPointExtension>
      <gpxtpx:hr>165</gpxtpx:hr>
     </gpxtpx:TrackPointExtension>
    </extensions>
   </trkpt>
   <trkpt lat="49.2815440" lon="-123.1393340">
    <ele>11.8</ele>
    <time>2026-04-19T17:00:42Z</time>
    <extensions>
     <power>212</power>
     <gpxtpx:TrackPointExtension>
      <gpxtpx:hr>165</gpxtpx:hr>
     </gpxtpx:TrackPointExtension>
    </extensions>
   </trkpt>
   <trkpt lat="49.2815320" lon="-123.1393140">
    <ele>11.8</ele>
    <time>2026-04-19T17:00:43Z</time>
    <extensions>
     <power>212</power>
     <gpxtpx:TrackPointExtension>
      <gpxtpx:hr>165</gpxtpx:hr>
     </gpxtpx:TrackPointExtension>
    </extensions>
   </trkpt>
   <trkpt lat="49.2815200" lon="-123.1392940">
    <ele>11.8</ele>
    <time>2026-04-19T17:00:44Z</time>
    <extensions>
     <power>213</power>
     <gpxtpx:TrackPointExtension>
      <gpxtpx:hr>165</gpxtpx:hr>
     </gpxtpx:TrackPointExtension>
    </extensions>
   </trkpt>
   <trkpt lat="49.2814920" lon="-123.1392450">
    <ele>11.8</ele>
    <time>2026-04-19T17:00:45Z</time>
    <extensions>
     <power>213</power>
     <gpxtpx:TrackPointExtension>
      <gpxtpx:hr>165</gpxtpx:hr>
     </gpxtpx:TrackPointExtension>
    </extensions>
   </trkpt>
   <trkpt lat="49.2814800" lon="-123.1392250">
    <ele>11.8</ele>
    <time>2026-04-19T17:00:46Z</time>
    <extensions>
     <power>213</power>
     <gpxtpx:TrackPointExtension>
      <gpxtpx:hr>165</gpxtpx:hr>
     </gpxtpx:TrackPointExtension>
    </extensions>
   </trkpt>
   <trkpt lat="49.2814690" lon="-123.1392060">
    <ele>11.8</ele>
    <time>2026-04-19T17:00:47Z</time>
    <extensions>
     <power>212</power>
     <gpxtpx:TrackPointExtension>
      <gpxtpx:hr>165</gpxtpx:hr>
     </gpxtpx:TrackPointExtension>
    </extensions>
   </trkpt>
   <trkpt lat="49.2814430" lon="-123.1391630">
    <ele>11.8</ele>
    <time>2026-04-19T17:00:48Z</time>
    <extensions>
     <power>212</power>
     <gpxtpx:TrackPointExtension>
      <gpxtpx:hr>165</gpxtpx:hr>
     </gpxtpx:TrackPointExtension>
    </extensions>
   </trkpt>
   <trkpt lat="49.2814350" lon="-123.1391490">
    <ele>11.8</ele>
    <time>2026-04-19T17:00:49Z</time>
    <extensions>
     <power>204</power>
     <gpxtpx:TrackPointExtension>
      <gpxtpx:hr>165</gpxtpx:hr>
     </gpxtpx:TrackPointExtension>
    </extensions>
   </trkpt>
   <trkpt lat="49.2814070" lon="-123.1391010">
    <ele>11.8</ele>
    <time>2026-04-19T17:00:50Z</time>
    <extensions>
     <power>204</power>
     <gpxtpx:TrackPointExtension>
      <gpxtpx:hr>165</gpxtpx:hr>
     </gpxtpx:TrackPointExtension>
    </extensions>
   </trkpt>
   <trkpt lat="49.2813960" lon="-123.1390830">
    <ele>11.8</ele>
    <time>2026-04-19T17:00:51Z</time>
    <extensions>
     <power>204</power>
     <gpxtpx:TrackPointExtension>
      <gpxtpx:hr>165</gpxtpx:hr>
     </gpxtpx:TrackPointExtension>
    </extensions>
   </trkpt>
   <trkpt lat="49.2813840" lon="-123.1390650">
    <ele>12.0</ele>
    <time>2026-04-19T17:00:52Z</time>
    <extensions>
     <power>201</power>
     <gpxtpx:TrackPointExtension>
      <gpxtpx:hr>165</gpxtpx:hr>
     </gpxtpx:TrackPointExtension>
    </extensions>
   </trkpt>
   <trkpt lat="49.2813580" lon="-123.1390220">
    <ele>12.0</ele>
    <time>2026-04-19T17:00:53Z</time>
    <extensions>
     <power>201</power>
     <gpxtpx:TrackPointExtension>
      <gpxtpx:hr>165</gpxtpx:hr>
     </gpxtpx:TrackPointExtension>
    </extensions>
   </trkpt>
   <trkpt lat="49.2813490" lon="-123.1390080">
    <ele>12.0</ele>
    <time>2026-04-19T17:00:54Z</time>
    <extensions>
     <power>199</power>
     <gpxtpx:TrackPointExtension>
      <gpxtpx:hr>165</gpxtpx:hr>
     </gpxtpx:TrackPointExtension>
    </extensions>
   </trkpt>
   <trkpt lat="49.2813200" lon="-123.1389600">
    <ele>12.0</ele>
    <time>2026-04-19T17:00:55Z</time>
    <extensions>
     <power>199</power>
     <gpxtpx:TrackPointExtension>
      <gpxtpx:hr>165</gpxtpx:hr>
     </gpxtpx:TrackPointExtension>
    </extensions>
   </trkpt>
   <trkpt lat="49.2813090" lon="-123.1389400">
    <ele>12.0</ele>
    <time>2026-04-19T17:00:56Z</time>
    <extensions>
     <power>199</power>
     <gpxtpx:TrackPointExtension>
      <gpxtpx:hr>165</gpxtpx:hr>
     </gpxtpx:TrackPointExtension>
    </extensions>
   </trkpt>
   <trkpt lat="49.2812970" lon="-123.1389200">
    <ele>12.2</ele>
    <time>2026-04-19T17:00:57Z</time>
    <extensions>
     <power>199</power>
     <gpxtpx:TrackPointExtension>
      <gpxtpx:hr>165</gpxtpx:hr>
     </gpxtpx:TrackPointExtension>
    </extensions>
   </trkpt>
   <trkpt lat="49.2812730" lon="-123.1388740">
    <ele>12.2</ele>
    <time>2026-04-19T17:00:58Z</time>
    <extensions>
     <power>199</power>
     <gpxtpx:TrackPointExtension>
      <gpxtpx:hr>165</gpxtpx:hr>
     </gpxtpx:TrackPointExtension>
    </extensions>
   </trkpt>
   <trkpt lat="49.2812640" lon="-123.1388590">
    <ele>12.2</ele>
    <time>2026-04-19T17:00:59Z</time>
    <extensions>
     <power>198</power>
     <gpxtpx:TrackPointExtension>
      <gpxtpx:hr>165</gpxtpx:hr>
     </gpxtpx:TrackPointExtension>
    </extensions>
   </trkpt>
   <trkpt lat="49.2812340" lon="-123.1388050">
    <ele>12.2</ele>
    <time>2026-04-19T17:01:00Z</time>
    <extensions>
     <power>198</power>
     <gpxtpx:TrackPointExtension>
      <gpxtpx:hr>165</gpxtpx:hr>
     </gpxtpx:TrackPointExtension>
    </extensions>
   </trkpt>
   <trkpt lat="49.2812200" lon="-123.1387830">
    <ele>12.4</ele>
    <time>2026-04-19T17:01:01Z</time>
    <extensions>
     <power>198</power>
     <gpxtpx:TrackPointExtension>
      <gpxtpx:hr>165</gpxtpx:hr>
     </gpxtpx:TrackPointExtension>
    </extensions>
   </trkpt>
   <trkpt lat="49.2812070" lon="-123.1387620">
    <ele>12.4</ele>
    <time>2026-04-19T17:01:02Z</time>
    <extensions>
     <power>203</power>
     <gpxtpx:TrackPointExtension>
      <gpxtpx:hr>165</gpxtpx:hr>
     </gpxtpx:TrackPointExtension>
    </extensions>
   </trkpt>
   <trkpt lat="49.2811760" lon="-123.1387180">
    <ele>12.4</ele>
    <time>2026-04-19T17:01:03Z</time>
    <extensions>
     <power>203</power>
     <gpxtpx:TrackPointExtension>
      <gpxtpx:hr>165</gpxtpx:hr>
     </gpxtpx:TrackPointExtension>
    </extensions>
   </trkpt>
   <trkpt lat="49.2811660" lon="-123.1387040">
    <ele>12.6</ele>
    <time>2026-04-19T17:01:04Z</time>
    <extensions>
     <power>205</power>
     <gpxtpx:TrackPointExtension>
      <gpxtpx:hr>165</gpxtpx:hr>
     </gpxtpx:TrackPointExtension>
    </extensions>
   </trkpt>
   <trkpt lat="49.2811330" lon="-123.1386590">
    <ele>12.6</ele>
    <time>2026-04-19T17:01:05Z</time>
    <extensions>
     <power>205</power>
     <gpxtpx:TrackPointExtension>
      <gpxtpx:hr>165</gpxtpx:hr>
     </gpxtpx:TrackPointExtension>
    </extensions>
   </trkpt>
   <trkpt lat="49.2811210" lon="-123.1386410">
    <ele>12.6</ele>
    <time>2026-04-19T17:01:06Z</time>
    <extensions>
     <power>205</power>
     <gpxtpx:TrackPointExtension>
      <gpxtpx:hr>165</gpxtpx:hr>
     </gpxtpx:TrackPointExtension>
    </extensions>
   </trkpt>
   <trkpt lat="49.2811080" lon="-123.1386240">
    <ele>12.8</ele>
    <time>2026-04-19T17:01:07Z</time>
    <extensions>
     <power>203</power>
     <gpxtpx:TrackPointExtension>
      <gpxtpx:hr>165</gpxtpx:hr>
     </gpxtpx:TrackPointExtension>
    </extensions>
   </trkpt>
   <trkpt lat="49.2810770" lon="-123.1385770">
    <ele>12.8</ele>
    <time>2026-04-19T17:01:08Z</time>
    <extensions>
     <power>203</power>
     <gpxtpx:TrackPointExtension>
      <gpxtpx:hr>165</gpxtpx:hr>
     </gpxtpx:TrackPointExtension>
    </extensions>
   </trkpt>
   <trkpt lat="49.2810640" lon="-123.1385580">
    <ele>12.8</ele>
    <time>2026-04-19T17:01:09Z</time>
    <extensions>
     <power>203</power>
     <gpxtpx:TrackPointExtension>
      <gpxtpx:hr>165</gpxtpx:hr>
     </gpxtpx:TrackPointExtension>
    </extensions>
   </trkpt>
   <trkpt lat="49.2810520" lon="-123.1385380">
    <ele>13.0</ele>
    <time>2026-04-19T17:01:10Z</time>
    <extensions>
     <power>210</power>
     <gpxtpx:TrackPointExtension>
      <gpxtpx:hr>165</gpxtpx:hr>
     </gpxtpx:TrackPointExtension>
    </extensions>
   </trkpt>
   <trkpt lat="49.2810300" lon="-123.1384880">
    <ele>13.0</ele>
    <time>2026-04-19T17:01:11Z</time>
    <extensions>
     <power>210</power>
     <gpxtpx:TrackPointExtension>
      <gpxtpx:hr>165</gpxtpx:hr>
     </gpxtpx:TrackPointExtension>
    </extensions>
   </trkpt>
   <trkpt lat="49.2810220" lon="-123.1384720">
    <ele>13.0</ele>
    <time>2026-04-19T17:01:12Z</time>
    <extensions>
     <power>209</power>
     <gpxtpx:TrackPointExtension>
      <gpxtpx:hr>165</gpxtpx:hr>
     </gpxtpx:TrackPointExtension>
    </extensions>
   </trkpt>
   <trkpt lat="49.2809960" lon="-123.1384210">
    <ele>13.2</ele>
    <time>2026-04-19T17:01:13Z</time>
    <extensions>
     <power>209</power>
     <gpxtpx:TrackPointExtension>
      <gpxtpx:hr>165</gpxtpx:hr>
     </gpxtpx:TrackPointExtension>
    </extensions>
   </trkpt>
   <trkpt lat="49.2809850" lon="-123.1384020">
    <ele>13.2</ele>
    <time>2026-04-19T17:01:14Z</time>
    <extensions>
     <power>209</power>
     <gpxtpx:TrackPointExtension>
      <gpxtpx:hr>165</gpxtpx:hr>
     </gpxtpx:TrackPointExtension>
    </extensions>
   </trkpt>
   <trkpt lat="49.2809730" lon="-123.1383820">
    <ele>13.2</ele>
    <time>2026-04-19T17:01:15Z</time>
    <extensions>
     <power>209</power>
     <gpxtpx:TrackPointExtension>
      <gpxtpx:hr>165</gpxtpx:hr>
     </gpxtpx:TrackPointExtension>
    </extensions>
   </trkpt>
   <trkpt lat="49.2809410" lon="-123.1383410">
    <ele>13.2</ele>
    <time>2026-04-19T17:01:16Z</time>
    <extensions>
     <power>209</power>
     <gpxtpx:TrackPointExtension>
      <gpxtpx:hr>165</gpxtpx:hr>
     </gpxtpx:TrackPointExtension>
    </extensions>
   </trkpt>
   <trkpt lat="49.2809300" lon="-123.1383280">
    <ele>13.4</ele>
    <time>2026-04-19T17:01:17Z</time>
    <extensions>
     <power>211</power>
     <gpxtpx:TrackPointExtension>
      <gpxtpx:hr>165</gpxtpx:hr>
     </gpxtpx:TrackPointExtension>
    </extensions>
   </trkpt>
   <trkpt lat="49.2808980" lon="-123.1382810">
    <ele>13.4</ele>
    <time>2026-04-19T17:01:18Z</time>
    <extensions>
     <power>211</power>
     <gpxtpx:TrackPointExtension>
      <gpxtpx:hr>165</gpxtpx:hr>
     </gpxtpx:TrackPointExtension>
    </extensions>
   </trkpt>
   <trkpt lat="49.2808850" lon="-123.1382610">
    <ele>13.4</ele>
    <time>2026-04-19T17:01:19Z</time>
    <extensions>
     <power>211</power>
     <gpxtpx:TrackPointExtension>
      <gpxtpx:hr>165</gpxtpx:hr>
     </gpxtpx:TrackPointExtension>
    </extensions>
   </trkpt>
   <trkpt lat="49.2808730" lon="-123.1382410">
    <ele>13.6</ele>
    <time>2026-04-19T17:01:20Z</time>
    <extensions>
     <power>212</power>
     <gpxtpx:TrackPointExtension>
      <gpxtpx:hr>165</gpxtpx:hr>
     </gpxtpx:TrackPointExtension>
    </extensions>
   </trkpt>
   <trkpt lat="49.2808450" lon="-123.1381970">
    <ele>13.6</ele>
    <time>2026-04-19T17:01:21Z</time>
    <extensions>
     <power>212</power>
     <gpxtpx:TrackPointExtension>
      <gpxtpx:hr>165</gpxtpx:hr>
     </gpxtpx:TrackPointExtension>
    </extensions>
   </trkpt>
   <trkpt lat="49.2808350" lon="-123.1381820">
    <ele>13.6</ele>
    <time>2026-04-19T17:01:22Z</time>
    <extensions>
     <power>214</power>
     <gpxtpx:TrackPointExtension>
      <gpxtpx:hr>165</gpxtpx:hr>
     </gpxtpx:TrackPointExtension>
    </extensions>
   </trkpt>
   <trkpt lat="49.2808030" lon="-123.1381310">
    <ele>13.8</ele>
    <time>2026-04-19T17:01:23Z</time>
    <extensions>
     <power>214</power>
     <gpxtpx:TrackPointExtension>
      <gpxtpx:hr>165</gpxtpx:hr>
     </gpxtpx:TrackPointExtension>
    </extensions>
   </trkpt>
   <trkpt lat="49.2807890" lon="-123.1381110">
    <ele>13.8</ele>
    <time>2026-04-19T17:01:24Z</time>
    <extensions>
     <power>214</power>
     <gpxtpx:TrackPointExtension>
      <gpxtpx:hr>165</gpxtpx:hr>
     </gpxtpx:TrackPointExtension>
    </extensions>
   </trkpt>
   <trkpt lat="49.2807760" lon="-123.1380910">
    <ele>13.8</ele>
    <time>2026-04-19T17:01:25Z</time>
    <extensions>
     <power>216</power>
     <gpxtpx:TrackPointExtension>
      <gpxtpx:hr>165</gpxtpx:hr>
     </gpxtpx:TrackPointExtension>
    </extensions>
   </trkpt>
   <trkpt lat="49.2807460" lon="-123.1380460">
    <ele>14.0</ele>
    <time>2026-04-19T17:01:26Z</time>
    <extensions>
     <power>216</power>
     <gpxtpx:TrackPointExtension>
      <gpxtpx:hr>165</gpxtpx:hr>
     </gpxtpx:TrackPointExtension>
    </extensions>
   </trkpt>
   <trkpt lat="49.2807350" lon="-123.1380320">
    <ele>14.0</ele>
    <time>2026-04-19T17:01:27Z</time>
    <extensions>
     <power>218</power>
     <gpxtpx:TrackPointExtension>
      <gpxtpx:hr>165</gpxtpx:hr>
     </gpxtpx:TrackPointExtension>
    </extensions>
   </trkpt>
   <trkpt lat="49.2806990" lon="-123.1379840">
    <ele>14.0</ele>
    <time>2026-04-19T17:01:28Z</time>
    <extensions>
     <power>218</power>
     <gpxtpx:TrackPointExtension>
      <gpxtpx:hr>165</gpxtpx:hr>
     </gpxtpx:TrackPointExtension>
    </extensions>
   </trkpt>
   <trkpt lat="49.2806840" lon="-123.1379670">
    <ele>14.2</ele>
    <time>2026-04-19T17:01:29Z</time>
    <extensions>
     <power>218</power>
     <gpxtpx:TrackPointExtension>
      <gpxtpx:hr>165</gpxtpx:hr>
     </gpxtpx:TrackPointExtension>
    </extensions>
   </trkpt>
   <trkpt lat="49.2806690" lon="-123.1379490">
    <ele>14.2</ele>
    <time>2026-04-19T17:01:30Z</time>
    <extensions>
     <power>221</power>
     <gpxtpx:TrackPointExtension>
      <gpxtpx:hr>165</gpxtpx:hr>
     </gpxtpx:TrackPointExtension>
    </extensions>
   </trkpt>
   <trkpt lat="49.2806340" lon="-123.1379050">
    <ele>14.2</ele>
    <time>2026-04-19T17:01:31Z</time>
    <extensions>
     <power>221</power>
     <gpxtpx:TrackPointExtension>
      <gpxtpx:hr>165</gpxtpx:hr>
     </gpxtpx:TrackPointExtension>
    </extensions>
   </trkpt>
   <trkpt lat="49.2806210" lon="-123.1378860">
    <ele>14.4</ele>
    <time>2026-04-19T17:01:32Z</time>
    <extensions>
     <power>221</power>
     <gpxtpx:TrackPointExtension>
      <gpxtpx:hr>165</gpxtpx:hr>
     </gpxtpx:TrackPointExtension>
    </extensions>
   </trkpt>
   <trkpt lat="49.2806080" lon="-123.1378680">
    <ele>14.4</ele>
    <time>2026-04-19T17:01:33Z</time>
    <extensions>
     <power>220</power>
     <gpxtpx:TrackPointExtension>
      <gpxtpx:hr>165</gpxtpx:hr>
     </gpxtpx:TrackPointExtension>
    </extensions>
   </trkpt>
   <trkpt lat="49.2805800" lon="-123.1378280">
    <ele>14.4</ele>
    <time>2026-04-19T17:01:34Z</time>
    <extensions>
     <power>220</power>
     <gpxtpx:TrackPointExtension>
      <gpxtpx:hr>165</gpxtpx:hr>
     </gpxtpx:TrackPointExtension>
    </extensions>
   </trkpt>
   <trkpt lat="49.2805700" lon="-123.1378140">
    <ele>14.4</ele>
    <time>2026-04-19T17:01:35Z</time>
    <extensions>
     <power>219</power>
     <gpxtpx:TrackPointExtension>
      <gpxtpx:hr>165</gpxtpx:hr>
     </gpxtpx:TrackPointExtension>
    </extensions>
   </trkpt>
   <trkpt lat="49.2805370" lon="-123.1377650">
    <ele>14.6</ele>
    <time>2026-04-19T17:01:36Z</time>
    <extensions>
     <power>219</power>
     <gpxtpx:TrackPointExtension>
      <gpxtpx:hr>165</gpxtpx:hr>
     </gpxtpx:TrackPointExtension>
    </extensions>
   </trkpt>
   <trkpt lat="49.2805240" lon="-123.1377440">
    <ele>14.6</ele>
    <time>2026-04-19T17:01:37Z</time>
    <extensions>
     <power>219</power>
     <gpxtpx:TrackPointExtension>
      <gpxtpx:hr>165</gpxtpx:hr>
     </gpxtpx:TrackPointExtension>
    </extensions>
   </trkpt>
   <trkpt lat="49.2805110" lon="-123.1377240">
    <ele>14.6</ele>
    <time>2026-04-19T17:01:38Z</time>
    <extensions>
     <power>221</power>
     <gpxtpx:TrackPointExtension>
      <gpxtpx:hr>165</gpxtpx:hr>
     </gpxtpx:TrackPointExtension>
    </extensions>
   </trkpt>
   <trkpt lat="49.2804800" lon="-123.1376790">
    <ele>14.6</ele>
    <time>2026-04-19T17:01:39Z</time>
    <extensions>
     <power>221</power>
     <gpxtpx:TrackPointExtension>
      <gpxtpx:hr>165</gpxtpx:hr>
     </gpxtpx:TrackPointExtension>
    </extensions>
   </trkpt>
   <trkpt lat="49.2804690" lon="-123.1376640">
    <ele>14.8</ele>
    <time>2026-04-19T17:01:40Z</time>
    <extensions>
     <power>222</power>
     <gpxtpx:TrackPointExtension>
      <gpxtpx:hr>165</gpxtpx:hr>
     </gpxtpx:TrackPointExtension>
    </extensions>
   </trkpt>
   <trkpt lat="49.2804310" lon="-123.1376190">
    <ele>14.8</ele>
    <time>2026-04-19T17:01:41Z</time>
    <extensions>
     <power>222</power>
     <gpxtpx:TrackPointExtension>
      <gpxtpx:hr>165</gpxtpx:hr>
     </gpxtpx:TrackPointExtension>
    </extensions>
   </trkpt>
   <trkpt lat="49.2804160" lon="-123.1376000">
    <ele>14.8</ele>
    <time>2026-04-19T17:01:42Z</time>
    <extensions>
     <power>222</power>
     <gpxtpx:TrackPointExtension>
      <gpxtpx:hr>165</gpxtpx:hr>
     </gpxtpx:TrackPointExtension>
    </extensions>
   </trkpt>
   <trkpt lat="49.2804000" lon="-123.1375820">
    <ele>14.8</ele>
    <time>2026-04-19T17:01:43Z</time>
    <extensions>
     <power>226</power>
     <gpxtpx:TrackPointExtension>
      <gpxtpx:hr>165</gpxtpx:hr>
     </gpxtpx:TrackPointExtension>
    </extensions>
   </trkpt>
   <trkpt lat="49.2803720" lon="-123.1375370">
    <ele>14.8</ele>
    <time>2026-04-19T17:01:44Z</time>
    <extensions>
     <power>226</power>
     <gpxtpx:TrackPointExtension>
      <gpxtpx:hr>165</gpxtpx:hr>
     </gpxtpx:TrackPointExtension>
    </extensions>
   </trkpt>
   <trkpt lat="49.2803630" lon="-123.1375220">
    <ele>15.0</ele>
    <time>2026-04-19T17:01:45Z</time>
    <extensions>
     <power>224</power>
     <gpxtpx:TrackPointExtension>
      <gpxtpx:hr>165</gpxtpx:hr>
     </gpxtpx:TrackPointExtension>
    </extensions>
   </trkpt>
   <trkpt lat="49.2803350" lon="-123.1374700">
    <ele>15.0</ele>
    <time>2026-04-19T17:01:46Z</time>
    <extensions>
     <power>224</power>
     <gpxtpx:TrackPointExtension>
      <gpxtpx:hr>165</gpxtpx:hr>
     </gpxtpx:TrackPointExtension>
    </extensions>
   </trkpt>
   <trkpt lat="49.2803230" lon="-123.1374500">
    <ele>15.0</ele>
    <time>2026-04-19T17:01:47Z</time>
    <extensions>
     <power>224</power>
     <gpxtpx:TrackPointExtension>
      <gpxtpx:hr>165</gpxtpx:hr>
     </gpxtpx:TrackPointExtension>
    </extensions>
   </trkpt>
   <trkpt lat="49.2803120" lon="-123.1374300">
    <ele>15.0</ele>
    <time>2026-04-19T17:01:48Z</time>
    <extensions>
     <power>222</power>
     <gpxtpx:TrackPointExtension>
      <gpxtpx:hr>165</gpxtpx:hr>
     </gpxtpx:TrackPointExtension>
    </extensions>
   </trkpt>
   <trkpt lat="49.2802880" lon="-123.1373860">
    <ele>15.2</ele>
    <time>2026-04-19T17:01:49Z</time>
    <extensions>
     <power>222</power>
     <gpxtpx:TrackPointExtension>
      <gpxtpx:hr>165</gpxtpx:hr>
     </gpxtpx:TrackPointExtension>
    </extensions>
   </trkpt>
   <trkpt lat="49.2802800" lon="-123.1373720">
    <ele>15.2</ele>
    <time>2026-04-19T17:01:50Z</time>
    <extensions>
     <power>220</power>
     <gpxtpx:TrackPointExtension>
      <gpxtpx:hr>165</gpxtpx:hr>
     </gpxtpx:TrackPointExtension>
    </extensions>
   </trkpt>
   <trkpt lat="49.2802540" lon="-123.1373210">
    <ele>15.2</ele>
    <time>2026-04-19T17:01:51Z</time>
    <extensions>
     <power>220</power>
     <gpxtpx:TrackPointExtension>
      <gpxtpx:hr>165</gpxtpx:hr>
     </gpxtpx:TrackPointExtension>
    </extensions>
   </trkpt>
   <trkpt lat="49.2802430" lon="-123.1373010">
    <ele>15.2</ele>
    <time>2026-04-19T17:01:52Z</time>
    <extensions>
     <power>220</power>
     <gpxtpx:TrackPointExtension>
      <gpxtpx:hr>165</gpxtpx:hr>
     </gpxtpx:TrackPointExtension>
    </extensions>
   </trkpt>
   <trkpt lat="49.2802320" lon="-123.1372800">
    <ele>15.4</ele>
    <time>2026-04-19T17:01:53Z</time>
    <extensions>
     <power>219</power>
     <gpxtpx:TrackPointExtension>
      <gpxtpx:hr>165</gpxtpx:hr>
     </gpxtpx:TrackPointExtension>
    </extensions>
   </trkpt>
   <trkpt lat="49.2801990" lon="-123.1372300">
    <ele>15.4</ele>
    <time>2026-04-19T17:01:54Z</time>
    <extensions>
     <power>219</power>
     <gpxtpx:TrackPointExtension>
      <gpxtpx:hr>165</gpxtpx:hr>
     </gpxtpx:TrackPointExtension>
    </extensions>
   </trkpt>
   <trkpt lat="49.2801860" lon="-123.1372100">
    <ele>15.4</ele>
    <time>2026-04-19T17:01:55Z</time>
    <extensions>
     <power>219</power>
     <gpxtpx:TrackPointExtension>
      <gpxtpx:hr>165</gpxtpx:hr>
     </gpxtpx:TrackPointExtension>
    </extensions>
   </trkpt>
   <trkpt lat="49.2801720" lon="-123.1371910">
    <ele>15.6</ele>
    <time>2026-04-19T17:01:56Z</time>
    <extensions>
     <power>222</power>
     <gpxtpx:TrackPointExtension>
      <gpxtpx:hr>165</gpxtpx:hr>
     </gpxtpx:TrackPointExtension>
    </extensions>
   </trkpt>
   <trkpt lat="49.2801420" lon="-123.1371470">
    <ele>15.6</ele>
    <time>2026-04-19T17:01:57Z</time>
    <extensions>
     <power>222</power>
     <gpxtpx:TrackPointExtension>
      <gpxtpx:hr>165</gpxtpx:hr>
     </gpxtpx:TrackPointExtension>
    </extensions>
   </trkpt>
   <trkpt lat="49.2801320" lon="-123.1371320">
    <ele>15.6</ele>
    <time>2026-04-19T17:01:58Z</time>
    <extensions>
     <power>217</power>
     <gpxtpx:TrackPointExtension>
      <gpxtpx:hr>165</gpxtpx:hr>
     </gpxtpx:TrackPointExtension>
    </extensions>
   </trkpt>
   <trkpt lat="49.2801010" lon="-123.1370820">
    <ele>15.6</ele>
    <time>2026-04-19T17:01:59Z</time>
    <extensions>
     <power>217</power>
     <gpxtpx:TrackPointExtension>
      <gpxtpx:hr>165</gpxtpx:hr>
     </gpxtpx:TrackPointExtension>
    </extensions>
   </trkpt>
   <trkpt lat="49.2800880" lon="-123.1370630">
    <ele>15.8</ele>
    <time>2026-04-19T17:02:00Z</time>
    <extensions>
     <power>217</power>
     <gpxtpx:TrackPointExtension>
      <gpxtpx:hr>165</gpxtpx:hr>
     </gpxtpx:TrackPointExtension>
    </extensions>
   </trkpt>
   <trkpt lat="49.2800760" lon="-123.1370430">
    <ele>15.8</ele>
    <time>2026-04-19T17:02:01Z</time>
    <extensions>
     <power>218</power>
     <gpxtpx:TrackPointExtension>
      <gpxtpx:hr>165</gpxtpx:hr>
     </gpxtpx:TrackPointExtension>
    </extensions>
   </trkpt>
   <trkpt lat="49.2800490" lon="-123.1370010">
    <ele>15.8</ele>
    <time>2026-04-19T17:02:02Z</time>
    <extensions>
     <power>218</power>
     <gpxtpx:TrackPointExtension>
      <gpxtpx:hr>165</gpxtpx:hr>
     </gpxtpx:TrackPointExtension>
    </extensions>
   </trkpt>
   <trkpt lat="49.2800390" lon="-123.1369870">
    <ele>16.0</ele>
    <time>2026-04-19T17:02:03Z</time>
    <extensions>
     <power>219</power>
     <gpxtpx:TrackPointExtension>
      <gpxtpx:hr>165</gpxtpx:hr>
     </gpxtpx:TrackPointExtension>
    </extensions>
   </trkpt>
   <trkpt lat="49.2800090" lon="-123.1369430">
    <ele>16.0</ele>
    <time>2026-04-19T17:02:04Z</time>
    <extensions>
     <power>219</power>
     <gpxtpx:TrackPointExtension>
      <gpxtpx:hr>165</gpxtpx:hr>
     </gpxtpx:TrackPointExtension>
    </extensions>
   </trkpt>
   <trkpt lat="49.2799960" lon="-123.1369270">
    <ele>16.0</ele>
    <time>2026-04-19T17:02:05Z</time>
    <extensions>
     <power>219</power>
     <gpxtpx:TrackPointExtension>
      <gpxtpx:hr>165</gpxtpx:hr>
     </gpxtpx:TrackPointExtension>
    </extensions>
   </trkpt>
   <trkpt lat="49.2799840" lon="-123.1369100">
    <ele>16.2</ele>
    <time>2026-04-19T17:02:06Z</time>
    <extensions>
     <power>218</power>
     <gpxtpx:TrackPointExtension>
      <gpxtpx:hr>165</gpxtpx:hr>
     </gpxtpx:TrackPointExtension>
    </extensions>
   </trkpt>
   <trkpt lat="49.2799550" lon="-123.1368730">
    <ele>16.2</ele>
    <time>2026-04-19T17:02:07Z</time>
    <extensions>
     <power>218</power>
     <gpxtpx:TrackPointExtension>
      <gpxtpx:hr>165</gpxtpx:hr>
     </gpxtpx:TrackPointExtension>
    </extensions>
   </trkpt>
   <trkpt lat="49.2799440" lon="-123.1368620">
    <ele>16.2</ele>
    <time>2026-04-19T17:02:08Z</time>
    <extensions>
     <power>220</power>
     <gpxtpx:TrackPointExtension>
      <gpxtpx:hr>165</gpxtpx:hr>
     </gpxtpx:TrackPointExtension>
    </extensions>
   </trkpt>
   <trkpt lat="49.2799080" lon="-123.1368160">
    <ele>16.4</ele>
    <time>2026-04-19T17:02:09Z</time>
    <extensions>
     <power>220</power>
     <gpxtpx:TrackPointExtension>
      <gpxtpx:hr>165</gpxtpx:hr>
     </gpxtpx:TrackPointExtension>
    </extensions>
   </trkpt>
   <trkpt lat="49.2798930" lon="-123.1367960">
    <ele>16.4</ele>
    <time>2026-04-19T17:02:10Z</time>
    <extensions>
     <power>220</power>
     <gpxtpx:TrackPointExtension>
      <gpxtpx:hr>165</gpxtpx:hr>
     </gpxtpx:TrackPointExtension>
    </extensions>
   </trkpt>
   <trkpt lat="49.2798790" lon="-123.1367760">
    <ele>16.4</ele>
    <time>2026-04-19T17:02:11Z</time>
    <extensions>
     <power>225</power>
     <gpxtpx:TrackPointExtension>
      <gpxtpx:hr>165</gpxtpx:hr>
     </gpxtpx:TrackPointExtension>
    </extensions>
   </trkpt>
   <trkpt lat="49.2798510" lon="-123.1367270">
    <ele>16.6</ele>
    <time>2026-04-19T17:02:12Z</time>
    <extensions>
     <power>225</power>
     <gpxtpx:TrackPointExtension>
      <gpxtpx:hr>165</gpxtpx:hr>
     </gpxtpx:TrackPointExtension>
    </extensions>
   </trkpt>
   <trkpt lat="49.2798410" lon="-123.1367120">
    <ele>16.6</ele>
    <time>2026-04-19T17:02:13Z</time>
    <extensions>
     <power>226</power>
     <gpxtpx:TrackPointExtension>
      <gpxtpx:hr>165</gpxtpx:hr>
     </gpxtpx:TrackPointExtension>
    </extensions>
   </trkpt>
   <trkpt lat="49.2798100" lon="-123.1366630">
    <ele>16.6</ele>
    <time>2026-04-19T17:02:14Z</time>
    <extensions>
     <power>226</power>
     <gpxtpx:TrackPointExtension>
      <gpxtpx:hr>165</gpxtpx:hr>
     </gpxtpx:TrackPointExtension>
    </extensions>
   </trkpt>
   <trkpt lat="49.2797990" lon="-123.1366430">
    <ele>16.8</ele>
    <time>2026-04-19T17:02:15Z</time>
    <extensions>
     <power>226</power>
     <gpxtpx:TrackPointExtension>
      <gpxtpx:hr>165</gpxtpx:hr>
     </gpxtpx:TrackPointExtension>
    </extensions>
   </trkpt>
   <trkpt lat="49.2797870" lon="-123.1366240">
    <ele>16.8</ele>
    <time>2026-04-19T17:02:16Z</time>
    <extensions>
     <power>225</power>
     <gpxtpx:TrackPointExtension>
      <gpxtpx:hr>165</gpxtpx:hr>
     </gpxtpx:TrackPointExtension>
    </extensions>
   </trkpt>
   <trkpt lat="49.2797560" lon="-123.1365720">
    <ele>16.8</ele>
    <time>2026-04-19T17:02:17Z</time>
    <extensions>
     <power>225</power>
     <gpxtpx:TrackPointExtension>
      <gpxtpx:hr>165</gpxtpx:hr>
     </gpxtpx:TrackPointExtension>
    </extensions>
   </trkpt>
   <trkpt lat="49.2797440" lon="-123.1365500">
    <ele>17.0</ele>
    <time>2026-04-19T17:02:18Z</time>
    <extensions>
     <power>225</power>
     <gpxtpx:TrackPointExtension>
      <gpxtpx:hr>165</gpxtpx:hr>
     </gpxtpx:TrackPointExtension>
    </extensions>
   </trkpt>
   <trkpt lat="49.2797320" lon="-123.1365280">
    <ele>17.0</ele>
    <time>2026-04-19T17:02:19Z</time>
    <extensions>
     <power>229</power>
     <gpxtpx:TrackPointExtension>
      <gpxtpx:hr>165</gpxtpx:hr>
     </gpxtpx:TrackPointExtension>
    </extensions>
   </trkpt>
   <trkpt lat="49.2797100" lon="-123.1364750">
    <ele>17.0</ele>
    <time>2026-04-19T17:02:20Z</time>
    <extensions>
     <power>229</power>
     <gpxtpx:TrackPointExtension>
      <gpxtpx:hr>165</gpxtpx:hr>
     </gpxtpx:TrackPointExtension>
    </extensions>
   </trkpt>
   <trkpt lat="49.2797030" lon="-123.1364590">
    <ele>17.2</ele>
    <time>2026-04-19T17:02:21Z</time>
    <extensions>
     <power>225</power>
     <gpxtpx:TrackPointExtension>
      <gpxtpx:hr>165</gpxtpx:hr>
     </gpxtpx:TrackPointExtension>
    </extensions>
   </trkpt>
   <trkpt lat="49.2796730" lon="-123.1364130">
    <ele>17.2</ele>
    <time>2026-04-19T17:02:22Z</time>
    <extensions>
     <power>225</power>
     <gpxtpx:TrackPointExtension>
      <gpxtpx:hr>165</gpxtpx:hr>
     </gpxtpx:TrackPointExtension>
    </extensions>
   </trkpt>
   <trkpt lat="49.2796610" lon="-123.1363950">
    <ele>17.2</ele>
    <time>2026-04-19T17:02:23Z</time>
    <extensions>
     <power>225</power>
     <gpxtpx:TrackPointExtension>
      <gpxtpx:hr>165</gpxtpx:hr>
     </gpxtpx:TrackPointExtension>
    </extensions>
   </trkpt>
   <trkpt lat="49.2796480" lon="-123.1363780">
    <ele>17.4</ele>
    <time>2026-04-19T17:02:24Z</time>
    <extensions>
     <power>225</power>
     <gpxtpx:TrackPointExtension>
      <gpxtpx:hr>165</gpxtpx:hr>
     </gpxtpx:TrackPointExtension>
    </extensions>
   </trkpt>
   <trkpt lat="49.2796190" lon="-123.1363330">
    <ele>17.4</ele>
    <time>2026-04-19T17:02:25Z</time>
    <extensions>
     <power>225</power>
     <gpxtpx:TrackPointExtension>
      <gpxtpx:hr>165</gpxtpx:hr>
     </gpxtpx:TrackPointExtension>
    </extensions>
   </trkpt>
   <trkpt lat="49.2796090" lon="-123.1363170">
    <ele>17.4</ele>
    <time>2026-04-19T17:02:26Z</time>
    <extensions>
     <power>229</power>
     <gpxtpx:TrackPointExtension>
      <gpxtpx:hr>165</gpxtpx:hr>
     </gpxtpx:TrackPointExtension>
    </extensions>
   </trkpt>
   <trkpt lat="49.2795800" lon="-123.1362660">
    <ele>17.4</ele>
    <time>2026-04-19T17:02:27Z</time>
    <extensions>
     <power>229</power>
     <gpxtpx:TrackPointExtension>
      <gpxtpx:hr>165</gpxtpx:hr>
     </gpxtpx:TrackPointExtension>
    </extensions>
   </trkpt>
   <trkpt lat="49.2795680" lon="-123.1362480">
    <ele>17.6</ele>
    <time>2026-04-19T17:02:28Z</time>
    <extensions>
     <power>229</power>
     <gpxtpx:TrackPointExtension>
      <gpxtpx:hr>165</gpxtpx:hr>
     </gpxtpx:TrackPointExtension>
    </extensions>
   </trkpt>
   <trkpt lat="49.2795570" lon="-123.1362290">
    <ele>17.6</ele>
    <time>2026-04-19T17:02:29Z</time>
    <extensions>
     <power>225</power>
     <gpxtpx:TrackPointExtension>
      <gpxtpx:hr>165</gpxtpx:hr>
     </gpxtpx:TrackPointExtension>
    </extensions>
   </trkpt>
   <trkpt lat="49.2795320" lon="-123.1361900">
    <ele>17.6</ele>
    <time>2026-04-19T17:02:30Z</time>
    <extensions>
     <power>225</power>
     <gpxtpx:TrackPointExtension>
      <gpxtpx:hr>165</gpxtpx:hr>
     </gpxtpx:TrackPointExtension>
    </extensions>
   </trkpt>
   <trkpt lat="49.2795230" lon="-123.1361760">
    <ele>17.6</ele>
    <time>2026-04-19T17:02:31Z</time>
    <extensions>
     <power>226</power>
     <gpxtpx:TrackPointExtension>
      <gpxtpx:hr>165</gpxtpx:hr>
     </gpxtpx:TrackPointExtension>
    </extensions>
   </trkpt>
   <trkpt lat="49.2794930" lon="-123.1361270">
    <ele>17.8</ele>
    <time>2026-04-19T17:02:32Z</time>
    <extensions>
     <power>226</power>
     <gpxtpx:TrackPointExtension>
      <gpxtpx:hr>165</gpxtpx:hr>
     </gpxtpx:TrackPointExtension>
    </extensions>
   </trkpt>
   <trkpt lat="49.2794800" lon="-123.1361080">
    <ele>17.8</ele>
    <time>2026-04-19T17:02:33Z</time>
    <extensions>
     <power>226</power>
     <gpxtpx:TrackPointExtension>
      <gpxtpx:hr>165</gpxtpx:hr>
     </gpxtpx:TrackPointExtension>
    </extensions>
   </trkpt>
   <trkpt lat="49.2794680" lon="-123.1360890">
    <ele>17.8</ele>
    <time>2026-04-19T17:02:34Z</time>
    <extensions>
     <power>223</power>
     <gpxtpx:TrackPointExtension>
      <gpxtpx:hr>165</gpxtpx:hr>
     </gpxtpx:TrackPointExtension>
    </extensions>
   </trkpt>
   <trkpt lat="49.2794440" lon="-123.1360490">
    <ele>18.0</ele>
    <time>2026-04-19T17:02:35Z</time>
    <extensions>
     <power>223</power>
     <gpxtpx:TrackPointExtension>
      <gpxtpx:hr>165</gpxtpx:hr>
     </gpxtpx:TrackPointExtension>
    </extensions>
   </trkpt>
   <trkpt lat="49.2794360" lon="-123.1360350">
    <ele>18.0</ele>
    <time>2026-04-19T17:02:36Z</time>
    <extensions>
     <power>213</power>
     <gpxtpx:TrackPointExtension>
      <gpxtpx:hr>165</gpxtpx:hr>
     </gpxtpx:TrackPointExtension>
    </extensions>
   </trkpt>
   <trkpt lat="49.2794080" lon="-123.1359840">
    <ele>18.2</ele>
    <time>2026-04-19T17:02:37Z</time>
    <extensions>
     <power>213</power>
     <gpxtpx:TrackPointExtension>
      <gpxtpx:hr>165</gpxtpx:hr>
     </gpxtpx:TrackPointExtension>
    </extensions>
   </trkpt>
   <trkpt lat="49.2793960" lon="-123.1359630">
    <ele>18.2</ele>
    <time>2026-04-19T17:02:38Z</time>
    <extensions>
     <power>213</power>
     <gpxtpx:TrackPointExtension>
      <gpxtpx:hr>165</gpxtpx:hr>
     </gpxtpx:TrackPointExtension>
    </extensions>
   </trkpt>
   <trkpt lat="49.2793840" lon="-123.1359420">
    <ele>18.4</ele>
    <time>2026-04-19T17:02:39Z</time>
    <extensions>
     <power>239</power>
     <gpxtpx:TrackPointExtension>
      <gpxtpx:hr>165</gpxtpx:hr>
     </gpxtpx:TrackPointExtension>
    </extensions>
   </trkpt>
   <trkpt lat="49.2793550" lon="-123.1358970">
    <ele>18.4</ele>
    <time>2026-04-19T17:02:40Z</time>
    <extensions>
     <power>239</power>
     <gpxtpx:TrackPointExtension>
      <gpxtpx:hr>165</gpxtpx:hr>
     </gpxtpx:TrackPointExtension>
    </extensions>
   </trkpt>
   <trkpt lat="49.2793440" lon="-123.1358800">
    <ele>18.6</ele>
    <time>2026-04-19T17:02:41Z</time>
    <extensions>
     <power>239</power>
     <gpxtpx:TrackPointExtension>
      <gpxtpx:hr>165</gpxtpx:hr>
     </gpxtpx:TrackPointExtension>
    </extensions>
   </trkpt>
   <trkpt lat="49.2793330" lon="-123.1358630">
    <ele>18.6</ele>
    <time>2026-04-19T17:02:42Z</time>
    <extensions>
     <power>227</power>
     <gpxtpx:TrackPointExtension>
      <gpxtpx:hr>165</gpxtpx:hr>
     </gpxtpx:TrackPointExtension>
    </extensions>
   </trkpt>
   <trkpt lat="49.2793080" lon="-123.1358230">
    <ele>18.6</ele>
    <time>2026-04-19T17:02:43Z</time>
    <extensions>
     <power>227</power>
     <gpxtpx:TrackPointExtension>
      <gpxtpx:hr>165</gpxtpx:hr>
     </gpxtpx:TrackPointExtension>
    </extensions>
   </trkpt>
   <trkpt lat="49.2792980" lon="-123.1358090">
    <ele>18.8</ele>
    <time>2026-04-19T17:02:44Z</time>
    <extensions>
     <power>230</power>
     <gpxtpx:TrackPointExtension>
      <gpxtpx:hr>165</gpxtpx:hr>
     </gpxtpx:TrackPointExtension>
    </extensions>
   </trkpt>
   <trkpt lat="49.2792650" lon="-123.1357580">
    <ele>18.8</ele>
    <time>2026-04-19T17:02:45Z</time>
    <extensions>
     <power>230</power>
     <gpxtpx:TrackPointExtension>
      <gpxtpx:hr>165</gpxtpx:hr>
     </gpxtpx:TrackPointExtension>
    </extensions>
   </trkpt>
   <trkpt lat="49.2792510" lon="-123.1357380">
    <ele>18.8</ele>
    <time>2026-04-19T17:02:46Z</time>
    <extensions>
     <power>230</power>
     <gpxtpx:TrackPointExtension>
      <gpxtpx:hr>165</gpxtpx:hr>
     </gpxtpx:TrackPointExtension>
    </extensions>
   </trkpt>
   <trkpt lat="49.2792380" lon="-123.1357180">
    <ele>19.0</ele>
    <time>2026-04-19T17:02:47Z</time>
    <extensions>
     <power>230</power>
     <gpxtpx:TrackPointExtension>
      <gpxtpx:hr>165</gpxtpx:hr>
     </gpxtpx:TrackPointExtension>
    </extensions>
   </trkpt>
   <trkpt lat="49.2792130" lon="-123.1356780">
    <ele>19.0</ele>
    <time>2026-04-19T17:02:48Z</time>
    <extensions>
     <power>230</power>
     <gpxtpx:TrackPointExtension>
      <gpxtpx:hr>165</gpxtpx:hr>
     </gpxtpx:TrackPointExtension>
    </extensions>
   </trkpt>
   <trkpt lat="49.2792040" lon="-123.1356650">
    <ele>19.2</ele>
    <time>2026-04-19T17:02:49Z</time>
    <extensions>
     <power>225</power>
     <gpxtpx:TrackPointExtension>
      <gpxtpx:hr>165</gpxtpx:hr>
     </gpxtpx:TrackPointExtension>
    </extensions>
   </trkpt>
   <trkpt lat="49.2791740" lon="-123.1356180">
    <ele>19.2</ele>
    <time>2026-04-19T17:02:50Z</time>
    <extensions>
     <power>225</power>
     <gpxtpx:TrackPointExtension>
      <gpxtpx:hr>165</gpxtpx:hr>
     </gpxtpx:TrackPointExtension>
    </extensions>
   </trkpt>
   <trkpt lat="49.2791610" lon="-123.1355970">
    <ele>19.2</ele>
    <time>2026-04-19T17:02:51Z</time>
    <extensions>
     <power>225</power>
     <gpxtpx:TrackPointExtension>
      <gpxtpx:hr>165</gpxtpx:hr>
     </gpxtpx:TrackPointExtension>
    </extensions>
   </trkpt>
   <trkpt lat="49.2791480" lon="-123.1355770">
    <ele>19.2</ele>
    <time>2026-04-19T17:02:52Z</time>
    <extensions>
     <power>231</power>
     <gpxtpx:TrackPointExtension>
      <gpxtpx:hr>165</gpxtpx:hr>
     </gpxtpx:TrackPointExtension>
    </extensions>
   </trkpt>
   <trkpt lat="49.2791200" lon="-123.1355310">
    <ele>19.4</ele>
    <time>2026-04-19T17:02:53Z</time>
    <extensions>
     <power>231</power>
     <gpxtpx:TrackPointExtension>
      <gpxtpx:hr>165</gpxtpx:hr>
     </gpxtpx:TrackPointExtension>
    </extensions>
   </trkpt>
   <trkpt lat="49.2791100" lon="-123.1355170">
    <ele>19.4</ele>
    <time>2026-04-19T17:02:54Z</time>
    <extensions>
     <power>231</power>
     <gpxtpx:TrackPointExtension>
      <gpxtpx:hr>165</gpxtpx:hr>
     </gpxtpx:TrackPointExtension>
    </extensions>
   </trkpt>
   <trkpt lat="49.2790790" lon="-123.1354680">
    <ele>19.4</ele>
    <time>2026-04-19T17:02:55Z</time>
    <extensions>
     <power>231</power>
     <gpxtpx:TrackPointExtension>
      <gpxtpx:hr>165</gpxtpx:hr>
     </gpxtpx:TrackPointExtension>
    </extensions>
   </trkpt>
   <trkpt lat="49.2790660" lon="-123.1354480">
    <ele>19.6</ele>
    <time>2026-04-19T17:02:56Z</time>
    <extensions>
     <power>231</power>
     <gpxtpx:TrackPointExtension>
      <gpxtpx:hr>165</gpxtpx:hr>
     </gpxtpx:TrackPointExtension>
    </extensions>
   </trkpt>
   <trkpt lat="49.2790540" lon="-123.1354290">
    <ele>19.6</ele>
    <time>2026-04-19T17:02:57Z</time>
    <extensions>
     <power>226</power>
     <gpxtpx:TrackPointExtension>
      <gpxtpx:hr>165</gpxtpx:hr>
     </gpxtpx:TrackPointExtension>
    </extensions>
   </trkpt>
   <trkpt lat="49.2790260" lon="-123.1353850">
    <ele>19.6</ele>
    <time>2026-04-19T17:02:58Z</time>
    <extensions>
     <power>226</power>
     <gpxtpx:TrackPointExtension>
      <gpxtpx:hr>165</gpxtpx:hr>
     </gpxtpx:TrackPointExtension>
    </extensions>
   </trkpt>
   <trkpt lat="49.2790160" lon="-123.1353710">
    <ele>19.8</ele>
    <time>2026-04-19T17:02:59Z</time>
    <extensions>
     <power>228</power>
     <gpxtpx:TrackPointExtension>
      <gpxtpx:hr>165</gpxtpx:hr>
     </gpxtpx:TrackPointExtension>
    </extensions>
   </trkpt>
   <trkpt lat="49.2789850" lon="-123.1353210">
    <ele>19.8</ele>
    <time>2026-04-19T17:03:00Z</time>
    <extensions>
     <power>228</power>
     <gpxtpx:TrackPointExtension>
      <gpxtpx:hr>165</gpxtpx:hr>
     </gpxtpx:TrackPointExtension>
    </extensions>
   </trkpt>
   <trkpt lat="49.2789720" lon="-123.1353000">
    <ele>20.0</ele>
    <time>2026-04-19T17:03:01Z</time>
    <extensions>
     <power>228</power>
     <gpxtpx:TrackPointExtension>
      <gpxtpx:hr>165</gpxtpx:hr>
     </gpxtpx:TrackPointExtension>
    </extensions>
   </trkpt>
   <trkpt lat="49.2789590" lon="-123.1352800">
    <ele>20.0</ele>
    <time>2026-04-19T17:03:02Z</time>
    <extensions>
     <power>233</power>
     <gpxtpx:TrackPointExtension>
      <gpxtpx:hr>165</gpxtpx:hr>
     </gpxtpx:TrackPointExtension>
    </extensions>
   </trkpt>
   <trkpt lat="49.2789240" lon="-123.1352260">
    <ele>20.0</ele>
    <time>2026-04-19T17:03:03Z</time>
    <extensions>
     <power>233</power>
     <gpxtpx:TrackPointExtension>
      <gpxtpx:hr>165</gpxtpx:hr>
     </gpxtpx:TrackPointExtension>
    </extensions>
   </trkpt>
   <trkpt lat="49.2789100" lon="-123.1352050">
    <ele>20.2</ele>
    <time>2026-04-19T17:03:04Z</time>
    <extensions>
     <power>233</power>
     <gpxtpx:TrackPointExtension>
      <gpxtpx:hr>165</gpxtpx:hr>
     </gpxtpx:TrackPointExtension>
    </extensions>
   </trkpt>
   <trkpt lat="49.2788960" lon="-123.1351830">
    <ele>20.2</ele>
    <time>2026-04-19T17:03:05Z</time>
    <extensions>
     <power>257</power>
     <gpxtpx:TrackPointExtension>
      <gpxtpx:hr>165</gpxtpx:hr>
     </gpxtpx:TrackPointExtension>
    </extensions>
   </trkpt>
   <trkpt lat="49.2788670" lon="-123.1351360">
    <ele>20.4</ele>
    <time>2026-04-19T17:03:06Z</time>
    <extensions>
     <power>257</power>
     <gpxtpx:TrackPointExtension>
      <gpxtpx:hr>165</gpxtpx:hr>
     </gpxtpx:TrackPointExtension>
    </extensions>
   </trkpt>
   <trkpt lat="49.2788570" lon="-123.1351210">
    <ele>20.4</ele>
    <time>2026-04-19T17:03:07Z</time>
    <extensions>
     <power>258</power>
     <gpxtpx:TrackPointExtension>
      <gpxtpx:hr>165</gpxtpx:hr>
     </gpxtpx:TrackPointExtension>
    </extensions>
   </trkpt>
   <trkpt lat="49.2788260" lon="-123.1350730">
    <ele>20.6</ele>
    <time>2026-04-19T17:03:08Z</time>
    <extensions>
     <power>258</power>
     <gpxtpx:TrackPointExtension>
      <gpxtpx:hr>165</gpxtpx:hr>
     </gpxtpx:TrackPointExtension>
    </extensions>
   </trkpt>
   <trkpt lat="49.2788140" lon="-123.1350560">
    <ele>20.6</ele>
    <time>2026-04-19T17:03:09Z</time>
    <extensions>
     <power>258</power>
     <gpxtpx:TrackPointExtension>
      <gpxtpx:hr>165</gpxtpx:hr>
     </gpxtpx:TrackPointExtension>
    </extensions>
   </trkpt>
   <trkpt lat="49.2788030" lon="-123.1350380">
    <ele>20.6</ele>
    <time>2026-04-19T17:03:10Z</time>
    <extensions>
     <power>234</power>
     <gpxtpx:TrackPointExtension>
      <gpxtpx:hr>165</gpxtpx:hr>
     </gpxtpx:TrackPointExtension>
    </extensions>
   </trkpt>
   <trkpt lat="49.2787780" lon="-123.1349990">
    <ele>20.8</ele>
    <time>2026-04-19T17:03:11Z</time>
    <extensions>
     <power>234</power>
     <gpxtpx:TrackPointExtension>
      <gpxtpx:hr>165</gpxtpx:hr>
     </gpxtpx:TrackPointExtension>
    </extensions>
   </trkpt>
   <trkpt lat="49.2787690" lon="-123.1349860">
    <ele>20.8</ele>
    <time>2026-04-19T17:03:12Z</time>
    <extensions>
     <power>223</power>
     <gpxtpx:TrackPointExtension>
      <gpxtpx:hr>165</gpxtpx:hr>
     </gpxtpx:TrackPointExtension>
    </extensions>
   </trkpt>
   <trkpt lat="49.2787390" lon="-123.1349380">
    <ele>21.0</ele>
    <time>2026-04-19T17:03:13Z</time>
    <extensions>
     <power>223</power>
     <gpxtpx:TrackPointExtension>
      <gpxtpx:hr>165</gpxtpx:hr>
     </gpxtpx:TrackPointExtension>
    </extensions>
   </trkpt>
   <trkpt lat="49.2787270" lon="-123.1349190">
    <ele>21.0</ele>
    <time>2026-04-19T17:03:14Z</time>
    <extensions>
     <power>223</power>
     <gpxtpx:TrackPointExtension>
      <gpxtpx:hr>165</gpxtpx:hr>
     </gpxtpx:TrackPointExtension>
    </extensions>
   </trkpt>
   <trkpt lat="49.2787150" lon="-123.1348990">
    <ele>21.2</ele>
    <time>2026-04-19T17:03:15Z</time>
    <extensions>
     <power>213</power>
     <gpxtpx:TrackPointExtension>
      <gpxtpx:hr>165</gpxtpx:hr>
     </gpxtpx:TrackPointExtension>
    </extensions>
   </trkpt>
   <trkpt lat="49.2786880" lon="-123.1348540">
    <ele>21.2</ele>
    <time>2026-04-19T17:03:16Z</time>
    <extensions>
     <power>213</power>
     <gpxtpx:TrackPointExtension>
      <gpxtpx:hr>165</gpxtpx:hr>
     </gpxtpx:TrackPointExtension>
    </extensions>
   </trkpt>
   <trkpt lat="49.2786790" lon="-123.1348400">
    <ele>21.2</ele>
    <time>2026-04-19T17:03:17Z</time>
    <extensions>
     <power>212</power>
     <gpxtpx:TrackPointExtension>
      <gpxtpx:hr>165</gpxtpx:hr>
     </gpxtpx:TrackPointExtension>
    </extensions>
   </trkpt>
   <trkpt lat="49.2786500" lon="-123.1347920">
    <ele>21.4</ele>
    <time>2026-04-19T17:03:18Z</time>
    <extensions>
     <power>212</power>
     <gpxtpx:TrackPointExtension>
      <gpxtpx:hr>165</gpxtpx:hr>
     </gpxtpx:TrackPointExtension>
    </extensions>
   </trkpt>
   <trkpt lat="49.2786370" lon="-123.1347720">
    <ele>21.4</ele>
    <time>2026-04-19T17:03:19Z</time>
    <extensions>
     <power>212</power>
     <gpxtpx:TrackPointExtension>
      <gpxtpx:hr>165</gpxtpx:hr>
     </gpxtpx:TrackPointExtension>
    </extensions>
   </trkpt>
   <trkpt lat="49.2786250" lon="-123.1347530">
    <ele>21.6</ele>
    <time>2026-04-19T17:03:20Z</time>
    <extensions>
     <power>223</power>
     <gpxtpx:TrackPointExtension>
      <gpxtpx:hr>165</gpxtpx:hr>
     </gpxtpx:TrackPointExtension>
    </extensions>
   </trkpt>
   <trkpt lat="49.2785980" lon="-123.1347100">
    <ele>21.6</ele>
    <time>2026-04-19T17:03:21Z</time>
    <extensions>
     <power>223</power>
     <gpxtpx:TrackPointExtension>
      <gpxtpx:hr>165</gpxtpx:hr>
     </gpxtpx:TrackPointExtension>
    </extensions>
   </trkpt>
   <trkpt lat="49.2785890" lon="-123.1346970">
    <ele>21.8</ele>
    <time>2026-04-19T17:03:22Z</time>
    <extensions>
     <power>229</power>
     <gpxtpx:TrackPointExtension>
      <gpxtpx:hr>165</gpxtpx:hr>
     </gpxtpx:TrackPointExtension>
    </extensions>
   </trkpt>
   <trkpt lat="49.2785600" lon="-123.1346510">
    <ele>21.8</ele>
    <time>2026-04-19T17:03:23Z</time>
    <extensions>
     <power>229</power>
     <gpxtpx:TrackPointExtension>
      <gpxtpx:hr>165</gpxtpx:hr>
     </gpxtpx:TrackPointExtension>
    </extensions>
   </trkpt>
   <trkpt lat="49.2785480" lon="-123.1346320">
    <ele>21.8</ele>
    <time>2026-04-19T17:03:24Z</time>
    <extensions>
     <power>229</power>
     <gpxtpx:TrackPointExtension>
      <gpxtpx:hr>165</gpxtpx:hr>
     </gpxtpx:TrackPointExtension>
    </extensions>
   </trkpt>
   <trkpt lat="49.2785360" lon="-123.1346140">
    <ele>22.0</ele>
    <time>2026-04-19T17:03:25Z</time>
    <extensions>
     <power>228</power>
     <gpxtpx:TrackPointExtension>
      <gpxtpx:hr>165</gpxtpx:hr>
     </gpxtpx:TrackPointExtension>
    </extensions>
   </trkpt>
   <trkpt lat="49.2785070" lon="-123.1345690">
    <ele>22.0</ele>
    <time>2026-04-19T17:03:26Z</time>
    <extensions>
     <power>228</power>
     <gpxtpx:TrackPointExtension>
      <gpxtpx:hr>165</gpxtpx:hr>
     </gpxtpx:TrackPointExtension>
    </extensions>
   </trkpt>
   <trkpt lat="49.2784950" lon="-123.1345500">
    <ele>22.2</ele>
    <time>2026-04-19T17:03:27Z</time>
    <extensions>
     <power>228</power>
     <gpxtpx:TrackPointExtension>
      <gpxtpx:hr>165</gpxtpx:hr>
     </gpxtpx:TrackPointExtension>
    </extensions>
   </trkpt>
   <trkpt lat="49.2784830" lon="-123.1345320">
    <ele>22.2</ele>
    <time>2026-04-19T17:03:28Z</time>
    <extensions>
     <power>226</power>
     <gpxtpx:TrackPointExtension>
      <gpxtpx:hr>165</gpxtpx:hr>
     </gpxtpx:TrackPointExtension>
    </extensions>
   </trkpt>
   <trkpt lat="49.2784540" lon="-123.1344870">
    <ele>22.4</ele>
    <time>2026-04-19T17:03:29Z</time>
    <extensions>
     <power>226</power>
     <gpxtpx:TrackPointExtension>
      <gpxtpx:hr>165</gpxtpx:hr>
     </gpxtpx:TrackPointExtension>
    </extensions>
   </trkpt>
   <trkpt lat="49.2784440" lon="-123.1344720">
    <ele>22.4</ele>
    <time>2026-04-19T17:03:30Z</time>
    <extensions>
     <power>226</power>
     <gpxtpx:TrackPointExtension>
      <gpxtpx:hr>165</gpxtpx:hr>
     </gpxtpx:TrackPointExtension>
    </extensions>
   </trkpt>
   <trkpt lat="49.2784100" lon="-123.1344190">
    <ele>22.6</ele>
    <time>2026-04-19T17:03:31Z</time>
    <extensions>
     <power>226</power>
     <gpxtpx:TrackPointExtension>
      <gpxtpx:hr>165</gpxtpx:hr>
     </gpxtpx:TrackPointExtension>
    </extensions>
   </trkpt>
   <trkpt lat="49.2783960" lon="-123.1343980">
    <ele>22.6</ele>
    <time>2026-04-19T17:03:32Z</time>
    <extensions>
     <power>226</power>
     <gpxtpx:TrackPointExtension>
      <gpxtpx:hr>154</gpxtpx:hr>
     </gpxtpx:TrackPointExtension>
    </extensions>
   </trkpt>
   <trkpt lat="49.2783820" lon="-123.1343760">
    <ele>22.8</ele>
    <time>2026-04-19T17:03:33Z</time>
    <extensions>
     <power>225</power>
     <gpxtpx:TrackPointExtension>
      <gpxtpx:hr>154</gpxtpx:hr>
     </gpxtpx:TrackPointExtension>
    </extensions>
   </trkpt>
   <trkpt lat="49.2783520" lon="-123.1343280">
    <ele>22.8</ele>
    <time>2026-04-19T17:03:34Z</time>
    <extensions>
     <power>225</power>
     <gpxtpx:TrackPointExtension>
      <gpxtpx:hr>154</gpxtpx:hr>
     </gpxtpx:TrackPointExtension>
    </extensions>
   </trkpt>
   <trkpt lat="49.2783410" lon="-123.1343120">
    <ele>23.0</ele>
    <time>2026-04-19T17:03:35Z</time>
    <extensions>
     <power>216</power>
     <gpxtpx:TrackPointExtension>
      <gpxtpx:hr>154</gpxtpx:hr>
     </gpxtpx:TrackPointExtension>
    </extensions>
   </trkpt>
   <trkpt lat="49.2783080" lon="-123.1342580">
    <ele>23.0</ele>
    <time>2026-04-19T17:03:36Z</time>
    <extensions>
     <power>216</power>
     <gpxtpx:TrackPointExtension>
      <gpxtpx:hr>154</gpxtpx:hr>
     </gpxtpx:TrackPointExtension>
    </extensions>
   </trkpt>
   <trkpt lat="49.2782940" lon="-123.1342370">
    <ele>23.2</ele>
    <time>2026-04-19T17:03:37Z</time>
    <extensions>
     <power>216</power>
     <gpxtpx:TrackPointExtension>
      <gpxtpx:hr>154</gpxtpx:hr>
     </gpxtpx:TrackPointExtension>
    </extensions>
   </trkpt>
   <trkpt lat="49.2782810" lon="-123.1342150">
    <ele>23.2</ele>
    <time>2026-04-19T17:03:38Z</time>
    <extensions>
     <power>212</power>
     <gpxtpx:TrackPointExtension>
      <gpxtpx:hr>154</gpxtpx:hr>
     </gpxtpx:TrackPointExtension>
    </extensions>
   </trkpt>
   <trkpt lat="49.2782500" lon="-123.1341640">
    <ele>23.4</ele>
    <time>2026-04-19T17:03:39Z</time>
    <extensions>
     <power>212</power>
     <gpxtpx:TrackPointExtension>
      <gpxtpx:hr>154</gpxtpx:hr>
     </gpxtpx:TrackPointExtension>
    </extensions>
   </trkpt>
   <trkpt lat="49.2782390" lon="-123.1341470">
    <ele>23.4</ele>
    <time>2026-04-19T17:03:40Z</time>
    <extensions>
     <power>214</power>
     <gpxtpx:TrackPointExtension>
      <gpxtpx:hr>154</gpxtpx:hr>
     </gpxtpx:TrackPointExtension>
    </extensions>
   </trkpt>
   <trkpt lat="49.2782030" lon="-123.1340870">
    <ele>23.4</ele>
    <time>2026-04-19T17:03:41Z</time>
    <extensions>
     <power>214</power>
     <gpxtpx:TrackPointExtension>
      <gpxtpx:hr>154</gpxtpx:hr>
     </gpxtpx:TrackPointExtension>
    </extensions>
   </trkpt>
   <trkpt lat="49.2781890" lon="-123.1340620">
    <ele>23.6</ele>
    <time>2026-04-19T17:03:42Z</time>
    <extensions>
     <power>214</power>
     <gpxtpx:TrackPointExtension>
      <gpxtpx:hr>154</gpxtpx:hr>
     </gpxtpx:TrackPointExtension>
    </extensions>
   </trkpt>
   <trkpt lat="49.2781740" lon="-123.1340380">
    <ele>23.6</ele>
    <time>2026-04-19T17:03:43Z</time>
    <extensions>
     <power>220</power>
     <gpxtpx:TrackPointExtension>
      <gpxtpx:hr>154</gpxtpx:hr>
     </gpxtpx:TrackPointExtension>
    </extensions>
   </trkpt>
   <trkpt lat="49.2781430" lon="-123.1339860">
    <ele>23.6</ele>
    <time>2026-04-19T17:03:44Z</time>
    <extensions>
     <power>220</power>
     <gpxtpx:TrackPointExtension>
      <gpxtpx:hr>154</gpxtpx:hr>
     </gpxtpx:TrackPointExtension>
    </extensions>
   </trkpt>
   <trkpt lat="49.2781330" lon="-123.1339700">
    <ele>23.8</ele>
    <time>2026-04-19T17:03:45Z</time>
    <extensions>
     <power>225</power>
     <gpxtpx:TrackPointExtension>
      <gpxtpx:hr>154</gpxtpx:hr>
     </gpxtpx:TrackPointExtension>
    </extensions>
   </trkpt>
   <trkpt lat="49.2781000" lon="-123.1339180">
    <ele>23.8</ele>
    <time>2026-04-19T17:03:46Z</time>
    <extensions>
     <power>225</power>
     <gpxtpx:TrackPointExtension>
      <gpxtpx:hr>154</gpxtpx:hr>
     </gpxtpx:TrackPointExtension>
    </extensions>
   </trkpt>
   <trkpt lat="49.2780880" lon="-123.1338970">
    <ele>23.8</ele>
    <time>2026-04-19T17:03:47Z</time>
    <extensions>
     <power>225</power>
     <gpxtpx:TrackPointExtension>
      <gpxtpx:hr>154</gpxtpx:hr>
     </gpxtpx:TrackPointExtension>
    </extensions>
   </trkpt>
   <trkpt lat="49.2780750" lon="-123.1338770">
    <ele>23.8</ele>
    <time>2026-04-19T17:03:48Z</time>
    <extensions>
     <power>226</power>
     <gpxtpx:TrackPointExtension>
      <gpxtpx:hr>154</gpxtpx:hr>
     </gpxtpx:TrackPointExtension>
    </extensions>
   </trkpt>
   <trkpt lat="49.2780440" lon="-123.1338270">
    <ele>23.8</ele>
    <time>2026-04-19T17:03:49Z</time>
    <extensions>
     <power>226</power>
     <gpxtpx:TrackPointExtension>
      <gpxtpx:hr>154</gpxtpx:hr>
     </gpxtpx:TrackPointExtension>
    </extensions>
   </trkpt>
   <trkpt lat="49.2780320" lon="-123.1338070">
    <ele>24.0</ele>
    <time>2026-04-19T17:03:50Z</time>
    <extensions>
     <power>226</power>
     <gpxtpx:TrackPointExtension>
      <gpxtpx:hr>154</gpxtpx:hr>
     </gpxtpx:TrackPointExtension>
    </extensions>
   </trkpt>
   <trkpt lat="49.2780190" lon="-123.1337870">
    <ele>24.0</ele>
    <time>2026-04-19T17:03:51Z</time>
    <extensions>
     <power>230</power>
     <gpxtpx:TrackPointExtension>
      <gpxtpx:hr>154</gpxtpx:hr>
     </gpxtpx:TrackPointExtension>
    </extensions>
   </trkpt>
   <trkpt lat="49.2779880" lon="-123.1337400">
    <ele>24.0</ele>
    <time>2026-04-19T17:03:52Z</time>
    <extensions>
     <power>230</power>
     <gpxtpx:TrackPointExtension>
      <gpxtpx:hr>154</gpxtpx:hr>
     </gpxtpx:TrackPointExtension>
    </extensions>
   </trkpt>
   <trkpt lat="49.2779770" lon="-123.1337240">
    <ele>24.0</ele>
    <time>2026-04-19T17:03:53Z</time>
    <extensions>
     <power>237</power>
     <gpxtpx:TrackPointExtension>
      <gpxtpx:hr>154</gpxtpx:hr>
     </gpxtpx:TrackPointExtension>
    </extensions>
   </trkpt>
   <trkpt lat="49.2779400" lon="-123.1336690">
    <ele>24.0</ele>
    <time>2026-04-19T17:03:54Z</time>
    <extensions>
     <power>237</power>
     <gpxtpx:TrackPointExtension>
      <gpxtpx:hr>154</gpxtpx:hr>
     </gpxtpx:TrackPointExtension>
    </extensions>
   </trkpt>
   <trkpt lat="49.2779250" lon="-123.1336480">
    <ele>24.0</ele>
    <time>2026-04-19T17:03:55Z</time>
    <extensions>
     <power>237</power>
     <gpxtpx:TrackPointExtension>
      <gpxtpx:hr>154</gpxtpx:hr>
     </gpxtpx:TrackPointExtension>
    </extensions>
   </trkpt>
   <trkpt lat="49.2779100" lon="-123.1336260">
    <ele>24.0</ele>
    <time>2026-04-19T17:03:56Z</time>
    <extensions>
     <power>267</power>
     <gpxtpx:TrackPointExtension>
      <gpxtpx:hr>154</gpxtpx:hr>
     </gpxtpx:TrackPointExtension>
    </extensions>
   </trkpt>
   <trkpt lat="49.2778780" lon="-123.1335790">
    <ele>24.2</ele>
    <time>2026-04-19T17:03:57Z</time>
    <extensions>
     <power>267</power>
     <gpxtpx:TrackPointExtension>
      <gpxtpx:hr>154</gpxtpx:hr>
     </gpxtpx:TrackPointExtension>
    </extensions>
   </trkpt>
   <trkpt lat="49.2778670" lon="-123.1335640">
    <ele>24.2</ele>
    <time>2026-04-19T17:03:58Z</time>
    <extensions>
     <power>265</power>
     <gpxtpx:TrackPointExtension>
      <gpxtpx:hr>154</gpxtpx:hr>
     </gpxtpx:TrackPointExtension>
    </extensions>
   </trkpt>
   <trkpt lat="49.2778310" lon="-123.1335140">
    <ele>24.2</ele>
    <time>2026-04-19T17:03:59Z</time>
    <extensions>
     <power>265</power>
     <gpxtpx:TrackPointExtension>
      <gpxtpx:hr>154</gpxtpx:hr>
     </gpxtpx:TrackPointExtension>
    </extensions>
   </trkpt>
   <trkpt lat="49.2778160" lon="-123.1334940">
    <ele>24.2</ele>
    <time>2026-04-19T17:04:00Z</time>
    <extensions>
     <power>265</power>
     <gpxtpx:TrackPointExtension>
      <gpxtpx:hr>154</gpxtpx:hr>
     </gpxtpx:TrackPointExtension>
    </extensions>
   </trkpt>
   <trkpt lat="49.2778020" lon="-123.1334740">
    <ele>24.2</ele>
    <time>2026-04-19T17:04:01Z</time>
    <extensions>
     <power>241</power>
     <gpxtpx:TrackPointExtension>
      <gpxtpx:hr>154</gpxtpx:hr>
     </gpxtpx:TrackPointExtension>
    </extensions>
   </trkpt>
   <trkpt lat="49.2777710" lon="-123.1334320">
    <ele>24.2</ele>
    <time>2026-04-19T17:04:02Z</time>
    <extensions>
     <power>241</power>
     <gpxtpx:TrackPointExtension>
      <gpxtpx:hr>155</gpxtpx:hr>
     </gpxtpx:TrackPointExtension>
    </extensions>
   </trkpt>
   <trkpt lat="49.2777600" lon="-123.1334180">
    <ele>24.2</ele>
    <time>2026-04-19T17:04:03Z</time>
    <extensions>
     <power>219</power>
     <gpxtpx:TrackPointExtension>
      <gpxtpx:hr>155</gpxtpx:hr>
     </gpxtpx:TrackPointExtension>
    </extensions>
   </trkpt>
   <trkpt lat="49.2777250" lon="-123.1333730">
    <ele>24.4</ele>
    <time>2026-04-19T17:04:04Z</time>
    <extensions>
     <power>219</power>
     <gpxtpx:TrackPointExtension>
      <gpxtpx:hr>155</gpxtpx:hr>
     </gpxtpx:TrackPointExtension>
    </extensions>
   </trkpt>
   <trkpt lat="49.2777110" lon="-123.1333550">
    <ele>24.4</ele>
    <time>2026-04-19T17:04:05Z</time>
    <extensions>
     <power>219</power>
     <gpxtpx:TrackPointExtension>
      <gpxtpx:hr>156</gpxtpx:hr>
     </gpxtpx:TrackPointExtension>
    </extensions>
   </trkpt>
   <trkpt lat="49.2776970" lon="-123.1333370">
    <ele>24.4</ele>
    <time>2026-04-19T17:04:06Z</time>
    <extensions>
     <power>234</power>
     <gpxtpx:TrackPointExtension>
      <gpxtpx:hr>156</gpxtpx:hr>
     </gpxtpx:TrackPointExtension>
    </extensions>
   </trkpt>
   <trkpt lat="49.2776640" lon="-123.1332940">
    <ele>24.4</ele>
    <time>2026-04-19T17:04:07Z</time>
    <extensions>
     <power>234</power>
     <gpxtpx:TrackPointExtension>
      <gpxtpx:hr>156</gpxtpx:hr>
     </gpxtpx:TrackPointExtension>
    </extensions>
   </trkpt>
   <trkpt lat="49.2776520" lon="-123.1332800">
    <ele>24.4</ele>
    <time>2026-04-19T17:04:08Z</time>
    <extensions>
     <power>225</power>
     <gpxtpx:TrackPointExtension>
      <gpxtpx:hr>156</gpxtpx:hr>
     </gpxtpx:TrackPointExtension>
    </extensions>
   </trkpt>
   <trkpt lat="49.2776170" lon="-123.1332350">
    <ele>24.4</ele>
    <time>2026-04-19T17:04:09Z</time>
    <extensions>
     <power>225</power>
     <gpxtpx:TrackPointExtension>
      <gpxtpx:hr>156</gpxtpx:hr>
     </gpxtpx:TrackPointExtension>
    </extensions>
   </trkpt>
   <trkpt lat="49.2776020" lon="-123.1332180">
    <ele>24.4</ele>
    <time>2026-04-19T17:04:10Z</time>
    <extensions>
     <power>225</power>
     <gpxtpx:TrackPointExtension>
      <gpxtpx:hr>156</gpxtpx:hr>
     </gpxtpx:TrackPointExtension>
    </extensions>
   </trkpt>
   <trkpt lat="49.2775880" lon="-123.1332000">
    <ele>24.4</ele>
    <time>2026-04-19T17:04:11Z</time>
    <extensions>
     <power>230</power>
     <gpxtpx:TrackPointExtension>
      <gpxtpx:hr>156</gpxtpx:hr>
     </gpxtpx:TrackPointExtension>
    </extensions>
   </trkpt>
   <trkpt lat="49.2775500" lon="-123.1331560">
    <ele>24.4</ele>
    <time>2026-04-19T17:04:12Z</time>
    <extensions>
     <power>230</power>
     <gpxtpx:TrackPointExtension>
      <gpxtpx:hr>156</gpxtpx:hr>
     </gpxtpx:TrackPointExtension>
    </extensions>
   </trkpt>
   <trkpt lat="49.2775350" lon="-123.1331370">
    <ele>24.4</ele>
    <time>2026-04-19T17:04:13Z</time>
    <extensions>
     <power>230</power>
     <gpxtpx:TrackPointExtension>
      <gpxtpx:hr>156</gpxtpx:hr>
     </gpxtpx:TrackPointExtension>
    </extensions>
   </trkpt>
   <trkpt lat="49.2775190" lon="-123.1331190">
    <ele>24.4</ele>
    <time>2026-04-19T17:04:14Z</time>
    <extensions>
     <power>236</power>
     <gpxtpx:TrackPointExtension>
      <gpxtpx:hr>156</gpxtpx:hr>
     </gpxtpx:TrackPointExtension>
    </extensions>
   </trkpt>
   <trkpt lat="49.2774830" lon="-123.1330770">
    <ele>24.4</ele>
    <time>2026-04-19T17:04:15Z</time>
    <extensions>
     <power>236</power>
     <gpxtpx:TrackPointExtension>
      <gpxtpx:hr>156</gpxtpx:hr>
     </gpxtpx:TrackPointExtension>
    </extensions>
   </trkpt>
   <trkpt lat="49.2774700" lon="-123.1330630">
    <ele>24.4</ele>
    <time>2026-04-19T17:04:16Z</time>
    <extensions>
     <power>239</power>
     <gpxtpx:TrackPointExtension>
      <gpxtpx:hr>156</gpxtpx:hr>
     </gpxtpx:TrackPointExtension>
    </extensions>
   </trkpt>
   <trkpt lat="49.2774300" lon="-123.1330170">
    <ele>24.4</ele>
    <time>2026-04-19T17:04:17Z</time>
    <extensions>
     <power>239</power>
     <gpxtpx:TrackPointExtension>
      <gpxtpx:hr>156</gpxtpx:hr>
     </gpxtpx:TrackPointExtension>
    </extensions>
   </trkpt>
   <trkpt lat="49.2774130" lon="-123.1329980">
    <ele>24.6</ele>
    <time>2026-04-19T17:04:18Z</time>
    <extensions>
     <power>239</power>
     <gpxtpx:TrackPointExtension>
      <gpxtpx:hr>156</gpxtpx:hr>
     </gpxtpx:TrackPointExtension>
    </extensions>
   </trkpt>
   <trkpt lat="49.2773970" lon="-123.1329800">
    <ele>24.6</ele>
    <time>2026-04-19T17:04:19Z</time>
    <extensions>
     <power>245</power>
     <gpxtpx:TrackPointExtension>
      <gpxtpx:hr>156</gpxtpx:hr>
     </gpxtpx:TrackPointExtension>
    </extensions>
   </trkpt>
   <trkpt lat="49.2773610" lon="-123.1329400">
    <ele>24.6</ele>
    <time>2026-04-19T17:04:20Z</time>
    <extensions>
     <power>245</power>
     <gpxtpx:TrackPointExtension>
      <gpxtpx:hr>156</gpxtpx:hr>
     </gpxtpx:TrackPointExtension>
    </extensions>
   </trkpt>
   <trkpt lat="49.2773480" lon="-123.1329270">
    <ele>24.6</ele>
    <time>2026-04-19T17:04:21Z</time>
    <extensions>
     <power>246</power>
     <gpxtpx:TrackPointExtension>
      <gpxtpx:hr>156</gpxtpx:hr>
     </gpxtpx:TrackPointExtension>
    </extensions>
   </trkpt>
   <trkpt lat="49.2773070" lon="-123.1328840">
    <ele>24.6</ele>
    <time>2026-04-19T17:04:22Z</time>
    <extensions>
     <power>246</power>
     <gpxtpx:TrackPointExtension>
      <gpxtpx:hr>156</gpxtpx:hr>
     </gpxtpx:TrackPointExtension>
    </extensions>
   </trkpt>
   <trkpt lat="49.2772910" lon="-123.1328680">
    <ele>24.6</ele>
    <time>2026-04-19T17:04:23Z</time>
    <extensions>
     <power>246</power>
     <gpxtpx:TrackPointExtension>
      <gpxtpx:hr>156</gpxtpx:hr>
     </gpxtpx:TrackPointExtension>
    </extensions>
   </trkpt>
   <trkpt lat="49.2772740" lon="-123.1328510">
    <ele>24.6</ele>
    <time>2026-04-19T17:04:24Z</time>
    <extensions>
     <power>243</power>
     <gpxtpx:TrackPointExtension>
      <gpxtpx:hr>156</gpxtpx:hr>
     </gpxtpx:TrackPointExtension>
    </extensions>
   </trkpt>
   <trkpt lat="49.2772400" lon="-123.1328170">
    <ele>24.6</ele>
    <time>2026-04-19T17:04:25Z</time>
    <extensions>
     <power>243</power>
     <gpxtpx:TrackPointExtension>
      <gpxtpx:hr>156</gpxtpx:hr>
     </gpxtpx:TrackPointExtension>
    </extensions>
   </trkpt>
   <trkpt lat="49.2772280" lon="-123.1328060">
    <ele>24.6</ele>
    <time>2026-04-19T17:04:26Z</time>
    <extensions>
     <power>241</power>
     <gpxtpx:TrackPointExtension>
      <gpxtpx:hr>156</gpxtpx:hr>
     </gpxtpx:TrackPointExtension>
    </extensions>
   </trkpt>
   <trkpt lat="49.2771870" lon="-123.1327710">
    <ele>24.8</ele>
    <time>2026-04-19T17:04:27Z</time>
    <extensions>
     <power>241</power>
     <gpxtpx:TrackPointExtension>
      <gpxtpx:hr>156</gpxtpx:hr>
     </gpxtpx:TrackPointExtension>
    </extensions>
   </trkpt>
   <trkpt lat="49.2771710" lon="-123.1327560">
    <ele>24.8</ele>
    <time>2026-04-19T17:04:28Z</time>
    <extensions>
     <power>241</power>
     <gpxtpx:TrackPointExtension>
      <gpxtpx:hr>156</gpxtpx:hr>
     </gpxtpx:TrackPointExtension>
    </extensions>
   </trkpt>
   <trkpt lat="49.2771540" lon="-123.1327420">
    <ele>24.8</ele>
    <time>2026-04-19T17:04:29Z</time>
    <extensions>
     <power>240</power>
     <gpxtpx:TrackPointExtension>
      <gpxtpx:hr>156</gpxtpx:hr>
     </gpxtpx:TrackPointExtension>
    </extensions>
   </trkpt>
   <trkpt lat="49.2771150" lon="-123.1327090">
    <ele>24.8</ele>
    <time>2026-04-19T17:04:30Z</time>
    <extensions>
     <power>240</power>
     <gpxtpx:TrackPointExtension>
      <gpxtpx:hr>156</gpxtpx:hr>
     </gpxtpx:TrackPointExtension>
    </extensions>
   </trkpt>
   <trkpt lat="49.2771020" lon="-123.1326980">
    <ele>25.0</ele>
    <time>2026-04-19T17:04:31Z</time>
    <extensions>
     <power>240</power>
     <gpxtpx:TrackPointExtension>
      <gpxtpx:hr>156</gpxtpx:hr>
     </gpxtpx:TrackPointExtension>
    </extensions>
   </trkpt>
   <trkpt lat="49.2770580" lon="-123.1326670">
    <ele>25.0</ele>
    <time>2026-04-19T17:04:32Z</time>
    <extensions>
     <power>240</power>
     <gpxtpx:TrackPointExtension>
      <gpxtpx:hr>156</gpxtpx:hr>
     </gpxtpx:TrackPointExtension>
    </extensions>
   </trkpt>
   <trkpt lat="49.2770410" lon="-123.1326560">
    <ele>25.0</ele>
    <time>2026-04-19T17:04:33Z</time>
    <extensions>
     <power>240</power>
     <gpxtpx:TrackPointExtension>
      <gpxtpx:hr>156</gpxtpx:hr>
     </gpxtpx:TrackPointExtension>
    </extensions>
   </trkpt>
   <trkpt lat="49.2770240" lon="-123.1326450">
    <ele>25.0</ele>
    <time>2026-04-19T17:04:34Z</time>
    <extensions>
     <power>243</power>
     <gpxtpx:TrackPointExtension>
      <gpxtpx:hr>156</gpxtpx:hr>
     </gpxtpx:TrackPointExtension>
    </extensions>
   </trkpt>
   <trkpt lat="49.2769720" lon="-123.1326360">
    <ele>25.2</ele>
    <time>2026-04-19T17:04:35Z</time>
    <extensions>
     <power>243</power>
     <gpxtpx:TrackPointExtension>
      <gpxtpx:hr>156</gpxtpx:hr>
     </gpxtpx:TrackPointExtension>
    </extensions>
   </trkpt>
   <trkpt lat="49.2769500" lon="-123.1326400">
    <ele>25.2</ele>
    <time>2026-04-19T17:04:36Z</time>
    <extensions>
     <power>243</power>
     <gpxtpx:TrackPointExtension>
      <gpxtpx:hr>156</gpxtpx:hr>
     </gpxtpx:TrackPointExtension>
    </extensions>
   </trkpt>
   <trkpt lat="49.2769270" lon="-123.1326430">
    <ele>25.2</ele>
    <time>2026-04-19T17:04:37Z</time>
    <extensions>
     <power>252</power>
     <gpxtpx:TrackPointExtension>
      <gpxtpx:hr>156</gpxtpx:hr>
     </gpxtpx:TrackPointExtension>
    </extensions>
   </trkpt>
   <trkpt lat="49.2768790" lon="-123.1326770">
    <ele>25.2</ele>
    <time>2026-04-19T17:04:38Z</time>
    <extensions>
     <power>252</power>
     <gpxtpx:TrackPointExtension>
      <gpxtpx:hr>156</gpxtpx:hr>
     </gpxtpx:TrackPointExtension>
    </extensions>
   </trkpt>
   <trkpt lat="49.2768640" lon="-123.1326900">
    <ele>25.2</ele>
    <time>2026-04-19T17:04:39Z</time>
    <extensions>
     <power>261</power>
     <gpxtpx:TrackPointExtension>
      <gpxtpx:hr>156</gpxtpx:hr>
     </gpxtpx:TrackPointExtension>
    </extensions>
   </trkpt>
   <trkpt lat="49.2768270" lon="-123.1327450">
    <ele>25.2</ele>
    <time>2026-04-19T17:04:40Z</time>
    <extensions>
     <power>261</power>
     <gpxtpx:TrackPointExtension>
      <gpxtpx:hr>156</gpxtpx:hr>
     </gpxtpx:TrackPointExtension>
    </extensions>
   </trkpt>
   <trkpt lat="49.2768140" lon="-123.1327680">
    <ele>25.4</ele>
    <time>2026-04-19T17:04:41Z</time>
    <extensions>
     <power>261</power>
     <gpxtpx:TrackPointExtension>
      <gpxtpx:hr>156</gpxtpx:hr>
     </gpxtpx:TrackPointExtension>
    </extensions>
   </trkpt>
   <trkpt lat="49.2768010" lon="-123.1327920">
    <ele>25.4</ele>
    <time>2026-04-19T17:04:42Z</time>
    <extensions>
     <power>249</power>
     <gpxtpx:TrackPointExtension>
      <gpxtpx:hr>156</gpxtpx:hr>
     </gpxtpx:TrackPointExtension>
    </extensions>
   </trkpt>
   <trkpt lat="49.2767760" lon="-123.1328520">
    <ele>25.4</ele>
    <time>2026-04-19T17:04:43Z</time>
    <extensions>
     <power>249</power>
     <gpxtpx:TrackPointExtension>
      <gpxtpx:hr>156</gpxtpx:hr>
     </gpxtpx:TrackPointExtension>
    </extensions>
   </trkpt>
   <trkpt lat="49.2767680" lon="-123.1328710">
    <ele>25.4</ele>
    <time>2026-04-19T17:04:44Z</time>
    <extensions>
     <power>249</power>
     <gpxtpx:TrackPointExtension>
      <gpxtpx:hr>156</gpxtpx:hr>
     </gpxtpx:TrackPointExtension>
    </extensions>
   </trkpt>
   <trkpt lat="49.2767390" lon="-123.1329380">
    <ele>25.4</ele>
    <time>2026-04-19T17:04:45Z</time>
    <extensions>
     <power>249</power>
     <gpxtpx:TrackPointExtension>
      <gpxtpx:hr>156</gpxtpx:hr>
     </gpxtpx:TrackPointExtension>
    </extensions>
   </trkpt>
   <trkpt lat="49.2767270" lon="-123.1329660">
    <ele>25.4</ele>
    <time>2026-04-19T17:04:46Z</time>
    <extensions>
     <power>249</power>
     <gpxtpx:TrackPointExtension>
      <gpxtpx:hr>156</gpxtpx:hr>
     </gpxtpx:TrackPointExtension>
    </extensions>
   </trkpt>
   <trkpt lat="49.2767140" lon="-123.1329930">
    <ele>25.4</ele>
    <time>2026-04-19T17:04:47Z</time>
    <extensions>
     <power>251</power>
     <gpxtpx:TrackPointExtension>
      <gpxtpx:hr>156</gpxtpx:hr>
     </gpxtpx:TrackPointExtension>
    </extensions>
   </trkpt>
   <trkpt lat="49.2766890" lon="-123.1330510">
    <ele>25.4</ele>
    <time>2026-04-19T17:04:48Z</time>
    <extensions>
     <power>251</power>
     <gpxtpx:TrackPointExtension>
      <gpxtpx:hr>156</gpxtpx:hr>
     </gpxtpx:TrackPointExtension>
    </extensions>
   </trkpt>
   <trkpt lat="49.2766810" lon="-123.1330700">
    <ele>25.6</ele>
    <time>2026-04-19T17:04:49Z</time>
    <extensions>
     <power>245</power>
     <gpxtpx:TrackPointExtension>
      <gpxtpx:hr>156</gpxtpx:hr>
     </gpxtpx:TrackPointExtension>
    </extensions>
   </trkpt>
   <trkpt lat="49.2766580" lon="-123.1331300">
    <ele>25.6</ele>
    <time>2026-04-19T17:04:50Z</time>
    <extensions>
     <power>245</power>
     <gpxtpx:TrackPointExtension>
      <gpxtpx:hr>156</gpxtpx:hr>
     </gpxtpx:TrackPointExtension>
    </extensions>
   </trkpt>
   <trkpt lat="49.2766490" lon="-123.1331520">
    <ele>25.6</ele>
    <time>2026-04-19T17:04:51Z</time>
    <extensions>
     <power>245</power>
     <gpxtpx:TrackPointExtension>
      <gpxtpx:hr>156</gpxtpx:hr>
     </gpxtpx:TrackPointExtension>
    </extensions>
   </trkpt>
   <trkpt lat="49.2766400" lon="-123.1331750">
    <ele>25.6</ele>
    <time>2026-04-19T17:04:52Z</time>
    <extensions>
     <power>242</power>
     <gpxtpx:TrackPointExtension>
      <gpxtpx:hr>156</gpxtpx:hr>
     </gpxtpx:TrackPointExtension>
    </extensions>
   </trkpt>
   <trkpt lat="49.2766210" lon="-123.1332330">
    <ele>25.6</ele>
    <time>2026-04-19T17:04:53Z</time>
    <extensions>
     <power>242</power>
     <gpxtpx:TrackPointExtension>
      <gpxtpx:hr>156</gpxtpx:hr>
     </gpxtpx:TrackPointExtension>
    </extensions>
   </trkpt>
   <trkpt lat="49.2766140" lon="-123.1332520">
    <ele>25.8</ele>
    <time>2026-04-19T17:04:54Z</time>
    <extensions>
     <power>242</power>
     <gpxtpx:TrackPointExtension>
      <gpxtpx:hr>156</gpxtpx:hr>
     </gpxtpx:TrackPointExtension>
    </extensions>
   </trkpt>
   <trkpt lat="49.2765940" lon="-123.1333120">
    <ele>25.8</ele>
    <time>2026-04-19T17:04:55Z</time>
    <extensions>
     <power>242</power>
     <gpxtpx:TrackPointExtension>
      <gpxtpx:hr>156</gpxtpx:hr>
     </gpxtpx:TrackPointExtension>
    </extensions>
   </trkpt>
   <trkpt lat="49.2765860" lon="-123.1333350">
    <ele>25.8</ele>
    <time>2026-04-19T17:04:56Z</time>
    <extensions>
     <power>242</power>
     <gpxtpx:TrackPointExtension>
      <gpxtpx:hr>156</gpxtpx:hr>
     </gpxtpx:TrackPointExtension>
    </extensions>
   </trkpt>
   <trkpt lat="49.2765780" lon="-123.1333590">
    <ele>25.8</ele>
    <time>2026-04-19T17:04:57Z</time>
    <extensions>
     <power>244</power>
     <gpxtpx:TrackPointExtension>
      <gpxtpx:hr>156</gpxtpx:hr>
     </gpxtpx:TrackPointExtension>
    </extensions>
   </trkpt>
   <trkpt lat="49.2765580" lon="-123.1334130">
    <ele>26.0</ele>
    <time>2026-04-19T17:04:58Z</time>
    <extensions>
     <power>244</power>
     <gpxtpx:TrackPointExtension>
      <gpxtpx:hr>156</gpxtpx:hr>
     </gpxtpx:TrackPointExtension>
    </extensions>
   </trkpt>
   <trkpt lat="49.2765510" lon="-123.1334340">
    <ele>26.0</ele>
    <time>2026-04-19T17:04:59Z</time>
    <extensions>
     <power>244</power>
     <gpxtpx:TrackPointExtension>
      <gpxtpx:hr>156</gpxtpx:hr>
     </gpxtpx:TrackPointExtension>
    </extensions>
   </trkpt>
   <trkpt lat="49.2765430" lon="-123.1334550">
    <ele>26.0</ele>
    <time>2026-04-19T17:05:00Z</time>
    <extensions>
     <power>245</power>
     <gpxtpx:TrackPointExtension>
      <gpxtpx:hr>156</gpxtpx:hr>
     </gpxtpx:TrackPointExtension>
    </extensions>
   </trkpt>
   <trkpt lat="49.2765290" lon="-123.1334990">
    <ele>26.2</ele>
    <time>2026-04-19T17:05:01Z</time>
    <extensions>
     <power>245</power>
     <gpxtpx:TrackPointExtension>
      <gpxtpx:hr>156</gpxtpx:hr>
     </gpxtpx:TrackPointExtension>
    </extensions>
   </trkpt>
   <trkpt lat="49.2765240" lon="-123.1335120">
    <ele>26.2</ele>
    <time>2026-04-19T17:05:02Z</time>
    <extensions>
     <power>231</power>
     <gpxtpx:TrackPointExtension>
      <gpxtpx:hr>156</gpxtpx:hr>
     </gpxtpx:TrackPointExtension>
    </extensions>
   </trkpt>
   <trkpt lat="49.2765100" lon="-123.1335520">
    <ele>26.2</ele>
    <time>2026-04-19T17:05:03Z</time>
    <extensions>
     <power>231</power>
     <gpxtpx:TrackPointExtension>
      <gpxtpx:hr>156</gpxtpx:hr>
     </gpxtpx:TrackPointExtension>
    </extensions>
   </trkpt>
   <trkpt lat="49.2765050" lon="-123.1335670">
    <ele>26.4</ele>
    <time>2026-04-19T17:05:04Z</time>
    <extensions>
     <power>231</power>
     <gpxtpx:TrackPointExtension>
      <gpxtpx:hr>156</gpxtpx:hr>
     </gpxtpx:TrackPointExtension>
    </extensions>
   </trkpt>
   <trkpt lat="49.2765000" lon="-123.1335820">
    <ele>26.4</ele>
    <time>2026-04-19T17:05:05Z</time>
    <extensions>
     <power>123</power>
     <gpxtpx:TrackPointExtension>
      <gpxtpx:hr>156</gpxtpx:hr>
     </gpxtpx:TrackPointExtension>
    </extensions>
   </trkpt>
   <trkpt lat="49.2764920" lon="-123.1336040">
    <ele>26.4</ele>
    <time>2026-04-19T17:05:06Z</time>
    <extensions>
     <power>123</power>
     <gpxtpx:TrackPointExtension>
      <gpxtpx:hr>156</gpxtpx:hr>
     </gpxtpx:TrackPointExtension>
    </extensions>
   </trkpt>
   <trkpt lat="49.2764840" lon="-123.1336260">
    <ele>26.6</ele>
    <time>2026-04-19T17:05:07Z</time>
    <extensions>
     <power>106</power>
     <gpxtpx:TrackPointExtension>
      <gpxtpx:hr>156</gpxtpx:hr>
     </gpxtpx:TrackPointExtension>
    </extensions>
   </trkpt>
   <trkpt lat="49.2764770" lon="-123.1336470">
    <ele>26.6</ele>
    <time>2026-04-19T17:05:08Z</time>
    <extensions>
     <power>106</power>
     <gpxtpx:TrackPointExtension>
      <gpxtpx:hr>156</gpxtpx:hr>
     </gpxtpx:TrackPointExtension>
    </extensions>
   </trkpt>
   <trkpt lat="49.2764690" lon="-123.1336680">
    <ele>26.6</ele>
    <time>2026-04-19T17:05:09Z</time>
    <extensions>
     <power>106</power>
     <gpxtpx:TrackPointExtension>
      <gpxtpx:hr>167</gpxtpx:hr>
     </gpxtpx:TrackPointExtension>
    </extensions>
   </trkpt>
   <trkpt lat="49.2764620" lon="-123.1336870">
    <ele>26.8</ele>
    <time>2026-04-19T17:05:10Z</time>
    <extensions>
     <power>107</power>
     <gpxtpx:TrackPointExtension>
      <gpxtpx:hr>167</gpxtpx:hr>
     </gpxtpx:TrackPointExtension>
    </extensions>
   </trkpt>
   <trkpt lat="49.2764560" lon="-123.1337050">
    <ele>26.8</ele>
    <time>2026-04-19T17:05:11Z</time>
    <extensions>
     <power>107</power>
     <gpxtpx:TrackPointExtension>
      <gpxtpx:hr>167</gpxtpx:hr>
     </gpxtpx:TrackPointExtension>
    </extensions>
   </trkpt>
   <trkpt lat="49.2764500" lon="-123.1337230">
    <ele>26.8</ele>
    <time>2026-04-19T17:05:12Z</time>
    <extensions>
     <power>99</power>
     <gpxtpx:TrackPointExtension>
      <gpxtpx:hr>167</gpxtpx:hr>
     </gpxtpx:TrackPointExtension>
    </extensions>
   </trkpt>
   <trkpt lat="49.2764440" lon="-123.1337420">
    <ele>26.8</ele>
    <time>2026-04-19T17:05:13Z</time>
    <extensions>
     <power>99</power>
     <gpxtpx:TrackPointExtension>
      <gpxtpx:hr>167</gpxtpx:hr>
     </gpxtpx:TrackPointExtension>
    </extensions>
   </trkpt>
   <trkpt lat="49.2764370" lon="-123.1337630">
    <ele>27.0</ele>
    <time>2026-04-19T17:05:14Z</time>
    <extensions>
     <power>99</power>
     <gpxtpx:TrackPointExtension>
      <gpxtpx:hr>167</gpxtpx:hr>
     </gpxtpx:TrackPointExtension>
    </extensions>
   </trkpt>
   <trkpt lat="49.2764290" lon="-123.1337860">
    <ele>27.0</ele>
    <time>2026-04-19T17:05:15Z</time>
    <extensions>
     <power>97</power>
     <gpxtpx:TrackPointExtension>
      <gpxtpx:hr>167</gpxtpx:hr>
     </gpxtpx:TrackPointExtension>
    </extensions>
   </trkpt>
   <trkpt lat="49.2764170" lon="-123.1338230">
    <ele>27.0</ele>
    <time>2026-04-19T17:05:16Z</time>
    <extensions>
     <power>97</power>
     <gpxtpx:TrackPointExtension>
      <gpxtpx:hr>167</gpxtpx:hr>
     </gpxtpx:TrackPointExtension>
    </extensions>
   </trkpt>
   <trkpt lat="49.2764130" lon="-123.1338350">
    <ele>27.2</ele>
    <time>2026-04-19T17:05:17Z</time>
    <extensions>
     <power>104</power>
     <gpxtpx:TrackPointExtension>
      <gpxtpx:hr>167</gpxtpx:hr>
     </gpxtpx:TrackPointExtension>
    </extensions>
   </trkpt>
   <trkpt lat="49.2764050" lon="-123.1338590">
    <ele>27.2</ele>
    <time>2026-04-19T17:05:18Z</time>
    <extensions>
     <power>104</power>
     <gpxtpx:TrackPointExtension>
      <gpxtpx:hr>167</gpxtpx:hr>
     </gpxtpx:TrackPointExtension>
    </extensions>
   </trkpt>
   <trkpt lat="49.2763970" lon="-123.1338820">
    <ele>27.2</ele>
    <time>2026-04-19T17:05:19Z</time>
    <extensions>
     <power>104</power>
     <gpxtpx:TrackPointExtension>
      <gpxtpx:hr>167</gpxtpx:hr>
     </gpxtpx:TrackPointExtension>
    </extensions>
   </trkpt>
   <trkpt lat="49.2763900" lon="-123.1339040">
    <ele>27.4</ele>
    <time>2026-04-19T17:05:20Z</time>
    <extensions>
     <power>106</power>
     <gpxtpx:TrackPointExtension>
      <gpxtpx:hr>167</gpxtpx:hr>
     </gpxtpx:TrackPointExtension>
    </extensions>
   </trkpt>
   <trkpt lat="49.2763820" lon="-123.1339260">
    <ele>27.4</ele>
    <time>2026-04-19T17:05:21Z</time>
    <extensions>
     <power>106</power>
     <gpxtpx:TrackPointExtension>
      <gpxtpx:hr>167</gpxtpx:hr>
     </gpxtpx:TrackPointExtension>
    </extensions>
   </trkpt>
   <trkpt lat="49.2763750" lon="-123.1339500">
    <ele>27.4</ele>
    <time>2026-04-19T17:05:22Z</time>
    <extensions>
     <power>106</power>
     <gpxtpx:TrackPointExtension>
      <gpxtpx:hr>167</gpxtpx:hr>
     </gpxtpx:TrackPointExtension>
    </extensions>
   </trkpt>
   <trkpt lat="49.2763680" lon="-123.1339730">
    <ele>27.4</ele>
    <time>2026-04-19T17:05:23Z</time>
    <extensions>
     <power>112</power>
     <gpxtpx:TrackPointExtension>
      <gpxtpx:hr>167</gpxtpx:hr>
     </gpxtpx:TrackPointExtension>
    </extensions>
   </trkpt>
   <trkpt lat="49.2763580" lon="-123.1340090">
    <ele>27.6</ele>
    <time>2026-04-19T17:05:24Z</time>
    <extensions>
     <power>112</power>
     <gpxtpx:TrackPointExtension>
      <gpxtpx:hr>167</gpxtpx:hr>
     </gpxtpx:TrackPointExtension>
    </extensions>
   </trkpt>
   <trkpt lat="49.2763540" lon="-123.1340200">
    <ele>27.6</ele>
    <time>2026-04-19T17:05:25Z</time>
    <extensions>
     <power>116</power>
     <gpxtpx:TrackPointExtension>
      <gpxtpx:hr>167</gpxtpx:hr>
     </gpxtpx:TrackPointExtension>
    </extensions>
   </trkpt>
   <trkpt lat="49.2763430" lon="-123.1340590">
    <ele>27.6</ele>
    <time>2026-04-19T17:05:26Z</time>
    <extensions>
     <power>116</power>
     <gpxtpx:TrackPointExtension>
      <gpxtpx:hr>167</gpxtpx:hr>
     </gpxtpx:TrackPointExtension>
    </extensions>
   </trkpt>
   <trkpt lat="49.2763380" lon="-123.1340740">
    <ele>27.6</ele>
    <time>2026-04-19T17:05:27Z</time>
    <extensions>
     <power>116</power>
     <gpxtpx:TrackPointExtension>
      <gpxtpx:hr>167</gpxtpx:hr>
     </gpxtpx:TrackPointExtension>
    </extensions>
   </trkpt>
   <trkpt lat="49.2763340" lon="-123.1340900">
    <ele>27.8</ele>
    <time>2026-04-19T17:05:28Z</time>
    <extensions>
     <power>120</power>
     <gpxtpx:TrackPointExtension>
      <gpxtpx:hr>167</gpxtpx:hr>
     </gpxtpx:TrackPointExtension>
    </extensions>
   </trkpt>
   <trkpt lat="49.2763280" lon="-123.1341140">
    <ele>27.8</ele>
    <time>2026-04-19T17:05:29Z</time>
    <extensions>
     <power>120</power>
     <gpxtpx:TrackPointExtension>
      <gpxtpx:hr>167</gpxtpx:hr>
     </gpxtpx:TrackPointExtension>
    </extensions>
   </trkpt>
   <trkpt lat="49.2763210" lon="-123.1341380">
    <ele>27.8</ele>
    <time>2026-04-19T17:05:30Z</time>
    <extensions>
     <power>123</power>
     <gpxtpx:TrackPointExtension>
      <gpxtpx:hr>167</gpxtpx:hr>
     </gpxtpx:TrackPointExtension>
    </extensions>
   </trkpt>
   <trkpt lat="49.2763110" lon="-123.1341780">
    <ele>27.8</ele>
    <time>2026-04-19T17:05:31Z</time>
    <extensions>
     <power>123</power>
     <gpxtpx:TrackPointExtension>
      <gpxtpx:hr>167</gpxtpx:hr>
     </gpxtpx:TrackPointExtension>
    </extensions>
   </trkpt>
   <trkpt lat="49.2763080" lon="-123.1341950">
    <ele>28.0</ele>
    <time>2026-04-19T17:05:32Z</time>
    <extensions>
     <power>123</power>
     <gpxtpx:TrackPointExtension>
      <gpxtpx:hr>167</gpxtpx:hr>
     </gpxtpx:TrackPointExtension>
    </extensions>
   </trkpt>
   <trkpt lat="49.2763050" lon="-123.1342110">
    <ele>28.0</ele>
    <time>2026-04-19T17:05:33Z</time>
    <extensions>
     <power>122</power>
     <gpxtpx:TrackPointExtension>
      <gpxtpx:hr>167</gpxtpx:hr>
     </gpxtpx:TrackPointExtension>
    </extensions>
   </trkpt>
   <trkpt lat="49.2763020" lon="-123.1342350">
    <ele>28.0</ele>
    <time>2026-04-19T17:05:34Z</time>
    <extensions>
     <power>122</power>
     <gpxtpx:TrackPointExtension>
      <gpxtpx:hr>167</gpxtpx:hr>
     </gpxtpx:TrackPointExtension>
    </extensions>
   </trkpt>
   <trkpt lat="49.2762960" lon="-123.1342580">
    <ele>28.2</ele>
    <time>2026-04-19T17:05:35Z</time>
    <extensions>
     <power>122</power>
     <gpxtpx:TrackPointExtension>
      <gpxtpx:hr>167</gpxtpx:hr>
     </gpxtpx:TrackPointExtension>
    </extensions>
   </trkpt>
   <trkpt lat="49.2762830" lon="-123.1342930">
    <ele>28.2</ele>
    <time>2026-04-19T17:05:36Z</time>
    <extensions>
     <power>122</power>
     <gpxtpx:TrackPointExtension>
      <gpxtpx:hr>167</gpxtpx:hr>
     </gpxtpx:TrackPointExtension>
    </extensions>
   </trkpt>
   <trkpt lat="49.2762770" lon="-123.1343060">
    <ele>28.2</ele>
    <time>2026-04-19T17:05:37Z</time>
    <extensions>
     <power>122</power>
     <gpxtpx:TrackPointExtension>
      <gpxtpx:hr>167</gpxtpx:hr>
     </gpxtpx:TrackPointExtension>
    </extensions>
   </trkpt>
   <trkpt lat="49.2762720" lon="-123.1343200">
    <ele>28.2</ele>
    <time>2026-04-19T17:05:38Z</time>
    <extensions>
     <power>120</power>
     <gpxtpx:TrackPointExtension>
      <gpxtpx:hr>167</gpxtpx:hr>
     </gpxtpx:TrackPointExtension>
    </extensions>
   </trkpt>
   <trkpt lat="49.2762650" lon="-123.1343420">
    <ele>28.4</ele>
    <time>2026-04-19T17:05:39Z</time>
    <extensions>
     <power>120</power>
     <gpxtpx:TrackPointExtension>
      <gpxtpx:hr>167</gpxtpx:hr>
     </gpxtpx:TrackPointExtension>
    </extensions>
   </trkpt>
   <trkpt lat="49.2762580" lon="-123.1343640">
    <ele>28.4</ele>
    <time>2026-04-19T17:05:40Z</time>
    <extensions>
     <power>117</power>
     <gpxtpx:TrackPointExtension>
      <gpxtpx:hr>167</gpxtpx:hr>
     </gpxtpx:TrackPointExtension>
    </extensions>
   </trkpt>
   <trkpt lat="49.2762510" lon="-123.1343870">
    <ele>28.4</ele>
    <time>2026-04-19T17:05:41Z</time>
    <extensions>
     <power>117</power>
     <gpxtpx:TrackPointExtension>
      <gpxtpx:hr>167</gpxtpx:hr>
     </gpxtpx:TrackPointExtension>
    </extensions>
   </trkpt>
   <trkpt lat="49.2762440" lon="-123.1344080">
    <ele>28.4</ele>
    <time>2026-04-19T17:05:42Z</time>
    <extensions>
     <power>117</power>
     <gpxtpx:TrackPointExtension>
      <gpxtpx:hr>167</gpxtpx:hr>
     </gpxtpx:TrackPointExtension>
    </extensions>
   </trkpt>
   <trkpt lat="49.2762370" lon="-123.1344290">
    <ele>28.6</ele>
    <time>2026-04-19T17:05:43Z</time>
    <extensions>
     <power>115</power>
     <gpxtpx:TrackPointExtension>
      <gpxtpx:hr>167</gpxtpx:hr>
     </gpxtpx:TrackPointExtension>
    </extensions>
   </trkpt>
   <trkpt lat="49.2762290" lon="-123.1344520">
    <ele>28.6</ele>
    <time>2026-04-19T17:05:44Z</time>
    <extensions>
     <power>115</power>
     <gpxtpx:TrackPointExtension>
      <gpxtpx:hr>167</gpxtpx:hr>
     </gpxtpx:TrackPointExtension>
    </extensions>
   </trkpt>
   <trkpt lat="49.2762220" lon="-123.1344750">
    <ele>28.6</ele>
    <time>2026-04-19T17:05:45Z</time>
    <extensions>
     <power>115</power>
     <gpxtpx:TrackPointExtension>
      <gpxtpx:hr>167</gpxtpx:hr>
     </gpxtpx:TrackPointExtension>
    </extensions>
   </trkpt>
   <trkpt lat="49.2762160" lon="-123.1344970">
    <ele>28.8</ele>
    <time>2026-04-19T17:05:46Z</time>
    <extensions>
     <power>120</power>
     <gpxtpx:TrackPointExtension>
      <gpxtpx:hr>167</gpxtpx:hr>
     </gpxtpx:TrackPointExtension>
    </extensions>
   </trkpt>
   <trkpt lat="49.2762040" lon="-123.1345300">
    <ele>28.8</ele>
    <time>2026-04-19T17:05:47Z</time>
    <extensions>
     <power>120</power>
     <gpxtpx:TrackPointExtension>
      <gpxtpx:hr>167</gpxtpx:hr>
     </gpxtpx:TrackPointExtension>
    </extensions>
   </trkpt>
   <trkpt lat="49.2762000" lon="-123.1345410">
    <ele>28.8</ele>
    <time>2026-04-19T17:05:48Z</time>
    <extensions>
     <power>123</power>
     <gpxtpx:TrackPointExtension>
      <gpxtpx:hr>167</gpxtpx:hr>
     </gpxtpx:TrackPointExtension>
    </extensions>
   </trkpt>
   <trkpt lat="49.2761880" lon="-123.1345790">
    <ele>28.8</ele>
    <time>2026-04-19T17:05:49Z</time>
    <extensions>
     <power>123</power>
     <gpxtpx:TrackPointExtension>
      <gpxtpx:hr>167</gpxtpx:hr>
     </gpxtpx:TrackPointExtension>
    </extensions>
   </trkpt>
   <trkpt lat="49.2761820" lon="-123.1345940">
    <ele>29.0</ele>
    <time>2026-04-19T17:05:50Z</time>
    <extensions>
     <power>123</power>
     <gpxtpx:TrackPointExtension>
      <gpxtpx:hr>167</gpxtpx:hr>
     </gpxtpx:TrackPointExtension>
    </extensions>
   </trkpt>
   <trkpt lat="49.2761770" lon="-123.1346090">
    <ele>29.0</ele>
    <time>2026-04-19T17:05:51Z</time>
    <extensions>
     <power>126</power>
     <gpxtpx:TrackPointExtension>
      <gpxtpx:hr>167</gpxtpx:hr>
     </gpxtpx:TrackPointExtension>
    </extensions>
   </trkpt>
   <trkpt lat="49.2761690" lon="-123.1346320">
    <ele>29.0</ele>
    <time>2026-04-19T17:05:52Z</time>
    <extensions>
     <power>126</power>
     <gpxtpx:TrackPointExtension>
      <gpxtpx:hr>167</gpxtpx:hr>
     </gpxtpx:TrackPointExtension>
    </extensions>
   </trkpt>
   <trkpt lat="49.2761610" lon="-123.1346540">
    <ele>29.2</ele>
    <time>2026-04-19T17:05:53Z</time>
    <extensions>
     <power>129</power>
     <gpxtpx:TrackPointExtension>
      <gpxtpx:hr>167</gpxtpx:hr>
     </gpxtpx:TrackPointExtension>
    </extensions>
   </trkpt>
   <trkpt lat="49.2761480" lon="-123.1346920">
    <ele>29.2</ele>
    <time>2026-04-19T17:05:54Z</time>
    <extensions>
     <power>129</power>
     <gpxtpx:TrackPointExtension>
      <gpxtpx:hr>167</gpxtpx:hr>
     </gpxtpx:TrackPointExtension>
    </extensions>
   </trkpt>
   <trkpt lat="49.2761430" lon="-123.1347070">
    <ele>29.2</ele>
    <time>2026-04-19T17:05:55Z</time>
    <extensions>
     <power>129</power>
     <gpxtpx:TrackPointExtension>
      <gpxtpx:hr>167</gpxtpx:hr>
     </gpxtpx:TrackPointExtension>
    </extensions>
   </trkpt>
   <trkpt lat="49.2761380" lon="-123.1347220">
    <ele>29.4</ele>
    <time>2026-04-19T17:05:56Z</time>
    <extensions>
     <power>126</power>
     <gpxtpx:TrackPointExtension>
      <gpxtpx:hr>167</gpxtpx:hr>
     </gpxtpx:TrackPointExtension>
    </extensions>
   </trkpt>
   <trkpt lat="49.2761270" lon="-123.1347550">
    <ele>29.4</ele>
    <time>2026-04-19T17:05:57Z</time>
    <extensions>
     <power>126</power>
     <gpxtpx:TrackPointExtension>
      <gpxtpx:hr>167</gpxtpx:hr>
     </gpxtpx:TrackPointExtension>
    </extensions>
   </trkpt>
   <trkpt lat="49.2761230" lon="-123.1347660">
    <ele>29.4</ele>
    <time>2026-04-19T17:05:58Z</time>
    <extensions>
     <power>124</power>
     <gpxtpx:TrackPointExtension>
      <gpxtpx:hr>167</gpxtpx:hr>
     </gpxtpx:TrackPointExtension>
    </extensions>
   </trkpt>
   <trkpt lat="49.2761100" lon="-123.1348040">
    <ele>29.6</ele>
    <time>2026-04-19T17:05:59Z</time>
    <extensions>
     <power>124</power>
     <gpxtpx:TrackPointExtension>
      <gpxtpx:hr>167</gpxtpx:hr>
     </gpxtpx:TrackPointExtension>
    </extensions>
   </trkpt>
   <trkpt lat="49.2761040" lon="-123.1348180">
    <ele>29.6</ele>
    <time>2026-04-19T17:06:00Z</time>
    <extensions>
     <power>124</power>
     <gpxtpx:TrackPointExtension>
      <gpxtpx:hr>167</gpxtpx:hr>
     </gpxtpx:TrackPointExtension>
    </extensions>
   </trkpt>
   <trkpt lat="49.2760990" lon="-123.1348330">
    <ele>29.6</ele>
    <time>2026-04-19T17:06:01Z</time>
    <extensions>
     <power>127</power>
     <gpxtpx:TrackPointExtension>
      <gpxtpx:hr>167</gpxtpx:hr>
     </gpxtpx:TrackPointExtension>
    </extensions>
   </trkpt>
   <trkpt lat="49.2760880" lon="-123.1348680">
    <ele>29.8</ele>
    <time>2026-04-19T17:06:02Z</time>
    <extensions>
     <power>127</power>
     <gpxtpx:TrackPointExtension>
      <gpxtpx:hr>167</gpxtpx:hr>
     </gpxtpx:TrackPointExtension>
    </extensions>
   </trkpt>
   <trkpt lat="49.2760840" lon="-123.1348790">
    <ele>29.8</ele>
    <time>2026-04-19T17:06:03Z</time>
    <extensions>
     <power>132</power>
     <gpxtpx:TrackPointExtension>
      <gpxtpx:hr>167</gpxtpx:hr>
     </gpxtpx:TrackPointExtension>
    </extensions>
   </trkpt>
   <trkpt lat="49.2760770" lon="-123.1349020">
    <ele>29.8</ele>
    <time>2026-04-19T17:06:04Z</time>
    <extensions>
     <power>132</power>
     <gpxtpx:TrackPointExtension>
      <gpxtpx:hr>167</gpxtpx:hr>
     </gpxtpx:TrackPointExtension>
    </extensions>
   </trkpt>
   <trkpt lat="49.2760700" lon="-123.1349250">
    <ele>29.8</ele>
    <time>2026-04-19T17:06:05Z</time>
    <extensions>
     <power>132</power>
     <gpxtpx:TrackPointExtension>
      <gpxtpx:hr>167</gpxtpx:hr>
     </gpxtpx:TrackPointExtension>
    </extensions>
   </trkpt>
   <trkpt lat="49.2760620" lon="-123.1349480">
    <ele>30.0</ele>
    <time>2026-04-19T17:06:06Z</time>
    <extensions>
     <power>145</power>
     <gpxtpx:TrackPointExtension>
      <gpxtpx:hr>167</gpxtpx:hr>
     </gpxtpx:TrackPointExtension>
    </extensions>
   </trkpt>
   <trkpt lat="49.2760500" lon="-123.1349840">
    <ele>30.0</ele>
    <time>2026-04-19T17:06:07Z</time>
    <extensions>
     <power>145</power>
     <gpxtpx:TrackPointExtension>
      <gpxtpx:hr>167</gpxtpx:hr>
     </gpxtpx:TrackPointExtension>
    </extensions>
   </trkpt>
   <trkpt lat="49.2760440" lon="-123.1349990">
    <ele>30.0</ele>
    <time>2026-04-19T17:06:08Z</time>
    <extensions>
     <power>145</power>
     <gpxtpx:TrackPointExtension>
      <gpxtpx:hr>167</gpxtpx:hr>
     </gpxtpx:TrackPointExtension>
    </extensions>
   </trkpt>
   <trkpt lat="49.2760390" lon="-123.1350130">
    <ele>30.0</ele>
    <time>2026-04-19T17:06:09Z</time>
    <extensions>
     <power>129</power>
     <gpxtpx:TrackPointExtension>
      <gpxtpx:hr>173</gpxtpx:hr>
     </gpxtpx:TrackPointExtension>
    </extensions>
   </trkpt>
   <trkpt lat="49.2760270" lon="-123.1350480">
    <ele>30.2</ele>
    <time>2026-04-19T17:06:10Z</time>
    <extensions>
     <power>129</power>
     <gpxtpx:TrackPointExtension>
      <gpxtpx:hr>173</gpxtpx:hr>
     </gpxtpx:TrackPointExtension>
    </extensions>
   </trkpt>
   <trkpt lat="49.2760230" lon="-123.1350590">
    <ele>30.2</ele>
    <time>2026-04-19T17:06:11Z</time>
    <extensions>
     <power>132</power>
     <gpxtpx:TrackPointExtension>
      <gpxtpx:hr>175</gpxtpx:hr>
     </gpxtpx:TrackPointExtension>
    </extensions>
   </trkpt>
   <trkpt lat="49.2760090" lon="-123.1350990">
    <ele>30.2</ele>
    <time>2026-04-19T17:06:12Z</time>
    <extensions>
     <power>132</power>
     <gpxtpx:TrackPointExtension>
      <gpxtpx:hr>175</gpxtpx:hr>
     </gpxtpx:TrackPointExtension>
    </extensions>
   </trkpt>
   <trkpt lat="49.2760040" lon="-123.1351150">
    <ele>30.2</ele>
    <time>2026-04-19T17:06:13Z</time>
    <extensions>
     <power>132</power>
     <gpxtpx:TrackPointExtension>
      <gpxtpx:hr>175</gpxtpx:hr>
     </gpxtpx:TrackPointExtension>
    </extensions>
   </trkpt>
   <trkpt lat="49.2759980" lon="-123.1351310">
    <ele>30.4</ele>
    <time>2026-04-19T17:06:14Z</time>
    <extensions>
     <power>132</power>
     <gpxtpx:TrackPointExtension>
      <gpxtpx:hr>175</gpxtpx:hr>
     </gpxtpx:TrackPointExtension>
    </extensions>
   </trkpt>
   <trkpt lat="49.2759910" lon="-123.1351540">
    <ele>30.4</ele>
    <time>2026-04-19T17:06:15Z</time>
    <extensions>
     <power>132</power>
     <gpxtpx:TrackPointExtension>
      <gpxtpx:hr>174</gpxtpx:hr>
     </gpxtpx:TrackPointExtension>
    </extensions>
   </trkpt>
   <trkpt lat="49.2759850" lon="-123.1351770">
    <ele>30.4</ele>
    <time>2026-04-19T17:06:16Z</time>
    <extensions>
     <power>131</power>
     <gpxtpx:TrackPointExtension>
      <gpxtpx:hr>174</gpxtpx:hr>
     </gpxtpx:TrackPointExtension>
    </extensions>
   </trkpt>
   <trkpt lat="49.2759740" lon="-123.1352150">
    <ele>30.6</ele>
    <time>2026-04-19T17:06:17Z</time>
    <extensions>
     <power>131</power>
     <gpxtpx:TrackPointExtension>
      <gpxtpx:hr>174</gpxtpx:hr>
     </gpxtpx:TrackPointExtension>
    </extensions>
   </trkpt>
   <trkpt lat="49.2759690" lon="-123.1352290">
    <ele>30.6</ele>
    <time>2026-04-19T17:06:18Z</time>
    <extensions>
     <power>131</power>
     <gpxtpx:TrackPointExtension>
      <gpxtpx:hr>174</gpxtpx:hr>
     </gpxtpx:TrackPointExtension>
    </extensions>
   </trkpt>
   <trkpt lat="49.2759650" lon="-123.1352440">
    <ele>30.6</ele>
    <time>2026-04-19T17:06:19Z</time>
    <extensions>
     <power>132</power>
     <gpxtpx:TrackPointExtension>
      <gpxtpx:hr>174</gpxtpx:hr>
     </gpxtpx:TrackPointExtension>
    </extensions>
   </trkpt>
   <trkpt lat="49.2759560" lon="-123.1352780">
    <ele>30.6</ele>
    <time>2026-04-19T17:06:20Z</time>
    <extensions>
     <power>132</power>
     <gpxtpx:TrackPointExtension>
      <gpxtpx:hr>174</gpxtpx:hr>
     </gpxtpx:TrackPointExtension>
    </extensions>
   </trkpt>
   <trkpt lat="49.2759530" lon="-123.1352880">
    <ele>30.8</ele>
    <time>2026-04-19T17:06:21Z</time>
    <extensions>
     <power>133</power>
     <gpxtpx:TrackPointExtension>
      <gpxtpx:hr>174</gpxtpx:hr>
     </gpxtpx:TrackPointExtension>
    </extensions>
   </trkpt>
   <trkpt lat="49.2759460" lon="-123.1353090">
    <ele>30.8</ele>
    <time>2026-04-19T17:06:22Z</time>
    <extensions>
     <power>133</power>
     <gpxtpx:TrackPointExtension>
      <gpxtpx:hr>174</gpxtpx:hr>
     </gpxtpx:TrackPointExtension>
    </extensions>
   </trkpt>
   <trkpt lat="49.2759380" lon="-123.1353290">
    <ele>30.8</ele>
    <time>2026-04-19T17:06:23Z</time>
    <extensions>
     <power>133</power>
     <gpxtpx:TrackPointExtension>
      <gpxtpx:hr>174</gpxtpx:hr>
     </gpxtpx:TrackPointExtension>
    </extensions>
   </trkpt>
   <trkpt lat="49.2759300" lon="-123.1353480">
    <ele>31.0</ele>
    <time>2026-04-19T17:06:24Z</time>
    <extensions>
     <power>129</power>
     <gpxtpx:TrackPointExtension>
      <gpxtpx:hr>175</gpxtpx:hr>
     </gpxtpx:TrackPointExtension>
    </extensions>
   </trkpt>
   <trkpt lat="49.2759220" lon="-123.1353660">
    <ele>31.0</ele>
    <time>2026-04-19T17:06:25Z</time>
    <extensions>
     <power>129</power>
     <gpxtpx:TrackPointExtension>
      <gpxtpx:hr>175</gpxtpx:hr>
     </gpxtpx:TrackPointExtension>
    </extensions>
   </trkpt>
   <trkpt lat="49.2759140" lon="-123.1353850">
    <ele>31.0</ele>
    <time>2026-04-19T17:06:26Z</time>
    <extensions>
     <power>125</power>
     <gpxtpx:TrackPointExtension>
      <gpxtpx:hr>175</gpxtpx:hr>
     </gpxtpx:TrackPointExtension>
    </extensions>
   </trkpt>
   <trkpt lat="49.2759030" lon="-123.1354190">
    <ele>31.0</ele>
    <time>2026-04-19T17:06:27Z</time>
    <extensions>
     <power>125</power>
     <gpxtpx:TrackPointExtension>
      <gpxtpx:hr>175</gpxtpx:hr>
     </gpxtpx:TrackPointExtension>
    </extensions>
   </trkpt>
   <trkpt lat="49.2759000" lon="-123.1354330">
    <ele>31.0</ele>
    <time>2026-04-19T17:06:28Z</time>
    <extensions>
     <power>125</power>
     <gpxtpx:TrackPointExtension>
      <gpxtpx:hr>175</gpxtpx:hr>
     </gpxtpx:TrackPointExtension>
    </extensions>
   </trkpt>
   <trkpt lat="49.2758960" lon="-123.1354470">
    <ele>31.2</ele>
    <time>2026-04-19T17:06:29Z</time>
    <extensions>
     <power>123</power>
     <gpxtpx:TrackPointExtension>
      <gpxtpx:hr>175</gpxtpx:hr>
     </gpxtpx:TrackPointExtension>
    </extensions>
   </trkpt>
   <trkpt lat="49.2758910" lon="-123.1354680">
    <ele>31.2</ele>
    <time>2026-04-19T17:06:30Z</time>
    <extensions>
     <power>123</power>
     <gpxtpx:TrackPointExtension>
      <gpxtpx:hr>175</gpxtpx:hr>
     </gpxtpx:TrackPointExtension>
    </extensions>
   </trkpt>
   <trkpt lat="49.2758860" lon="-123.1354900">
    <ele>31.2</ele>
    <time>2026-04-19T17:06:31Z</time>
    <extensions>
     <power>123</power>
     <gpxtpx:TrackPointExtension>
      <gpxtpx:hr>175</gpxtpx:hr>
     </gpxtpx:TrackPointExtension>
    </extensions>
   </trkpt>
   <trkpt lat="49.2758800" lon="-123.1355120">
    <ele>31.2</ele>
    <time>2026-04-19T17:06:32Z</time>
    <extensions>
     <power>126</power>
     <gpxtpx:TrackPointExtension>
      <gpxtpx:hr>175</gpxtpx:hr>
     </gpxtpx:TrackPointExtension>
    </extensions>
   </trkpt>
   <trkpt lat="49.2758700" lon="-123.1355450">
    <ele>31.4</ele>
    <time>2026-04-19T17:06:33Z</time>
    <extensions>
     <power>126</power>
     <gpxtpx:TrackPointExtension>
      <gpxtpx:hr>175</gpxtpx:hr>
     </gpxtpx:TrackPointExtension>
    </extensions>
   </trkpt>
   <trkpt lat="49.2758660" lon="-123.1355560">
    <ele>31.4</ele>
    <time>2026-04-19T17:06:34Z</time>
    <extensions>
     <power>130</power>
     <gpxtpx:TrackPointExtension>
      <gpxtpx:hr>171</gpxtpx:hr>
     </gpxtpx:TrackPointExtension>
    </extensions>
   </trkpt>
   <trkpt lat="49.2758530" lon="-123.1355930">
    <ele>31.4</ele>
    <time>2026-04-19T17:06:35Z</time>
    <extensions>
     <power>130</power>
     <gpxtpx:TrackPointExtension>
      <gpxtpx:hr>171</gpxtpx:hr>
     </gpxtpx:TrackPointExtension>
    </extensions>
   </trkpt>
   <trkpt lat="49.2758480" lon="-123.1356070">
    <ele>31.6</ele>
    <time>2026-04-19T17:06:36Z</time>
    <extensions>
     <power>130</power>
     <gpxtpx:TrackPointExtension>
      <gpxtpx:hr>171</gpxtpx:hr>
     </gpxtpx:TrackPointExtension>
    </extensions>
   </trkpt>
   <trkpt lat="49.2758430" lon="-123.1356220">
    <ele>31.6</ele>
    <time>2026-04-19T17:06:37Z</time>
    <extensions>
     <power>133</power>
     <gpxtpx:TrackPointExtension>
      <gpxtpx:hr>171</gpxtpx:hr>
     </gpxtpx:TrackPointExtension>
    </extensions>
   </trkpt>
   <trkpt lat="49.2758330" lon="-123.1356570">
    <ele>31.6</ele>
    <time>2026-04-19T17:06:38Z</time>
    <extensions>
     <power>133</power>
     <gpxtpx:TrackPointExtension>
      <gpxtpx:hr>171</gpxtpx:hr>
     </gpxtpx:TrackPointExtension>
    </extensions>
   </trkpt>
   <trkpt lat="49.2758290" lon="-123.1356680">
    <ele>31.6</ele>
    <time>2026-04-19T17:06:39Z</time>
    <extensions>
     <power>133</power>
     <gpxtpx:TrackPointExtension>
      <gpxtpx:hr>170</gpxtpx:hr>
     </gpxtpx:TrackPointExtension>
    </extensions>
   </trkpt>
   <trkpt lat="49.2758190" lon="-123.1357110">
    <ele>31.8</ele>
    <time>2026-04-19T17:06:40Z</time>
    <extensions>
     <power>133</power>
     <gpxtpx:TrackPointExtension>
      <gpxtpx:hr>170</gpxtpx:hr>
     </gpxtpx:TrackPointExtension>
    </extensions>
   </trkpt>
   <trkpt lat="49.2758150" lon="-123.1357280">
    <ele>31.8</ele>
    <time>2026-04-19T17:06:41Z</time>
    <extensions>
     <power>133</power>
     <gpxtpx:TrackPointExtension>
      <gpxtpx:hr>169</gpxtpx:hr>
     </gpxtpx:TrackPointExtension>
    </extensions>
   </trkpt>
   <trkpt lat="49.2758110" lon="-123.1357460">
    <ele>31.8</ele>
    <time>2026-04-19T17:06:42Z</time>
    <extensions>
     <power>147</power>
     <gpxtpx:TrackPointExtension>
      <gpxtpx:hr>169</gpxtpx:hr>
     </gpxtpx:TrackPointExtension>
    </extensions>
   </trkpt>
   <trkpt lat="49.2758020" lon="-123.1357880">
    <ele>32.0</ele>
    <time>2026-04-19T17:06:43Z</time>
    <extensions>
     <power>147</power>
     <gpxtpx:TrackPointExtension>
      <gpxtpx:hr>169</gpxtpx:hr>
     </gpxtpx:TrackPointExtension>
    </extensions>
   </trkpt>
   <trkpt lat="49.2757980" lon="-123.1358010">
    <ele>32.0</ele>
    <time>2026-04-19T17:06:44Z</time>
    <extensions>
     <power>148</power>
     <gpxtpx:TrackPointExtension>
      <gpxtpx:hr>169</gpxtpx:hr>
     </gpxtpx:TrackPointExtension>
    </extensions>
   </trkpt>
   <trkpt lat="49.2757830" lon="-123.1358430">
    <ele>32.0</ele>
    <time>2026-04-19T17:06:45Z</time>
    <extensions>
     <power>148</power>
     <gpxtpx:TrackPointExtension>
      <gpxtpx:hr>169</gpxtpx:hr>
     </gpxtpx:TrackPointExtension>
    </extensions>
   </trkpt>
   <trkpt lat="49.2757760" lon="-123.1358590">
    <ele>32.2</ele>
    <time>2026-04-19T17:06:46Z</time>
    <extensions>
     <power>148</power>
     <gpxtpx:TrackPointExtension>
      <gpxtpx:hr>169</gpxtpx:hr>
     </gpxtpx:TrackPointExtension>
    </extensions>
   </trkpt>
   <trkpt lat="49.2757700" lon="-123.1358760">
    <ele>32.2</ele>
    <time>2026-04-19T17:06:47Z</time>
    <extensions>
     <power>153</power>
     <gpxtpx:TrackPointExtension>
      <gpxtpx:hr>169</gpxtpx:hr>
     </gpxtpx:TrackPointExtension>
    </extensions>
   </trkpt>
   <trkpt lat="49.2757580" lon="-123.1359170">
    <ele>32.4</ele>
    <time>2026-04-19T17:06:48Z</time>
    <extensions>
     <power>153</power>
     <gpxtpx:TrackPointExtension>
      <gpxtpx:hr>169</gpxtpx:hr>
     </gpxtpx:TrackPointExtension>
    </extensions>
   </trkpt>
   <trkpt lat="49.2757530" lon="-123.1359300">
    <ele>32.4</ele>
    <time>2026-04-19T17:06:49Z</time>
    <extensions>
     <power>159</power>
     <gpxtpx:TrackPointExtension>
      <gpxtpx:hr>166</gpxtpx:hr>
     </gpxtpx:TrackPointExtension>
    </extensions>
   </trkpt>
   <trkpt lat="49.2757380" lon="-123.1359770">
    <ele>32.4</ele>
    <time>2026-04-19T17:06:50Z</time>
    <extensions>
     <power>159</power>
     <gpxtpx:TrackPointExtension>
      <gpxtpx:hr>166</gpxtpx:hr>
     </gpxtpx:TrackPointExtension>
    </extensions>
   </trkpt>
   <trkpt lat="49.2757330" lon="-123.1359950">
    <ele>32.6</ele>
    <time>2026-04-19T17:06:51Z</time>
    <extensions>
     <power>159</power>
     <gpxtpx:TrackPointExtension>
      <gpxtpx:hr>166</gpxtpx:hr>
     </gpxtpx:TrackPointExtension>
    </extensions>
   </trkpt>
   <trkpt lat="49.2757270" lon="-123.1360140">
    <ele>32.6</ele>
    <time>2026-04-19T17:06:52Z</time>
    <extensions>
     <power>161</power>
     <gpxtpx:TrackPointExtension>
      <gpxtpx:hr>166</gpxtpx:hr>
     </gpxtpx:TrackPointExtension>
    </extensions>
   </trkpt>
   <trkpt lat="49.2757140" lon="-123.1360600">
    <ele>32.6</ele>
    <time>2026-04-19T17:06:53Z</time>
    <extensions>
     <power>161</power>
     <gpxtpx:TrackPointExtension>
      <gpxtpx:hr>166</gpxtpx:hr>
     </gpxtpx:TrackPointExtension>
    </extensions>
   </trkpt>
   <trkpt lat="49.2757080" lon="-123.1360780">
    <ele>32.8</ele>
    <time>2026-04-19T17:06:54Z</time>
    <extensions>
     <power>161</power>
     <gpxtpx:TrackPointExtension>
      <gpxtpx:hr>166</gpxtpx:hr>
     </gpxtpx:TrackPointExtension>
    </extensions>
   </trkpt>
   <trkpt lat="49.2757030" lon="-123.1360960">
    <ele>32.8</ele>
    <time>2026-04-19T17:06:55Z</time>
    <extensions>
     <power>164</power>
     <gpxtpx:TrackPointExtension>
      <gpxtpx:hr>166</gpxtpx:hr>
     </gpxtpx:TrackPointExtension>
    </extensions>
   </trkpt>
   <trkpt lat="49.2756930" lon="-123.1361360">
    <ele>32.8</ele>
    <time>2026-04-19T17:06:56Z</time>
    <extensions>
     <power>164</power>
     <gpxtpx:TrackPointExtension>
      <gpxtpx:hr>166</gpxtpx:hr>
     </gpxtpx:TrackPointExtension>
    </extensions>
   </trkpt>
   <trkpt lat="49.2756890" lon="-123.1361490">
    <ele>33.0</ele>
    <time>2026-04-19T17:06:57Z</time>
    <extensions>
     <power>165</power>
     <gpxtpx:TrackPointExtension>
      <gpxtpx:hr>166</gpxtpx:hr>
     </gpxtpx:TrackPointExtension>
    </extensions>
   </trkpt>
   <trkpt lat="49.2756730" lon="-123.1361920">
    <ele>33.0</ele>
    <time>2026-04-19T17:06:58Z</time>
    <extensions>
     <power>165</power>
     <gpxtpx:TrackPointExtension>
      <gpxtpx:hr>167</gpxtpx:hr>
     </gpxtpx:TrackPointExtension>
    </extensions>
   </trkpt>
   <trkpt lat="49.2756660" lon="-123.1362070">
    <ele>33.0</ele>
    <time>2026-04-19T17:06:59Z</time>
    <extensions>
     <power>165</power>
     <gpxtpx:TrackPointExtension>
      <gpxtpx:hr>167</gpxtpx:hr>
     </gpxtpx:TrackPointExtension>
    </extensions>
   </trkpt>
   <trkpt lat="49.2756580" lon="-123.1362230">
    <ele>33.2</ele>
    <time>2026-04-19T17:07:00Z</time>
    <extensions>
     <power>166</power>
     <gpxtpx:TrackPointExtension>
      <gpxtpx:hr>167</gpxtpx:hr>
     </gpxtpx:TrackPointExtension>
    </extensions>
   </trkpt>
   <trkpt lat="49.2756410" lon="-123.1362590">
    <ele>33.2</ele>
    <time>2026-04-19T17:07:01Z</time>
    <extensions>
     <power>166</power>
     <gpxtpx:TrackPointExtension>
      <gpxtpx:hr>167</gpxtpx:hr>
     </gpxtpx:TrackPointExtension>
    </extensions>
   </trkpt>
   <trkpt lat="49.2756350" lon="-123.1362710">
    <ele>33.2</ele>
    <time>2026-04-19T17:07:02Z</time>
    <extensions>
     <power>165</power>
     <gpxtpx:TrackPointExtension>
      <gpxtpx:hr>167</gpxtpx:hr>
     </gpxtpx:TrackPointExtension>
    </extensions>
   </trkpt>
   <trkpt lat="49.2756220" lon="-123.1363160">
    <ele>33.2</ele>
    <time>2026-04-19T17:07:03Z</time>
    <extensions>
     <power>165</power>
     <gpxtpx:TrackPointExtension>
      <gpxtpx:hr>167</gpxtpx:hr>
     </gpxtpx:TrackPointExtension>
    </extensions>
   </trkpt>
   <trkpt lat="49.2756170" lon="-123.1363340">
    <ele>33.2</ele>
    <time>2026-04-19T17:07:04Z</time>
    <extensions>
     <power>165</power>
     <gpxtpx:TrackPointExtension>
      <gpxtpx:hr>167</gpxtpx:hr>
     </gpxtpx:TrackPointExtension>
    </extensions>
   </trkpt>
   <trkpt lat="49.2756120" lon="-123.1363520">
    <ele>33.4</ele>
    <time>2026-04-19T17:07:05Z</time>
    <extensions>
     <power>166</power>
     <gpxtpx:TrackPointExtension>
      <gpxtpx:hr>167</gpxtpx:hr>
     </gpxtpx:TrackPointExtension>
    </extensions>
   </trkpt>
   <trkpt lat="49.2756020" lon="-123.1363920">
    <ele>33.4</ele>
    <time>2026-04-19T17:07:06Z</time>
    <extensions>
     <power>166</power>
     <gpxtpx:TrackPointExtension>
      <gpxtpx:hr>167</gpxtpx:hr>
     </gpxtpx:TrackPointExtension>
    </extensions>
   </trkpt>
   <trkpt lat="49.2755980" lon="-123.1364050">
    <ele>33.4</ele>
    <time>2026-04-19T17:07:07Z</time>
    <extensions>
     <power>165</power>
     <gpxtpx:TrackPointExtension>
      <gpxtpx:hr>167</gpxtpx:hr>
     </gpxtpx:TrackPointExtension>
    </extensions>
   </trkpt>
   <trkpt lat="49.2755840" lon="-123.1364480">
    <ele>33.4</ele>
    <time>2026-04-19T17:07:08Z</time>
    <extensions>
     <power>165</power>
     <gpxtpx:TrackPointExtension>
      <gpxtpx:hr>167</gpxtpx:hr>
     </gpxtpx:TrackPointExtension>
    </extensions>
   </trkpt>
   <trkpt lat="49.2755780" lon="-123.1364660">
    <ele>33.4</ele>
    <time>2026-04-19T17:07:09Z</time>
    <extensions>
     <power>165</power>
     <gpxtpx:TrackPointExtension>
      <gpxtpx:hr>168</gpxtpx:hr>
     </gpxtpx:TrackPointExtension>
    </extensions>
   </trkpt>
   <trkpt lat="49.2755720" lon="-123.1364830">
    <ele>33.4</ele>
    <time>2026-04-19T17:07:10Z</time>
    <extensions>
     <power>165</power>
     <gpxtpx:TrackPointExtension>
      <gpxtpx:hr>168</gpxtpx:hr>
     </gpxtpx:TrackPointExtension>
    </extensions>
   </trkpt>
   <trkpt lat="49.2755600" lon="-123.1365220">
    <ele>33.4</ele>
    <time>2026-04-19T17:07:11Z</time>
    <extensions>
     <power>165</power>
     <gpxtpx:TrackPointExtension>
      <gpxtpx:hr>168</gpxtpx:hr>
     </gpxtpx:TrackPointExtension>
    </extensions>
   </trkpt>
   <trkpt lat="49.2755550" lon="-123.1365350">
    <ele>33.4</ele>
    <time>2026-04-19T17:07:12Z</time>
    <extensions>
     <power>163</power>
     <gpxtpx:TrackPointExtension>
      <gpxtpx:hr>168</gpxtpx:hr>
     </gpxtpx:TrackPointExtension>
    </extensions>
   </trkpt>
   <trkpt lat="49.2755420" lon="-123.1365790">
    <ele>33.6</ele>
    <time>2026-04-19T17:07:13Z</time>
    <extensions>
     <power>163</power>
     <gpxtpx:TrackPointExtension>
      <gpxtpx:hr>168</gpxtpx:hr>
     </gpxtpx:TrackPointExtension>
    </extensions>
   </trkpt>
   <trkpt lat="49.2755360" lon="-123.1365950">
    <ele>33.6</ele>
    <time>2026-04-19T17:07:14Z</time>
    <extensions>
     <power>163</power>
     <gpxtpx:TrackPointExtension>
      <gpxtpx:hr>168</gpxtpx:hr>
     </gpxtpx:TrackPointExtension>
    </extensions>
   </trkpt>
   <trkpt lat="49.2755310" lon="-123.1366120">
    <ele>33.6</ele>
    <time>2026-04-19T17:07:15Z</time>
    <extensions>
     <power>161</power>
     <gpxtpx:TrackPointExtension>
      <gpxtpx:hr>168</gpxtpx:hr>
     </gpxtpx:TrackPointExtension>
    </extensions>
   </trkpt>
   <trkpt lat="49.2755170" lon="-123.1366530">
    <ele>33.6</ele>
    <time>2026-04-19T17:07:16Z</time>
    <extensions>
     <power>161</power>
     <gpxtpx:TrackPointExtension>
      <gpxtpx:hr>168</gpxtpx:hr>
     </gpxtpx:TrackPointExtension>
    </extensions>
   </trkpt>
   <trkpt lat="49.2755120" lon="-123.1366700">
    <ele>33.6</ele>
    <time>2026-04-19T17:07:17Z</time>
    <extensions>
     <power>161</power>
     <gpxtpx:TrackPointExtension>
      <gpxtpx:hr>167</gpxtpx:hr>
     </gpxtpx:TrackPointExtension>
    </extensions>
   </trkpt>
   <trkpt lat="49.2755060" lon="-123.1366870">
    <ele>33.6</ele>
    <time>2026-04-19T17:07:18Z</time>
    <extensions>
     <power>161</power>
     <gpxtpx:TrackPointExtension>
      <gpxtpx:hr>167</gpxtpx:hr>
     </gpxtpx:TrackPointExtension>
    </extensions>
   </trkpt>
   <trkpt lat="49.2754930" lon="-123.1367290">
    <ele>33.6</ele>
    <time>2026-04-19T17:07:19Z</time>
    <extensions>
     <power>161</power>
     <gpxtpx:TrackPointExtension>
      <gpxtpx:hr>167</gpxtpx:hr>
     </gpxtpx:TrackPointExtension>
    </extensions>
   </trkpt>
   <trkpt lat="49.2754880" lon="-123.1367430">
    <ele>33.8</ele>
    <time>2026-04-19T17:07:20Z</time>
    <extensions>
     <power>165</power>
     <gpxtpx:TrackPointExtension>
      <gpxtpx:hr>167</gpxtpx:hr>
     </gpxtpx:TrackPointExtension>
    </extensions>
   </trkpt>
   <trkpt lat="49.2754720" lon="-123.1367880">
    <ele>33.8</ele>
    <time>2026-04-19T17:07:21Z</time>
    <extensions>
     <power>165</power>
     <gpxtpx:TrackPointExtension>
      <gpxtpx:hr>167</gpxtpx:hr>
     </gpxtpx:TrackPointExtension>
    </extensions>
   </trkpt>
   <trkpt lat="49.2754660" lon="-123.1368050">
    <ele>33.8</ele>
    <time>2026-04-19T17:07:22Z</time>
    <extensions>
     <power>165</power>
     <gpxtpx:TrackPointExtension>
      <gpxtpx:hr>165</gpxtpx:hr>
     </gpxtpx:TrackPointExtension>
    </extensions>
   </trkpt>
   <trkpt lat="49.2754590" lon="-123.1368220">
    <ele>33.8</ele>
    <time>2026-04-19T17:07:23Z</time>
    <extensions>
     <power>167</power>
     <gpxtpx:TrackPointExtension>
      <gpxtpx:hr>165</gpxtpx:hr>
     </gpxtpx:TrackPointExtension>
    </extensions>
   </trkpt>
   <trkpt lat="49.2754460" lon="-123.1368600">
    <ele>33.8</ele>
    <time>2026-04-19T17:07:24Z</time>
    <extensions>
     <power>167</power>
     <gpxtpx:TrackPointExtension>
      <gpxtpx:hr>165</gpxtpx:hr>
     </gpxtpx:TrackPointExtension>
    </extensions>
   </trkpt>
   <trkpt lat="49.2754410" lon="-123.1368720">
    <ele>33.8</ele>
    <time>2026-04-19T17:07:25Z</time>
    <extensions>
     <power>158</power>
     <gpxtpx:TrackPointExtension>
      <gpxtpx:hr>165</gpxtpx:hr>
     </gpxtpx:TrackPointExtension>
    </extensions>
   </trkpt>
   <trkpt lat="49.2754260" lon="-123.1369170">
    <ele>33.8</ele>
    <time>2026-04-19T17:07:26Z</time>
    <extensions>
     <power>158</power>
     <gpxtpx:TrackPointExtension>
      <gpxtpx:hr>165</gpxtpx:hr>
     </gpxtpx:TrackPointExtension>
    </extensions>
   </trkpt>
   <trkpt lat="49.2754200" lon="-123.1369350">
    <ele>33.8</ele>
    <time>2026-04-19T17:07:27Z</time>
    <extensions>
     <power>158</power>
     <gpxtpx:TrackPointExtension>
      <gpxtpx:hr>165</gpxtpx:hr>
     </gpxtpx:TrackPointExtension>
    </extensions>
   </trkpt>
   <trkpt lat="49.2754140" lon="-123.1369540">
    <ele>33.8</ele>
    <time>2026-04-19T17:07:28Z</time>
    <extensions>
     <power>178</power>
     <gpxtpx:TrackPointExtension>
      <gpxtpx:hr>165</gpxtpx:hr>
     </gpxtpx:TrackPointExtension>
    </extensions>
   </trkpt>
   <trkpt lat="49.2754010" lon="-123.1369940">
    <ele>33.8</ele>
    <time>2026-04-19T17:07:29Z</time>
    <extensions>
     <power>178</power>
     <gpxtpx:TrackPointExtension>
      <gpxtpx:hr>165</gpxtpx:hr>
     </gpxtpx:TrackPointExtension>
    </extensions>
   </trkpt>
   <trkpt lat="49.2753970" lon="-123.1370070">
    <ele>33.8</ele>
    <time>2026-04-19T17:07:30Z</time>
    <extensions>
     <power>170</power>
     <gpxtpx:TrackPointExtension>
      <gpxtpx:hr>165</gpxtpx:hr>
     </gpxtpx:TrackPointExtension>
    </extensions>
   </trkpt>
   <trkpt lat="49.2753840" lon="-123.1370530">
    <ele>33.8</ele>
    <time>2026-04-19T17:07:31Z</time>
    <extensions>
     <power>170</power>
     <gpxtpx:TrackPointExtension>
      <gpxtpx:hr>165</gpxtpx:hr>
     </gpxtpx:TrackPointExtension>
    </extensions>
   </trkpt>
   <trkpt lat="49.2753780" lon="-123.1370710">
    <ele>33.6</ele>
    <time>2026-04-19T17:07:32Z</time>
    <extensions>
     <power>170</power>
     <gpxtpx:TrackPointExtension>
      <gpxtpx:hr>165</gpxtpx:hr>
     </gpxtpx:TrackPointExtension>
    </extensions>
   </trkpt>
   <trkpt lat="49.2753730" lon="-123.1370900">
    <ele>33.6</ele>
    <time>2026-04-19T17:07:33Z</time>
    <extensions>
     <power>171</power>
     <gpxtpx:TrackPointExtension>
      <gpxtpx:hr>165</gpxtpx:hr>
     </gpxtpx:TrackPointExtension>
    </extensions>
   </trkpt>
   <trkpt lat="49.2753610" lon="-123.1371310">
    <ele>33.6</ele>
    <time>2026-04-19T17:07:34Z</time>
    <extensions>
     <power>171</power>
     <gpxtpx:TrackPointExtension>
      <gpxtpx:hr>165</gpxtpx:hr>
     </gpxtpx:TrackPointExtension>
    </extensions>
   </trkpt>
   <trkpt lat="49.2753560" lon="-123.1371450">
    <ele>33.6</ele>
    <time>2026-04-19T17:07:35Z</time>
    <extensions>
     <power>173</power>
     <gpxtpx:TrackPointExtension>
      <gpxtpx:hr>166</gpxtpx:hr>
     </gpxtpx:TrackPointExtension>
    </extensions>
   </trkpt>
   <trkpt lat="49.2753420" lon="-123.1371890">
    <ele>33.6</ele>
    <time>2026-04-19T17:07:36Z</time>
    <extensions>
     <power>173</power>
     <gpxtpx:TrackPointExtension>
      <gpxtpx:hr>166</gpxtpx:hr>
     </gpxtpx:TrackPointExtension>
    </extensions>
   </trkpt>
   <trkpt lat="49.2753360" lon="-123.1372060">
    <ele>33.6</ele>
    <time>2026-04-19T17:07:37Z</time>
    <extensions>
     <power>173</power>
     <gpxtpx:TrackPointExtension>
      <gpxtpx:hr>166</gpxtpx:hr>
     </gpxtpx:TrackPointExtension>
    </extensions>
   </trkpt>
   <trkpt lat="49.2753310" lon="-123.1372240">
    <ele>33.6</ele>
    <time>2026-04-19T17:07:38Z</time>
    <extensions>
     <power>161</power>
     <gpxtpx:TrackPointExtension>
      <gpxtpx:hr>166</gpxtpx:hr>
     </gpxtpx:TrackPointExtension>
    </extensions>
   </trkpt>
   <trkpt lat="49.2753240" lon="-123.1372510">
    <ele>33.4</ele>
    <time>2026-04-19T17:07:39Z</time>
    <extensions>
     <power>161</power>
     <gpxtpx:TrackPointExtension>
      <gpxtpx:hr>166</gpxtpx:hr>
     </gpxtpx:TrackPointExtension>
    </extensions>
   </trkpt>
   <trkpt lat="49.2753170" lon="-123.1372780">
    <ele>33.4</ele>
    <time>2026-04-19T17:07:40Z</time>
    <extensions>
     <power>161</power>
     <gpxtpx:TrackPointExtension>
      <gpxtpx:hr>166</gpxtpx:hr>
     </gpxtpx:TrackPointExtension>
    </extensions>
   </trkpt>
   <trkpt lat="49.2753080" lon="-123.1373050">
    <ele>33.4</ele>
    <time>2026-04-19T17:07:41Z</time>
    <extensions>
     <power>121</power>
     <gpxtpx:TrackPointExtension>
      <gpxtpx:hr>165</gpxtpx:hr>
     </gpxtpx:TrackPointExtension>
    </extensions>
   </trkpt>
   <trkpt lat="49.2752950" lon="-123.1373450">
    <ele>33.4</ele>
    <time>2026-04-19T17:07:42Z</time>
    <extensions>
     <power>121</power>
     <gpxtpx:TrackPointExtension>
      <gpxtpx:hr>165</gpxtpx:hr>
     </gpxtpx:TrackPointExtension>
    </extensions>
   </trkpt>
   <trkpt lat="49.2752900" lon="-123.1373590">
    <ele>33.4</ele>
    <time>2026-04-19T17:07:43Z</time>
    <extensions>
     <power>97</power>
     <gpxtpx:TrackPointExtension>
      <gpxtpx:hr>165</gpxtpx:hr>
     </gpxtpx:TrackPointExtension>
    </extensions>
   </trkpt>
   <trkpt lat="49.2752750" lon="-123.1374040">
    <ele>33.4</ele>
    <time>2026-04-19T17:07:44Z</time>
    <extensions>
     <power>97</power>
     <gpxtpx:TrackPointExtension>
      <gpxtpx:hr>165</gpxtpx:hr>
     </gpxtpx:TrackPointExtension>
    </extensions>
   </trkpt>
   <trkpt lat="49.2752690" lon="-123.1374210">
    <ele>33.4</ele>
    <time>2026-04-19T17:07:45Z</time>
    <extensions>
     <power>97</power>
     <gpxtpx:TrackPointExtension>
      <gpxtpx:hr>165</gpxtpx:hr>
     </gpxtpx:TrackPointExtension>
    </extensions>
   </trkpt>
   <trkpt lat="49.2752620" lon="-123.1374390">
    <ele>33.2</ele>
    <time>2026-04-19T17:07:46Z</time>
    <extensions>
     <power>171</power>
     <gpxtpx:TrackPointExtension>
      <gpxtpx:hr>165</gpxtpx:hr>
     </gpxtpx:TrackPointExtension>
    </extensions>
   </trkpt>
   <trkpt lat="49.2752490" lon="-123.1374800">
    <ele>33.2</ele>
    <time>2026-04-19T17:07:47Z</time>
    <extensions>
     <power>171</power>
     <gpxtpx:TrackPointExtension>
      <gpxtpx:hr>165</gpxtpx:hr>
     </gpxtpx:TrackPointExtension>
    </extensions>
   </trkpt>
   <trkpt lat="49.2752440" lon="-123.1374930">
    <ele>33.2</ele>
    <time>2026-04-19T17:07:48Z</time>
    <extensions>
     <power>150</power>
     <gpxtpx:TrackPointExtension>
      <gpxtpx:hr>165</gpxtpx:hr>
     </gpxtpx:TrackPointExtension>
    </extensions>
   </trkpt>
   <trkpt lat="49.2752300" lon="-123.1375400">
    <ele>33.2</ele>
    <time>2026-04-19T17:07:49Z</time>
    <extensions>
     <power>150</power>
     <gpxtpx:TrackPointExtension>
      <gpxtpx:hr>165</gpxtpx:hr>
     </gpxtpx:TrackPointExtension>
    </extensions>
   </trkpt>
   <trkpt lat="49.2752250" lon="-123.1375580">
    <ele>33.2</ele>
    <time>2026-04-19T17:07:50Z</time>
    <extensions>
     <power>150</power>
     <gpxtpx:TrackPointExtension>
      <gpxtpx:hr>165</gpxtpx:hr>
     </gpxtpx:TrackPointExtension>
    </extensions>
   </trkpt>
   <trkpt lat="49.2752190" lon="-123.1375770">
    <ele>33.0</ele>
    <time>2026-04-19T17:07:51Z</time>
    <extensions>
     <power>161</power>
     <gpxtpx:TrackPointExtension>
      <gpxtpx:hr>165</gpxtpx:hr>
     </gpxtpx:TrackPointExtension>
    </extensions>
   </trkpt>
   <trkpt lat="49.2752080" lon="-123.1376180">
    <ele>33.0</ele>
    <time>2026-04-19T17:07:52Z</time>
    <extensions>
     <power>161</power>
     <gpxtpx:TrackPointExtension>
      <gpxtpx:hr>165</gpxtpx:hr>
     </gpxtpx:TrackPointExtension>
    </extensions>
   </trkpt>
   <trkpt lat="49.2752040" lon="-123.1376320">
    <ele>33.0</ele>
    <time>2026-04-19T17:07:53Z</time>
    <extensions>
     <power>164</power>
     <gpxtpx:TrackPointExtension>
      <gpxtpx:hr>165</gpxtpx:hr>
     </gpxtpx:TrackPointExtension>
    </extensions>
   </trkpt>
   <trkpt lat="49.2751920" lon="-123.1376780">
    <ele>32.8</ele>
    <time>2026-04-19T17:07:54Z</time>
    <extensions>
     <power>164</power>
     <gpxtpx:TrackPointExtension>
      <gpxtpx:hr>161</gpxtpx:hr>
     </gpxtpx:TrackPointExtension>
    </extensions>
   </trkpt>
   <trkpt lat="49.2751860" lon="-123.1376950">
    <ele>32.8</ele>
    <time>2026-04-19T17:07:55Z</time>
    <extensions>
     <power>164</power>
     <gpxtpx:TrackPointExtension>
      <gpxtpx:hr>161</gpxtpx:hr>
     </gpxtpx:TrackPointExtension>
    </extensions>
   </trkpt>
   <trkpt lat="49.2751810" lon="-123.1377130">
    <ele>32.8</ele>
    <time>2026-04-19T17:07:56Z</time>
    <extensions>
     <power>120</power>
     <gpxtpx:TrackPointExtension>
      <gpxtpx:hr>161</gpxtpx:hr>
     </gpxtpx:TrackPointExtension>
    </extensions>
   </trkpt>
   <trkpt lat="49.2751650" lon="-123.1377510">
    <ele>32.6</ele>
    <time>2026-04-19T17:07:57Z</time>
    <extensions>
     <power>120</power>
     <gpxtpx:TrackPointExtension>
      <gpxtpx:hr>161</gpxtpx:hr>
     </gpxtpx:TrackPointExtension>
    </extensions>
   </trkpt>
   <trkpt lat="49.2751600" lon="-123.1377640">
    <ele>32.6</ele>
    <time>2026-04-19T17:07:58Z</time>
    <extensions>
     <power>121</power>
     <gpxtpx:TrackPointExtension>
      <gpxtpx:hr>158</gpxtpx:hr>
     </gpxtpx:TrackPointExtension>
    </extensions>
   </trkpt>
   <trkpt lat="49.2751430" lon="-123.1378070">
    <ele>32.6</ele>
    <time>2026-04-19T17:07:59Z</time>
    <extensions>
     <power>121</power>
     <gpxtpx:TrackPointExtension>
      <gpxtpx:hr>158</gpxtpx:hr>
     </gpxtpx:TrackPointExtension>
    </extensions>
   </trkpt>
   <trkpt lat="49.2751370" lon="-123.1378250">
    <ele>32.4</ele>
    <time>2026-04-19T17:08:00Z</time>
    <extensions>
     <power>121</power>
     <gpxtpx:TrackPointExtension>
      <gpxtpx:hr>158</gpxtpx:hr>
     </gpxtpx:TrackPointExtension>
    </extensions>
   </trkpt>
   <trkpt lat="49.2751310" lon="-123.1378420">
    <ele>32.4</ele>
    <time>2026-04-19T17:08:01Z</time>
    <extensions>
     <power>101</power>
     <gpxtpx:TrackPointExtension>
      <gpxtpx:hr>158</gpxtpx:hr>
     </gpxtpx:TrackPointExtension>
    </extensions>
   </trkpt>
   <trkpt lat="49.2751150" lon="-123.1378870">
    <ele>32.4</ele>
    <time>2026-04-19T17:08:02Z</time>
    <extensions>
     <power>101</power>
     <gpxtpx:TrackPointExtension>
      <gpxtpx:hr>158</gpxtpx:hr>
     </gpxtpx:TrackPointExtension>
    </extensions>
   </trkpt>
   <trkpt lat="49.2751080" lon="-123.1379060">
    <ele>32.2</ele>
    <time>2026-04-19T17:08:03Z</time>
    <extensions>
     <power>101</power>
     <gpxtpx:TrackPointExtension>
      <gpxtpx:hr>158</gpxtpx:hr>
     </gpxtpx:TrackPointExtension>
    </extensions>
   </trkpt>
   <trkpt lat="49.2751010" lon="-123.1379240">
    <ele>32.2</ele>
    <time>2026-04-19T17:08:04Z</time>
    <extensions>
     <power>142</power>
     <gpxtpx:TrackPointExtension>
      <gpxtpx:hr>158</gpxtpx:hr>
     </gpxtpx:TrackPointExtension>
    </extensions>
   </trkpt>
   <trkpt lat="49.2750870" lon="-123.1379650">
    <ele>32.0</ele>
    <time>2026-04-19T17:08:05Z</time>
    <extensions>
     <power>142</power>
     <gpxtpx:TrackPointExtension>
      <gpxtpx:hr>157</gpxtpx:hr>
     </gpxtpx:TrackPointExtension>
    </extensions>
   </trkpt>
   <trkpt lat="49.2750820" lon="-123.1379790">
    <ele>32.0</ele>
    <time>2026-04-19T17:08:06Z</time>
    <extensions>
     <power>139</power>
     <gpxtpx:TrackPointExtension>
      <gpxtpx:hr>157</gpxtpx:hr>
     </gpxtpx:TrackPointExtension>
    </extensions>
   </trkpt>
   <trkpt lat="49.2750680" lon="-123.1380270">
    <ele>32.0</ele>
    <time>2026-04-19T17:08:07Z</time>
    <extensions>
     <power>139</power>
     <gpxtpx:TrackPointExtension>
      <gpxtpx:hr>157</gpxtpx:hr>
     </gpxtpx:TrackPointExtension>
    </extensions>
   </trkpt>
   <trkpt lat="49.2750610" lon="-123.1380460">
    <ele>31.8</ele>
    <time>2026-04-19T17:08:08Z</time>
    <extensions>
     <power>139</power>
     <gpxtpx:TrackPointExtension>
      <gpxtpx:hr>157</gpxtpx:hr>
     </gpxtpx:TrackPointExtension>
    </extensions>
   </trkpt>
   <trkpt lat="49.2750550" lon="-123.1380650">
    <ele>31.8</ele>
    <time>2026-04-19T17:08:09Z</time>
    <extensions>
     <power>133</power>
     <gpxtpx:TrackPointExtension>
      <gpxtpx:hr>157</gpxtpx:hr>
     </gpxtpx:TrackPointExtension>
    </extensions>
   </trkpt>
   <trkpt lat="49.2750420" lon="-123.1381070">
    <ele>31.8</ele>
    <time>2026-04-19T17:08:10Z</time>
    <extensions>
     <power>133</power>
     <gpxtpx:TrackPointExtension>
      <gpxtpx:hr>157</gpxtpx:hr>
     </gpxtpx:TrackPointExtension>
    </extensions>
   </trkpt>
   <trkpt lat="49.2750370" lon="-123.1381210">
    <ele>31.6</ele>
    <time>2026-04-19T17:08:11Z</time>
    <extensions>
     <power>134</power>
     <gpxtpx:TrackPointExtension>
      <gpxtpx:hr>157</gpxtpx:hr>
     </gpxtpx:TrackPointExtension>
    </extensions>
   </trkpt>
   <trkpt lat="49.2750200" lon="-123.1381690">
    <ele>31.6</ele>
    <time>2026-04-19T17:08:12Z</time>
    <extensions>
     <power>134</power>
     <gpxtpx:TrackPointExtension>
      <gpxtpx:hr>157</gpxtpx:hr>
     </gpxtpx:TrackPointExtension>
    </extensions>
   </trkpt>
   <trkpt lat="49.2750130" lon="-123.1381900">
    <ele>31.4</ele>
    <time>2026-04-19T17:08:13Z</time>
    <extensions>
     <power>134</power>
     <gpxtpx:TrackPointExtension>
      <gpxtpx:hr>158</gpxtpx:hr>
     </gpxtpx:TrackPointExtension>
    </extensions>
   </trkpt>
   <trkpt lat="49.2750060" lon="-123.1382100">
    <ele>31.4</ele>
    <time>2026-04-19T17:08:14Z</time>
    <extensions>
     <power>132</power>
     <gpxtpx:TrackPointExtension>
      <gpxtpx:hr>158</gpxtpx:hr>
     </gpxtpx:TrackPointExtension>
    </extensions>
   </trkpt>
   <trkpt lat="49.2749900" lon="-123.1382590">
    <ele>31.4</ele>
    <time>2026-04-19T17:08:15Z</time>
    <extensions>
     <power>132</power>
     <gpxtpx:TrackPointExtension>
      <gpxtpx:hr>158</gpxtpx:hr>
     </gpxtpx:TrackPointExtension>
    </extensions>
   </trkpt>
   <trkpt lat="49.2749840" lon="-123.1382760">
    <ele>31.2</ele>
    <time>2026-04-19T17:08:16Z</time>
    <extensions>
     <power>150</power>
     <gpxtpx:TrackPointExtension>
      <gpxtpx:hr>158</gpxtpx:hr>
     </gpxtpx:TrackPointExtension>
    </extensions>
   </trkpt>
   <trkpt lat="49.2749690" lon="-123.1383390">
    <ele>31.2</ele>
    <time>2026-04-19T17:08:17Z</time>
    <extensions>
     <power>150</power>
     <gpxtpx:TrackPointExtension>
      <gpxtpx:hr>158</gpxtpx:hr>
     </gpxtpx:TrackPointExtension>
    </extensions>
   </trkpt>
   <trkpt lat="49.2749630" lon="-123.1383640">
    <ele>31.0</ele>
    <time>2026-04-19T17:08:18Z</time>
    <extensions>
     <power>150</power>
     <gpxtpx:TrackPointExtension>
      <gpxtpx:hr>158</gpxtpx:hr>
     </gpxtpx:TrackPointExtension>
    </extensions>
   </trkpt>
   <trkpt lat="49.2749560" lon="-123.1383900">
    <ele>31.0</ele>
    <time>2026-04-19T17:08:19Z</time>
    <extensions>
     <power>221</power>
     <gpxtpx:TrackPointExtension>
      <gpxtpx:hr>158</gpxtpx:hr>
     </gpxtpx:TrackPointExtension>
    </extensions>
   </trkpt>
   <trkpt lat="49.2749370" lon="-123.1384450">
    <ele>31.0</ele>
    <time>2026-04-19T17:08:20Z</time>
    <extensions>
     <power>221</power>
     <gpxtpx:TrackPointExtension>
      <gpxtpx:hr>158</gpxtpx:hr>
     </gpxtpx:TrackPointExtension>
    </extensions>
   </trkpt>
   <trkpt lat="49.2749300" lon="-123.1384630">
    <ele>30.8</ele>
    <time>2026-04-19T17:08:21Z</time>
    <extensions>
     <power>183</power>
     <gpxtpx:TrackPointExtension>
      <gpxtpx:hr>158</gpxtpx:hr>
     </gpxtpx:TrackPointExtension>
    </extensions>
   </trkpt>
   <trkpt lat="49.2749080" lon="-123.1385220">
    <ele>30.8</ele>
    <time>2026-04-19T17:08:22Z</time>
    <extensions>
     <power>183</power>
     <gpxtpx:TrackPointExtension>
      <gpxtpx:hr>161</gpxtpx:hr>
     </gpxtpx:TrackPointExtension>
    </extensions>
   </trkpt>
   <trkpt lat="49.2749000" lon="-123.1385450">
    <ele>30.6</ele>
    <time>2026-04-19T17:08:23Z</time>
    <extensions>
     <power>183</power>
     <gpxtpx:TrackPointExtension>
      <gpxtpx:hr>161</gpxtpx:hr>
     </gpxtpx:TrackPointExtension>
    </extensions>
   </trkpt>
   <trkpt lat="49.2748910" lon="-123.1385690">
    <ele>30.6</ele>
    <time>2026-04-19T17:08:24Z</time>
    <extensions>
     <power>188</power>
     <gpxtpx:TrackPointExtension>
      <gpxtpx:hr>161</gpxtpx:hr>
     </gpxtpx:TrackPointExtension>
    </extensions>
   </trkpt>
   <trkpt lat="49.2748700" lon="-123.1386290">
    <ele>30.4</ele>
    <time>2026-04-19T17:08:25Z</time>
    <extensions>
     <power>188</power>
     <gpxtpx:TrackPointExtension>
      <gpxtpx:hr>163</gpxtpx:hr>
     </gpxtpx:TrackPointExtension>
    </extensions>
   </trkpt>
   <trkpt lat="49.2748620" lon="-123.1386520">
    <ele>30.4</ele>
    <time>2026-04-19T17:08:26Z</time>
    <extensions>
     <power>188</power>
     <gpxtpx:TrackPointExtension>
      <gpxtpx:hr>163</gpxtpx:hr>
     </gpxtpx:TrackPointExtension>
    </extensions>
   </trkpt>
   <trkpt lat="49.2748540" lon="-123.1386760">
    <ele>30.4</ele>
    <time>2026-04-19T17:08:27Z</time>
    <extensions>
     <power>178</power>
     <gpxtpx:TrackPointExtension>
      <gpxtpx:hr>163</gpxtpx:hr>
     </gpxtpx:TrackPointExtension>
    </extensions>
   </trkpt>
   <trkpt lat="49.2748400" lon="-123.1387360">
    <ele>30.2</ele>
    <time>2026-04-19T17:08:28Z</time>
    <extensions>
     <power>178</power>
     <gpxtpx:TrackPointExtension>
      <gpxtpx:hr>163</gpxtpx:hr>
     </gpxtpx:TrackPointExtension>
    </extensions>
   </trkpt>
   <trkpt lat="49.2748350" lon="-123.1387570">
    <ele>30.2</ele>
    <time>2026-04-19T17:08:29Z</time>
    <extensions>
     <power>182</power>
     <gpxtpx:TrackPointExtension>
      <gpxtpx:hr>163</gpxtpx:hr>
     </gpxtpx:TrackPointExtension>
    </extensions>
   </trkpt>
   <trkpt lat="49.2748190" lon="-123.1388260">
    <ele>30.0</ele>
    <time>2026-04-19T17:08:30Z</time>
    <extensions>
     <power>182</power>
     <gpxtpx:TrackPointExtension>
      <gpxtpx:hr>166</gpxtpx:hr>
     </gpxtpx:TrackPointExtension>
    </extensions>
   </trkpt>
   <trkpt lat="49.2748110" lon="-123.1388540">
    <ele>30.0</ele>
    <time>2026-04-19T17:08:31Z</time>
    <extensions>
     <power>182</power>
     <gpxtpx:TrackPointExtension>
      <gpxtpx:hr>166</gpxtpx:hr>
     </gpxtpx:TrackPointExtension>
    </extensions>
   </trkpt>
   <trkpt lat="49.2748040" lon="-123.1388810">
    <ele>29.8</ele>
    <time>2026-04-19T17:08:32Z</time>
    <extensions>
     <power>183</power>
     <gpxtpx:TrackPointExtension>
      <gpxtpx:hr>166</gpxtpx:hr>
     </gpxtpx:TrackPointExtension>
    </extensions>
   </trkpt>
   <trkpt lat="49.2747860" lon="-123.1389400">
    <ele>29.8</ele>
    <time>2026-04-19T17:08:33Z</time>
    <extensions>
     <power>183</power>
     <gpxtpx:TrackPointExtension>
      <gpxtpx:hr>166</gpxtpx:hr>
     </gpxtpx:TrackPointExtension>
    </extensions>
   </trkpt>
   <trkpt lat="49.2747790" lon="-123.1389590">
    <ele>29.6</ele>
    <time>2026-04-19T17:08:34Z</time>
    <extensions>
     <power>188</power>
     <gpxtpx:TrackPointExtension>
      <gpxtpx:hr>166</gpxtpx:hr>
     </gpxtpx:TrackPointExtension>
    </extensions>
   </trkpt>
   <trkpt lat="49.2747570" lon="-123.1390250">
    <ele>29.6</ele>
    <time>2026-04-19T17:08:35Z</time>
    <extensions>
     <power>188</power>
     <gpxtpx:TrackPointExtension>
      <gpxtpx:hr>166</gpxtpx:hr>
     </gpxtpx:TrackPointExtension>
    </extensions>
   </trkpt>
   <trkpt lat="49.2747480" lon="-123.1390510">
    <ele>29.6</ele>
    <time>2026-04-19T17:08:36Z</time>
    <extensions>
     <power>188</power>
     <gpxtpx:TrackPointExtension>
      <gpxtpx:hr>166</gpxtpx:hr>
     </gpxtpx:TrackPointExtension>
    </extensions>
   </trkpt>
   <trkpt lat="49.2747400" lon="-123.1390770">
    <ele>29.4</ele>
    <time>2026-04-19T17:08:37Z</time>
    <extensions>
     <power>190</power>
     <gpxtpx:TrackPointExtension>
      <gpxtpx:hr>166</gpxtpx:hr>
     </gpxtpx:TrackPointExtension>
    </extensions>
   </trkpt>
   <trkpt lat="49.2747210" lon="-123.1391350">
    <ele>29.4</ele>
    <time>2026-04-19T17:08:38Z</time>
    <extensions>
     <power>190</power>
     <gpxtpx:TrackPointExtension>
      <gpxtpx:hr>166</gpxtpx:hr>
     </gpxtpx:TrackPointExtension>
    </extensions>
   </trkpt>
   <trkpt lat="49.2747150" lon="-123.1391540">
    <ele>29.2</ele>
    <time>2026-04-19T17:08:39Z</time>
    <extensions>
     <power>190</power>
     <gpxtpx:TrackPointExtension>
      <gpxtpx:hr>171</gpxtpx:hr>
     </gpxtpx:TrackPointExtension>
    </extensions>
   </trkpt>
   <trkpt lat="49.2746940" lon="-123.1392130">
    <ele>29.2</ele>
    <time>2026-04-19T17:08:40Z</time>
    <extensions>
     <power>190</power>
     <gpxtpx:TrackPointExtension>
      <gpxtpx:hr>171</gpxtpx:hr>
     </gpxtpx:TrackPointExtension>
    </extensions>
   </trkpt>
   <trkpt lat="49.2746850" lon="-123.1392360">
    <ele>29.0</ele>
    <time>2026-04-19T17:08:41Z</time>
    <extensions>
     <power>190</power>
     <gpxtpx:TrackPointExtension>
      <gpxtpx:hr>171</gpxtpx:hr>
     </gpxtpx:TrackPointExtension>
    </extensions>
   </trkpt>
   <trkpt lat="49.2746770" lon="-123.1392590">
    <ele>29.0</ele>
    <time>2026-04-19T17:08:42Z</time>
    <extensions>
     <power>186</power>
     <gpxtpx:TrackPointExtension>
      <gpxtpx:hr>171</gpxtpx:hr>
     </gpxtpx:TrackPointExtension>
    </extensions>
   </trkpt>
   <trkpt lat="49.2746580" lon="-123.1393130">
    <ele>29.0</ele>
    <time>2026-04-19T17:08:43Z</time>
    <extensions>
     <power>186</power>
     <gpxtpx:TrackPointExtension>
      <gpxtpx:hr>171</gpxtpx:hr>
     </gpxtpx:TrackPointExtension>
    </extensions>
   </trkpt>
   <trkpt lat="49.2746510" lon="-123.1393300">
    <ele>28.8</ele>
    <time>2026-04-19T17:08:44Z</time>
    <extensions>
     <power>185</power>
     <gpxtpx:TrackPointExtension>
      <gpxtpx:hr>171</gpxtpx:hr>
     </gpxtpx:TrackPointExtension>
    </extensions>
   </trkpt>
   <trkpt lat="49.2746310" lon="-123.1393890">
    <ele>28.8</ele>
    <time>2026-04-19T17:08:45Z</time>
    <extensions>
     <power>185</power>
     <gpxtpx:TrackPointExtension>
      <gpxtpx:hr>171</gpxtpx:hr>
     </gpxtpx:TrackPointExtension>
    </extensions>
   </trkpt>
   <trkpt lat="49.2746220" lon="-123.1394130">
    <ele>28.6</ele>
    <time>2026-04-19T17:08:46Z</time>
    <extensions>
     <power>185</power>
     <gpxtpx:TrackPointExtension>
      <gpxtpx:hr>171</gpxtpx:hr>
     </gpxtpx:TrackPointExtension>
    </extensions>
   </trkpt>
   <trkpt lat="49.2746140" lon="-123.1394360">
    <ele>28.6</ele>
    <time>2026-04-19T17:08:47Z</time>
    <extensions>
     <power>183</power>
     <gpxtpx:TrackPointExtension>
      <gpxtpx:hr>171</gpxtpx:hr>
     </gpxtpx:TrackPointExtension>
    </extensions>
   </trkpt>
   <trkpt lat="49.2745940" lon="-123.1394930">
    <ele>28.4</ele>
    <time>2026-04-19T17:08:48Z</time>
    <extensions>
     <power>183</power>
     <gpxtpx:TrackPointExtension>
      <gpxtpx:hr>171</gpxtpx:hr>
     </gpxtpx:TrackPointExtension>
    </extensions>
   </trkpt>
   <trkpt lat="49.2745860" lon="-123.1395160">
    <ele>28.4</ele>
    <time>2026-04-19T17:08:49Z</time>
    <extensions>
     <power>183</power>
     <gpxtpx:TrackPointExtension>
      <gpxtpx:hr>174</gpxtpx:hr>
     </gpxtpx:TrackPointExtension>
    </extensions>
   </trkpt>
   <trkpt lat="49.2745790" lon="-123.1395390">
    <ele>28.2</ele>
    <time>2026-04-19T17:08:50Z</time>
    <extensions>
     <power>180</power>
     <gpxtpx:TrackPointExtension>
      <gpxtpx:hr>174</gpxtpx:hr>
     </gpxtpx:TrackPointExtension>
    </extensions>
   </trkpt>
   <trkpt lat="49.2745640" lon="-123.1395920">
    <ele>28.2</ele>
    <time>2026-04-19T17:08:51Z</time>
    <extensions>
     <power>180</power>
     <gpxtpx:TrackPointExtension>
      <gpxtpx:hr>175</gpxtpx:hr>
     </gpxtpx:TrackPointExtension>
    </extensions>
   </trkpt>
   <trkpt lat="49.2745580" lon="-123.1396100">
    <ele>28.0</ele>
    <time>2026-04-19T17:08:52Z</time>
    <extensions>
     <power>177</power>
     <gpxtpx:TrackPointExtension>
      <gpxtpx:hr>175</gpxtpx:hr>
     </gpxtpx:TrackPointExtension>
    </extensions>
   </trkpt>
   <trkpt lat="49.2745380" lon="-123.1396710">
    <ele>28.0</ele>
    <time>2026-04-19T17:08:53Z</time>
    <extensions>
     <power>177</power>
     <gpxtpx:TrackPointExtension>
      <gpxtpx:hr>175</gpxtpx:hr>
     </gpxtpx:TrackPointExtension>
    </extensions>
   </trkpt>
   <trkpt lat="49.2745300" lon="-123.1396960">
    <ele>27.8</ele>
    <time>2026-04-19T17:08:54Z</time>
    <extensions>
     <power>177</power>
     <gpxtpx:TrackPointExtension>
      <gpxtpx:hr>175</gpxtpx:hr>
     </gpxtpx:TrackPointExtension>
    </extensions>
   </trkpt>
   <trkpt lat="49.2745220" lon="-123.1397210">
    <ele>27.8</ele>
    <time>2026-04-19T17:08:55Z</time>
    <extensions>
     <power>178</power>
     <gpxtpx:TrackPointExtension>
      <gpxtpx:hr>176</gpxtpx:hr>
     </gpxtpx:TrackPointExtension>
    </extensions>
   </trkpt>
   <trkpt lat="49.2745030" lon="-123.1397770">
    <ele>27.6</ele>
    <time>2026-04-19T17:08:56Z</time>
    <extensions>
     <power>178</power>
     <gpxtpx:TrackPointExtension>
      <gpxtpx:hr>176</gpxtpx:hr>
     </gpxtpx:TrackPointExtension>
    </extensions>
   </trkpt>
   <trkpt lat="49.2744960" lon="-123.1397950">
    <ele>27.6</ele>
    <time>2026-04-19T17:08:57Z</time>
    <extensions>
     <power>179</power>
     <gpxtpx:TrackPointExtension>
      <gpxtpx:hr>176</gpxtpx:hr>
     </gpxtpx:TrackPointExtension>
    </extensions>
   </trkpt>
   <trkpt lat="49.2744760" lon="-123.1398550">
    <ele>27.4</ele>
    <time>2026-04-19T17:08:58Z</time>
    <extensions>
     <power>179</power>
     <gpxtpx:TrackPointExtension>
      <gpxtpx:hr>176</gpxtpx:hr>
     </gpxtpx:TrackPointExtension>
    </extensions>
   </trkpt>
   <trkpt lat="49.2744680" lon="-123.1398800">
    <ele>27.4</ele>
    <time>2026-04-19T17:08:59Z</time>
    <extensions>
     <power>179</power>
     <gpxtpx:TrackPointExtension>
      <gpxtpx:hr>176</gpxtpx:hr>
     </gpxtpx:TrackPointExtension>
    </extensions>
   </trkpt>
   <trkpt lat="49.2744610" lon="-123.1399040">
    <ele>27.2</ele>
    <time>2026-04-19T17:09:00Z</time>
    <extensions>
     <power>178</power>
     <gpxtpx:TrackPointExtension>
      <gpxtpx:hr>177</gpxtpx:hr>
     </gpxtpx:TrackPointExtension>
    </extensions>
   </trkpt>
   <trkpt lat="49.2744450" lon="-123.1399630">
    <ele>27.2</ele>
    <time>2026-04-19T17:09:01Z</time>
    <extensions>
     <power>178</power>
     <gpxtpx:TrackPointExtension>
      <gpxtpx:hr>177</gpxtpx:hr>
     </gpxtpx:TrackPointExtension>
    </extensions>
   </trkpt>
   <trkpt lat="49.2744390" lon="-123.1399820">
    <ele>27.0</ele>
    <time>2026-04-19T17:09:02Z</time>
    <extensions>
     <power>178</power>
     <gpxtpx:TrackPointExtension>
      <gpxtpx:hr>177</gpxtpx:hr>
     </gpxtpx:TrackPointExtension>
    </extensions>
   </trkpt>
   <trkpt lat="49.2744210" lon="-123.1400440">
    <ele>27.0</ele>
    <time>2026-04-19T17:09:03Z</time>
    <extensions>
     <power>178</power>
     <gpxtpx:TrackPointExtension>
      <gpxtpx:hr>177</gpxtpx:hr>
     </gpxtpx:TrackPointExtension>
    </extensions>
   </trkpt>
   <trkpt lat="49.2744140" lon="-123.1400680">
    <ele>27.0</ele>
    <time>2026-04-19T17:09:04Z</time>
    <extensions>
     <power>178</power>
     <gpxtpx:TrackPointExtension>
      <gpxtpx:hr>177</gpxtpx:hr>
     </gpxtpx:TrackPointExtension>
    </extensions>
   </trkpt>
   <trkpt lat="49.2744070" lon="-123.1400930">
    <ele>26.8</ele>
    <time>2026-04-19T17:09:05Z</time>
    <extensions>
     <power>177</power>
     <gpxtpx:TrackPointExtension>
      <gpxtpx:hr>178</gpxtpx:hr>
     </gpxtpx:TrackPointExtension>
    </extensions>
   </trkpt>
   <trkpt lat="49.2743900" lon="-123.1401490">
    <ele>26.8</ele>
    <time>2026-04-19T17:09:06Z</time>
    <extensions>
     <power>177</power>
     <gpxtpx:TrackPointExtension>
      <gpxtpx:hr>178</gpxtpx:hr>
     </gpxtpx:TrackPointExtension>
    </extensions>
   </trkpt>
   <trkpt lat="49.2743840" lon="-123.1401670">
    <ele>26.6</ele>
    <time>2026-04-19T17:09:07Z</time>
    <extensions>
     <power>177</power>
     <gpxtpx:TrackPointExtension>
      <gpxtpx:hr>178</gpxtpx:hr>
     </gpxtpx:TrackPointExtension>
    </extensions>
   </trkpt>
   <trkpt lat="49.2743630" lon="-123.1402250">
    <ele>26.6</ele>
    <time>2026-04-19T17:09:08Z</time>
    <extensions>
     <power>177</power>
     <gpxtpx:TrackPointExtension>
      <gpxtpx:hr>178</gpxtpx:hr>
     </gpxtpx:TrackPointExtension>
    </extensions>
   </trkpt>
   <trkpt lat="49.2743540" lon="-123.1402490">
    <ele>26.4</ele>
    <time>2026-04-19T17:09:09Z</time>
    <extensions>
     <power>177</power>
     <gpxtpx:TrackPointExtension>
      <gpxtpx:hr>178</gpxtpx:hr>
     </gpxtpx:TrackPointExtension>
    </extensions>
   </trkpt>
   <trkpt lat="49.2743460" lon="-123.1402720">
    <ele>26.4</ele>
    <time>2026-04-19T17:09:10Z</time>
    <extensions>
     <power>176</power>
     <gpxtpx:TrackPointExtension>
      <gpxtpx:hr>178</gpxtpx:hr>
     </gpxtpx:TrackPointExtension>
    </extensions>
   </trkpt>
   <trkpt lat="49.2743280" lon="-123.1403310">
    <ele>26.2</ele>
    <time>2026-04-19T17:09:11Z</time>
    <extensions>
     <power>176</power>
     <gpxtpx:TrackPointExtension>
      <gpxtpx:hr>178</gpxtpx:hr>
     </gpxtpx:TrackPointExtension>
    </extensions>
   </trkpt>
   <trkpt lat="49.2743210" lon="-123.1403550">
    <ele>26.2</ele>
    <time>2026-04-19T17:09:12Z</time>
    <extensions>
     <power>176</power>
     <gpxtpx:TrackPointExtension>
      <gpxtpx:hr>178</gpxtpx:hr>
     </gpxtpx:TrackPointExtension>
    </extensions>
   </trkpt>
   <trkpt lat="49.2743140" lon="-123.1403790">
    <ele>26.0</ele>
    <time>2026-04-19T17:09:13Z</time>
    <extensions>
     <power>176</power>
     <gpxtpx:TrackPointExtension>
      <gpxtpx:hr>178</gpxtpx:hr>
     </gpxtpx:TrackPointExtension>
    </extensions>
   </trkpt>
   <trkpt lat="49.2742980" lon="-123.1404310">
    <ele>26.0</ele>
    <time>2026-04-19T17:09:14Z</time>
    <extensions>
     <power>176</power>
     <gpxtpx:TrackPointExtension>
      <gpxtpx:hr>178</gpxtpx:hr>
     </gpxtpx:TrackPointExtension>
    </extensions>
   </trkpt>
   <trkpt lat="49.2742920" lon="-123.1404480">
    <ele>25.8</ele>
    <time>2026-04-19T17:09:15Z</time>
    <extensions>
     <power>173</power>
     <gpxtpx:TrackPointExtension>
      <gpxtpx:hr>178</gpxtpx:hr>
     </gpxtpx:TrackPointExtension>
    </extensions>
   </trkpt>
   <trkpt lat="49.2742740" lon="-123.1405060">
    <ele>25.8</ele>
    <time>2026-04-19T17:09:16Z</time>
    <extensions>
     <power>173</power>
     <gpxtpx:TrackPointExtension>
      <gpxtpx:hr>178</gpxtpx:hr>
     </gpxtpx:TrackPointExtension>
    </extensions>
   </trkpt>
   <trkpt lat="49.2742670" lon="-123.1405300">
    <ele>25.8</ele>
    <time>2026-04-19T17:09:17Z</time>
    <extensions>
     <power>173</power>
     <gpxtpx:TrackPointExtension>
      <gpxtpx:hr>178</gpxtpx:hr>
     </gpxtpx:TrackPointExtension>
    </extensions>
   </trkpt>
   <trkpt lat="49.2742600" lon="-123.1405530">
    <ele>25.6</ele>
    <time>2026-04-19T17:09:18Z</time>
    <extensions>
     <power>172</power>
     <gpxtpx:TrackPointExtension>
      <gpxtpx:hr>178</gpxtpx:hr>
     </gpxtpx:TrackPointExtension>
    </extensions>
   </trkpt>
   <trkpt lat="49.2742440" lon="-123.1406070">
    <ele>25.6</ele>
    <time>2026-04-19T17:09:19Z</time>
    <extensions>
     <power>172</power>
     <gpxtpx:TrackPointExtension>
      <gpxtpx:hr>178</gpxtpx:hr>
     </gpxtpx:TrackPointExtension>
    </extensions>
   </trkpt>
   <trkpt lat="49.2742380" lon="-123.1406240">
    <ele>25.4</ele>
    <time>2026-04-19T17:09:20Z</time>
    <extensions>
     <power>171</power>
     <gpxtpx:TrackPointExtension>
      <gpxtpx:hr>178</gpxtpx:hr>
     </gpxtpx:TrackPointExtension>
    </extensions>
   </trkpt>
   <trkpt lat="49.2742190" lon="-123.1406800">
    <ele>25.4</ele>
    <time>2026-04-19T17:09:21Z</time>
    <extensions>
     <power>171</power>
     <gpxtpx:TrackPointExtension>
      <gpxtpx:hr>178</gpxtpx:hr>
     </gpxtpx:TrackPointExtension>
    </extensions>
   </trkpt>
   <trkpt lat="49.2742120" lon="-123.1407020">
    <ele>25.4</ele>
    <time>2026-04-19T17:09:22Z</time>
    <extensions>
     <power>171</power>
     <gpxtpx:TrackPointExtension>
      <gpxtpx:hr>178</gpxtpx:hr>
     </gpxtpx:TrackPointExtension>
    </extensions>
   </trkpt>
   <trkpt lat="49.2742040" lon="-123.1407240">
    <ele>25.2</ele>
    <time>2026-04-19T17:09:23Z</time>
    <extensions>
     <power>154</power>
     <gpxtpx:TrackPointExtension>
      <gpxtpx:hr>177</gpxtpx:hr>
     </gpxtpx:TrackPointExtension>
    </extensions>
   </trkpt>
   <trkpt lat="49.2741860" lon="-123.1407770">
    <ele>25.2</ele>
    <time>2026-04-19T17:09:24Z</time>
    <extensions>
     <power>154</power>
     <gpxtpx:TrackPointExtension>
      <gpxtpx:hr>177</gpxtpx:hr>
     </gpxtpx:TrackPointExtension>
    </extensions>
   </trkpt>
   <trkpt lat="49.2741790" lon="-123.1407950">
    <ele>25.0</ele>
    <time>2026-04-19T17:09:25Z</time>
    <extensions>
     <power>176</power>
     <gpxtpx:TrackPointExtension>
      <gpxtpx:hr>177</gpxtpx:hr>
     </gpxtpx:TrackPointExtension>
    </extensions>
   </trkpt>
   <trkpt lat="49.2741610" lon="-123.1408600">
    <ele>25.0</ele>
    <time>2026-04-19T17:09:26Z</time>
    <extensions>
     <power>176</power>
     <gpxtpx:TrackPointExtension>
      <gpxtpx:hr>178</gpxtpx:hr>
     </gpxtpx:TrackPointExtension>
    </extensions>
   </trkpt>
   <trkpt lat="49.2741540" lon="-123.1408850">
    <ele>25.0</ele>
    <time>2026-04-19T17:09:27Z</time>
    <extensions>
     <power>176</power>
     <gpxtpx:TrackPointExtension>
      <gpxtpx:hr>178</gpxtpx:hr>
     </gpxtpx:TrackPointExtension>
    </extensions>
   </trkpt>
   <trkpt lat="49.2741480" lon="-123.1409110">
    <ele>24.8</ele>
    <time>2026-04-19T17:09:28Z</time>
    <extensions>
     <power>176</power>
     <gpxtpx:TrackPointExtension>
      <gpxtpx:hr>178</gpxtpx:hr>
     </gpxtpx:TrackPointExtension>
    </extensions>
   </trkpt>
   <trkpt lat="49.2741310" lon="-123.1409650">
    <ele>24.8</ele>
    <time>2026-04-19T17:09:29Z</time>
    <extensions>
     <power>176</power>
     <gpxtpx:TrackPointExtension>
      <gpxtpx:hr>178</gpxtpx:hr>
     </gpxtpx:TrackPointExtension>
    </extensions>
   </trkpt>
   <trkpt lat="49.2741250" lon="-123.1409820">
    <ele>24.6</ele>
    <time>2026-04-19T17:09:30Z</time>
    <extensions>
     <power>174</power>
     <gpxtpx:TrackPointExtension>
      <gpxtpx:hr>178</gpxtpx:hr>
     </gpxtpx:TrackPointExtension>
    </extensions>
   </trkpt>
   <trkpt lat="49.2741030" lon="-123.1410440">
    <ele>24.6</ele>
    <time>2026-04-19T17:09:31Z</time>
    <extensions>
     <power>174</power>
     <gpxtpx:TrackPointExtension>
      <gpxtpx:hr>178</gpxtpx:hr>
     </gpxtpx:TrackPointExtension>
    </extensions>
   </trkpt>
   <trkpt lat="49.2740940" lon="-123.1410680">
    <ele>24.4</ele>
    <time>2026-04-19T17:09:32Z</time>
    <extensions>
     <power>174</power>
     <gpxtpx:TrackPointExtension>
      <gpxtpx:hr>178</gpxtpx:hr>
     </gpxtpx:TrackPointExtension>
    </extensions>
   </trkpt>
   <trkpt lat="49.2740850" lon="-123.1410930">
    <ele>24.4</ele>
    <time>2026-04-19T17:09:33Z</time>
    <extensions>
     <power>177</power>
     <gpxtpx:TrackPointExtension>
      <gpxtpx:hr>178</gpxtpx:hr>
     </gpxtpx:TrackPointExtension>
    </extensions>
   </trkpt>
   <trkpt lat="49.2740650" lon="-123.1411570">
    <ele>24.2</ele>
    <time>2026-04-19T17:09:34Z</time>
    <extensions>
     <power>177</power>
     <gpxtpx:TrackPointExtension>
      <gpxtpx:hr>176</gpxtpx:hr>
     </gpxtpx:TrackPointExtension>
    </extensions>
   </trkpt>
   <trkpt lat="49.2740580" lon="-123.1411820">
    <ele>24.2</ele>
    <time>2026-04-19T17:09:35Z</time>
    <extensions>
     <power>177</power>
     <gpxtpx:TrackPointExtension>
      <gpxtpx:hr>176</gpxtpx:hr>
     </gpxtpx:TrackPointExtension>
    </extensions>
   </trkpt>
   <trkpt lat="49.2740500" lon="-123.1412080">
    <ele>24.2</ele>
    <time>2026-04-19T17:09:36Z</time>
    <extensions>
     <power>175</power>
     <gpxtpx:TrackPointExtension>
      <gpxtpx:hr>176</gpxtpx:hr>
     </gpxtpx:TrackPointExtension>
    </extensions>
   </trkpt>
   <trkpt lat="49.2740330" lon="-123.1412680">
    <ele>24.0</ele>
    <time>2026-04-19T17:09:37Z</time>
    <extensions>
     <power>175</power>
     <gpxtpx:TrackPointExtension>
      <gpxtpx:hr>176</gpxtpx:hr>
     </gpxtpx:TrackPointExtension>
    </extensions>
   </trkpt>
   <trkpt lat="49.2740270" lon="-123.1412870">
    <ele>24.0</ele>
    <time>2026-04-19T17:09:38Z</time>
    <extensions>
     <power>177</power>
     <gpxtpx:TrackPointExtension>
      <gpxtpx:hr>176</gpxtpx:hr>
     </gpxtpx:TrackPointExtension>
    </extensions>
   </trkpt>
   <trkpt lat="49.2740060" lon="-123.1413520">
    <ele>23.8</ele>
    <time>2026-04-19T17:09:39Z</time>
    <extensions>
     <power>177</power>
     <gpxtpx:TrackPointExtension>
      <gpxtpx:hr>176</gpxtpx:hr>
     </gpxtpx:TrackPointExtension>
    </extensions>
   </trkpt>
   <trkpt lat="49.2739970" lon="-123.1413780">
    <ele>23.8</ele>
    <time>2026-04-19T17:09:40Z</time>
    <extensions>
     <power>177</power>
     <gpxtpx:TrackPointExtension>
      <gpxtpx:hr>176</gpxtpx:hr>
     </gpxtpx:TrackPointExtension>
    </extensions>
   </trkpt>
   <trkpt lat="49.2739890" lon="-123.1414030">
    <ele>23.6</ele>
    <time>2026-04-19T17:09:41Z</time>
    <extensions>
     <power>177</power>
     <gpxtpx:TrackPointExtension>
      <gpxtpx:hr>176</gpxtpx:hr>
     </gpxtpx:TrackPointExtension>
    </extensions>
   </trkpt>
   <trkpt lat="49.2739700" lon="-123.1414620">
    <ele>23.6</ele>
    <time>2026-04-19T17:09:42Z</time>
    <extensions>
     <power>177</power>
     <gpxtpx:TrackPointExtension>
      <gpxtpx:hr>176</gpxtpx:hr>
     </gpxtpx:TrackPointExtension>
    </extensions>
   </trkpt>
   <trkpt lat="49.2739630" lon="-123.1414810">
    <ele>23.4</ele>
    <time>2026-04-19T17:09:43Z</time>
    <extensions>
     <power>178</power>
     <gpxtpx:TrackPointExtension>
      <gpxtpx:hr>176</gpxtpx:hr>
     </gpxtpx:TrackPointExtension>
    </extensions>
   </trkpt>
   <trkpt lat="49.2739430" lon="-123.1415450">
    <ele>23.4</ele>
    <time>2026-04-19T17:09:44Z</time>
    <extensions>
     <power>178</power>
     <gpxtpx:TrackPointExtension>
      <gpxtpx:hr>176</gpxtpx:hr>
     </gpxtpx:TrackPointExtension>
    </extensions>
   </trkpt>
   <trkpt lat="49.2739340" lon="-123.1415700">
    <ele>23.2</ele>
    <time>2026-04-19T17:09:45Z</time>
    <extensions>
     <power>178</power>
     <gpxtpx:TrackPointExtension>
      <gpxtpx:hr>176</gpxtpx:hr>
     </gpxtpx:TrackPointExtension>
    </extensions>
   </trkpt>
   <trkpt lat="49.2739260" lon="-123.1415950">
    <ele>23.2</ele>
    <time>2026-04-19T17:09:46Z</time>
    <extensions>
     <power>178</power>
     <gpxtpx:TrackPointExtension>
      <gpxtpx:hr>176</gpxtpx:hr>
     </gpxtpx:TrackPointExtension>
    </extensions>
   </trkpt>
   <trkpt lat="49.2739070" lon="-123.1416490">
    <ele>23.2</ele>
    <time>2026-04-19T17:09:47Z</time>
    <extensions>
     <power>178</power>
     <gpxtpx:TrackPointExtension>
      <gpxtpx:hr>176</gpxtpx:hr>
     </gpxtpx:TrackPointExtension>
    </extensions>
   </trkpt>
   <trkpt lat="49.2739010" lon="-123.1416670">
    <ele>23.0</ele>
    <time>2026-04-19T17:09:48Z</time>
    <extensions>
     <power>176</power>
     <gpxtpx:TrackPointExtension>
      <gpxtpx:hr>176</gpxtpx:hr>
     </gpxtpx:TrackPointExtension>
    </extensions>
   </trkpt>
   <trkpt lat="49.2738820" lon="-123.1417280">
    <ele>23.0</ele>
    <time>2026-04-19T17:09:49Z</time>
    <extensions>
     <power>176</power>
     <gpxtpx:TrackPointExtension>
      <gpxtpx:hr>176</gpxtpx:hr>
     </gpxtpx:TrackPointExtension>
    </extensions>
   </trkpt>
   <trkpt lat="49.2738730" lon="-123.1417530">
    <ele>22.8</ele>
    <time>2026-04-19T17:09:50Z</time>
    <extensions>
     <power>176</power>
     <gpxtpx:TrackPointExtension>
      <gpxtpx:hr>176</gpxtpx:hr>
     </gpxtpx:TrackPointExtension>
    </extensions>
   </trkpt>
   <trkpt lat="49.2738650" lon="-123.1417780">
    <ele>22.8</ele>
    <time>2026-04-19T17:09:51Z</time>
    <extensions>
     <power>177</power>
     <gpxtpx:TrackPointExtension>
      <gpxtpx:hr>176</gpxtpx:hr>
     </gpxtpx:TrackPointExtension>
    </extensions>
   </trkpt>
   <trkpt lat="49.2738440" lon="-123.1418330">
    <ele>22.6</ele>
    <time>2026-04-19T17:09:52Z</time>
    <extensions>
     <power>177</power>
     <gpxtpx:TrackPointExtension>
      <gpxtpx:hr>176</gpxtpx:hr>
     </gpxtpx:TrackPointExtension>
    </extensions>
   </trkpt>
   <trkpt lat="49.2738360" lon="-123.1418510">
    <ele>22.6</ele>
    <time>2026-04-19T17:09:53Z</time>
    <extensions>
     <power>177</power>
     <gpxtpx:TrackPointExtension>
      <gpxtpx:hr>176</gpxtpx:hr>
     </gpxtpx:TrackPointExtension>
    </extensions>
   </trkpt>
   <trkpt lat="49.2738110" lon="-123.1419090">
    <ele>22.4</ele>
    <time>2026-04-19T17:09:54Z</time>
    <extensions>
     <power>177</power>
     <gpxtpx:TrackPointExtension>
      <gpxtpx:hr>176</gpxtpx:hr>
     </gpxtpx:TrackPointExtension>
    </extensions>
   </trkpt>
   <trkpt lat="49.2738020" lon="-123.1419320">
    <ele>22.4</ele>
    <time>2026-04-19T17:09:55Z</time>
    <extensions>
     <power>177</power>
     <gpxtpx:TrackPointExtension>
      <gpxtpx:hr>176</gpxtpx:hr>
     </gpxtpx:TrackPointExtension>
    </extensions>
   </trkpt>
   <trkpt lat="49.2737920" lon="-123.1419560">
    <ele>22.4</ele>
    <time>2026-04-19T17:09:56Z</time>
    <extensions>
     <power>176</power>
     <gpxtpx:TrackPointExtension>
      <gpxtpx:hr>176</gpxtpx:hr>
     </gpxtpx:TrackPointExtension>
    </extensions>
   </trkpt>
   <trkpt lat="49.2737670" lon="-123.1420180">
    <ele>22.2</ele>
    <time>2026-04-19T17:09:57Z</time>
    <extensions>
     <power>176</power>
     <gpxtpx:TrackPointExtension>
      <gpxtpx:hr>176</gpxtpx:hr>
     </gpxtpx:TrackPointExtension>
    </extensions>
   </trkpt>
   <trkpt lat="49.2737580" lon="-123.1420430">
    <ele>22.2</ele>
    <time>2026-04-19T17:09:58Z</time>
    <extensions>
     <power>176</power>
     <gpxtpx:TrackPointExtension>
      <gpxtpx:hr>176</gpxtpx:hr>
     </gpxtpx:TrackPointExtension>
    </extensions>
   </trkpt>
   <trkpt lat="49.2737480" lon="-123.1420680">
    <ele>22.0</ele>
    <time>2026-04-19T17:09:59Z</time>
    <extensions>
     <power>177</power>
     <gpxtpx:TrackPointExtension>
      <gpxtpx:hr>176</gpxtpx:hr>
     </gpxtpx:TrackPointExtension>
    </extensions>
   </trkpt>
   <trkpt lat="49.2737280" lon="-123.1421240">
    <ele>22.0</ele>
    <time>2026-04-19T17:10:00Z</time>
    <extensions>
     <power>177</power>
     <gpxtpx:TrackPointExtension>
      <gpxtpx:hr>176</gpxtpx:hr>
     </gpxtpx:TrackPointExtension>
    </extensions>
   </trkpt>
   <trkpt lat="49.2737210" lon="-123.1421420">
    <ele>21.8</ele>
    <time>2026-04-19T17:10:01Z</time>
    <extensions>
     <power>178</power>
     <gpxtpx:TrackPointExtension>
      <gpxtpx:hr>176</gpxtpx:hr>
     </gpxtpx:TrackPointExtension>
    </extensions>
   </trkpt>
   <trkpt lat="49.2737000" lon="-123.1422050">
    <ele>21.8</ele>
    <time>2026-04-19T17:10:02Z</time>
    <extensions>
     <power>178</power>
     <gpxtpx:TrackPointExtension>
      <gpxtpx:hr>175</gpxtpx:hr>
     </gpxtpx:TrackPointExtension>
    </extensions>
   </trkpt>
   <trkpt lat="49.2736930" lon="-123.1422290">
    <ele>21.8</ele>
    <time>2026-04-19T17:10:03Z</time>
    <extensions>
     <power>178</power>
     <gpxtpx:TrackPointExtension>
      <gpxtpx:hr>175</gpxtpx:hr>
     </gpxtpx:TrackPointExtension>
    </extensions>
   </trkpt>
   <trkpt lat="49.2736850" lon="-123.1422540">
    <ele>21.6</ele>
    <time>2026-04-19T17:10:04Z</time>
    <extensions>
     <power>177</power>
     <gpxtpx:TrackPointExtension>
      <gpxtpx:hr>175</gpxtpx:hr>
     </gpxtpx:TrackPointExtension>
    </extensions>
   </trkpt>
   <trkpt lat="49.2736690" lon="-123.1423070">
    <ele>21.6</ele>
    <time>2026-04-19T17:10:05Z</time>
    <extensions>
     <power>177</power>
     <gpxtpx:TrackPointExtension>
      <gpxtpx:hr>175</gpxtpx:hr>
     </gpxtpx:TrackPointExtension>
    </extensions>
   </trkpt>
   <trkpt lat="49.2736630" lon="-123.1423240">
    <ele>21.4</ele>
    <time>2026-04-19T17:10:06Z</time>
    <extensions>
     <power>176</power>
     <gpxtpx:TrackPointExtension>
      <gpxtpx:hr>175</gpxtpx:hr>
     </gpxtpx:TrackPointExtension>
    </extensions>
   </trkpt>
   <trkpt lat="49.2736450" lon="-123.1423780">
    <ele>21.4</ele>
    <time>2026-04-19T17:10:07Z</time>
    <extensions>
     <power>176</power>
     <gpxtpx:TrackPointExtension>
      <gpxtpx:hr>175</gpxtpx:hr>
     </gpxtpx:TrackPointExtension>
    </extensions>
   </trkpt>
   <trkpt lat="49.2736380" lon="-123.1424000">
    <ele>21.2</ele>
    <time>2026-04-19T17:10:08Z</time>
    <extensions>
     <power>176</power>
     <gpxtpx:TrackPointExtension>
      <gpxtpx:hr>175</gpxtpx:hr>
     </gpxtpx:TrackPointExtension>
    </extensions>
   </trkpt>
   <trkpt lat="49.2736310" lon="-123.1424210">
    <ele>21.2</ele>
    <time>2026-04-19T17:10:09Z</time>
    <extensions>
     <power>172</power>
     <gpxtpx:TrackPointExtension>
      <gpxtpx:hr>175</gpxtpx:hr>
     </gpxtpx:TrackPointExtension>
    </extensions>
   </trkpt>
   <trkpt lat="49.2736130" lon="-123.1424720">
    <ele>21.0</ele>
    <time>2026-04-19T17:10:10Z</time>
    <extensions>
     <power>172</power>
     <gpxtpx:TrackPointExtension>
      <gpxtpx:hr>175</gpxtpx:hr>
     </gpxtpx:TrackPointExtension>
    </extensions>
   </trkpt>
   <trkpt lat="49.2736070" lon="-123.1424900">
    <ele>21.0</ele>
    <time>2026-04-19T17:10:11Z</time>
    <extensions>
     <power>172</power>
     <gpxtpx:TrackPointExtension>
      <gpxtpx:hr>175</gpxtpx:hr>
     </gpxtpx:TrackPointExtension>
    </extensions>
   </trkpt>
   <trkpt lat="49.2735870" lon="-123.1425530">
    <ele>20.8</ele>
    <time>2026-04-19T17:10:12Z</time>
    <extensions>
     <power>172</power>
     <gpxtpx:TrackPointExtension>
      <gpxtpx:hr>175</gpxtpx:hr>
     </gpxtpx:TrackPointExtension>
    </extensions>
   </trkpt>
   <trkpt lat="49.2735780" lon="-123.1425780">
    <ele>20.8</ele>
    <time>2026-04-19T17:10:13Z</time>
    <extensions>
     <power>172</power>
     <gpxtpx:TrackPointExtension>
      <gpxtpx:hr>175</gpxtpx:hr>
     </gpxtpx:TrackPointExtension>
    </extensions>
   </trkpt>
   <trkpt lat="49.2735700" lon="-123.1426030">
    <ele>20.8</ele>
    <time>2026-04-19T17:10:14Z</time>
    <extensions>
     <power>172</power>
     <gpxtpx:TrackPointExtension>
      <gpxtpx:hr>175</gpxtpx:hr>
     </gpxtpx:TrackPointExtension>
    </extensions>
   </trkpt>
   <trkpt lat="49.2735520" lon="-123.1426610">
    <ele>20.6</ele>
    <time>2026-04-19T17:10:15Z</time>
    <extensions>
     <power>172</power>
     <gpxtpx:TrackPointExtension>
      <gpxtpx:hr>175</gpxtpx:hr>
     </gpxtpx:TrackPointExtension>
    </extensions>
   </trkpt>
   <trkpt lat="49.2735460" lon="-123.1426800">
    <ele>20.6</ele>
    <time>2026-04-19T17:10:16Z</time>
    <extensions>
     <power>174</power>
     <gpxtpx:TrackPointExtension>
      <gpxtpx:hr>175</gpxtpx:hr>
     </gpxtpx:TrackPointExtension>
    </extensions>
   </trkpt>
   <trkpt lat="49.2735260" lon="-123.1427430">
    <ele>20.6</ele>
    <time>2026-04-19T17:10:17Z</time>
    <extensions>
     <power>174</power>
     <gpxtpx:TrackPointExtension>
      <gpxtpx:hr>175</gpxtpx:hr>
     </gpxtpx:TrackPointExtension>
    </extensions>
   </trkpt>
   <trkpt lat="49.2735180" lon="-123.1427670">
    <ele>20.4</ele>
    <time>2026-04-19T17:10:18Z</time>
    <extensions>
     <power>174</power>
     <gpxtpx:TrackPointExtension>
      <gpxtpx:hr>175</gpxtpx:hr>
     </gpxtpx:TrackPointExtension>
    </extensions>
   </trkpt>
   <trkpt lat="49.2735100" lon="-123.1427920">
    <ele>20.4</ele>
    <time>2026-04-19T17:10:19Z</time>
    <extensions>
     <power>174</power>
     <gpxtpx:TrackPointExtension>
      <gpxtpx:hr>174</gpxtpx:hr>
     </gpxtpx:TrackPointExtension>
    </extensions>
   </trkpt>
   <trkpt lat="49.2734900" lon="-123.1428550">
    <ele>20.4</ele>
    <time>2026-04-19T17:10:20Z</time>
    <extensions>
     <power>174</power>
     <gpxtpx:TrackPointExtension>
      <gpxtpx:hr>174</gpxtpx:hr>
     </gpxtpx:TrackPointExtension>
    </extensions>
   </trkpt>
   <trkpt lat="49.2734820" lon="-123.1428800">
    <ele>20.2</ele>
    <time>2026-04-19T17:10:21Z</time>
    <extensions>
     <power>174</power>
     <gpxtpx:TrackPointExtension>
      <gpxtpx:hr>174</gpxtpx:hr>
     </gpxtpx:TrackPointExtension>
    </extensions>
   </trkpt>
   <trkpt lat="49.2734740" lon="-123.1429050">
    <ele>20.2</ele>
    <time>2026-04-19T17:10:22Z</time>
    <extensions>
     <power>175</power>
     <gpxtpx:TrackPointExtension>
      <gpxtpx:hr>174</gpxtpx:hr>
     </gpxtpx:TrackPointExtension>
    </extensions>
   </trkpt>
   <trkpt lat="49.2734560" lon="-123.1429620">
    <ele>20.0</ele>
    <time>2026-04-19T17:10:23Z</time>
    <extensions>
     <power>175</power>
     <gpxtpx:TrackPointExtension>
      <gpxtpx:hr>174</gpxtpx:hr>
     </gpxtpx:TrackPointExtension>
    </extensions>
   </trkpt>
   <trkpt lat="49.2734500" lon="-123.1429810">
    <ele>20.0</ele>
    <time>2026-04-19T17:10:24Z</time>
    <extensions>
     <power>177</power>
     <gpxtpx:TrackPointExtension>
      <gpxtpx:hr>174</gpxtpx:hr>
     </gpxtpx:TrackPointExtension>
    </extensions>
   </trkpt>
   <trkpt lat="49.2734300" lon="-123.1430430">
    <ele>19.8</ele>
    <time>2026-04-19T17:10:25Z</time>
    <extensions>
     <power>177</power>
     <gpxtpx:TrackPointExtension>
      <gpxtpx:hr>172</gpxtpx:hr>
     </gpxtpx:TrackPointExtension>
    </extensions>
   </trkpt>
   <trkpt lat="49.2734230" lon="-123.1430680">
    <ele>19.8</ele>
    <time>2026-04-19T17:10:26Z</time>
    <extensions>
     <power>177</power>
     <gpxtpx:TrackPointExtension>
      <gpxtpx:hr>172</gpxtpx:hr>
     </gpxtpx:TrackPointExtension>
    </extensions>
   </trkpt>
   <trkpt lat="49.2734150" lon="-123.1430920">
    <ele>19.6</ele>
    <time>2026-04-19T17:10:27Z</time>
    <extensions>
     <power>176</power>
     <gpxtpx:TrackPointExtension>
      <gpxtpx:hr>172</gpxtpx:hr>
     </gpxtpx:TrackPointExtension>
    </extensions>
   </trkpt>
   <trkpt lat="49.2733970" lon="-123.1431460">
    <ele>19.6</ele>
    <time>2026-04-19T17:10:28Z</time>
    <extensions>
     <power>176</power>
     <gpxtpx:TrackPointExtension>
      <gpxtpx:hr>172</gpxtpx:hr>
     </gpxtpx:TrackPointExtension>
    </extensions>
   </trkpt>
   <trkpt lat="49.2733910" lon="-123.1431640">
    <ele>19.4</ele>
    <time>2026-04-19T17:10:29Z</time>
    <extensions>
     <power>175</power>
     <gpxtpx:TrackPointExtension>
      <gpxtpx:hr>172</gpxtpx:hr>
     </gpxtpx:TrackPointExtension>
    </extensions>
   </trkpt>
   <trkpt lat="49.2733720" lon="-123.1432240">
    <ele>19.4</ele>
    <time>2026-04-19T17:10:30Z</time>
    <extensions>
     <power>175</power>
     <gpxtpx:TrackPointExtension>
      <gpxtpx:hr>172</gpxtpx:hr>
     </gpxtpx:TrackPointExtension>
    </extensions>
   </trkpt>
   <trkpt lat="49.2733650" lon="-123.1432480">
    <ele>19.4</ele>
    <time>2026-04-19T17:10:31Z</time>
    <extensions>
     <power>175</power>
     <gpxtpx:TrackPointExtension>
      <gpxtpx:hr>173</gpxtpx:hr>
     </gpxtpx:TrackPointExtension>
    </extensions>
   </trkpt>
   <trkpt lat="49.2733570" lon="-123.1432720">
    <ele>19.2</ele>
    <time>2026-04-19T17:10:32Z</time>
    <extensions>
     <power>175</power>
     <gpxtpx:TrackPointExtension>
      <gpxtpx:hr>173</gpxtpx:hr>
     </gpxtpx:TrackPointExtension>
    </extensions>
   </trkpt>
   <trkpt lat="49.2733410" lon="-123.1433250">
    <ele>19.2</ele>
    <time>2026-04-19T17:10:33Z</time>
    <extensions>
     <power>175</power>
     <gpxtpx:TrackPointExtension>
      <gpxtpx:hr>173</gpxtpx:hr>
     </gpxtpx:TrackPointExtension>
    </extensions>
   </trkpt>
   <trkpt lat="49.2733350" lon="-123.1433420">
    <ele>19.0</ele>
    <time>2026-04-19T17:10:34Z</time>
    <extensions>
     <power>172</power>
     <gpxtpx:TrackPointExtension>
      <gpxtpx:hr>173</gpxtpx:hr>
     </gpxtpx:TrackPointExtension>
    </extensions>
   </trkpt>
   <trkpt lat="49.2733180" lon="-123.1434010">
    <ele>19.0</ele>
    <time>2026-04-19T17:10:35Z</time>
    <extensions>
     <power>172</power>
     <gpxtpx:TrackPointExtension>
      <gpxtpx:hr>172</gpxtpx:hr>
     </gpxtpx:TrackPointExtension>
    </extensions>
   </trkpt>
   <trkpt lat="49.2733100" lon="-123.1434250">
    <ele>18.8</ele>
    <time>2026-04-19T17:10:36Z</time>
    <extensions>
     <power>172</power>
     <gpxtpx:TrackPointExtension>
      <gpxtpx:hr>172</gpxtpx:hr>
     </gpxtpx:TrackPointExtension>
    </extensions>
   </trkpt>
   <trkpt lat="49.2733030" lon="-123.1434490">
    <ele>18.8</ele>
    <time>2026-04-19T17:10:37Z</time>
    <extensions>
     <power>174</power>
     <gpxtpx:TrackPointExtension>
      <gpxtpx:hr>172</gpxtpx:hr>
     </gpxtpx:TrackPointExtension>
    </extensions>
   </trkpt>
   <trkpt lat="49.2732870" lon="-123.1435000">
    <ele>18.6</ele>
    <time>2026-04-19T17:10:38Z</time>
    <extensions>
     <power>174</power>
     <gpxtpx:TrackPointExtension>
      <gpxtpx:hr>172</gpxtpx:hr>
     </gpxtpx:TrackPointExtension>
    </extensions>
   </trkpt>
   <trkpt lat="49.2732810" lon="-123.1435170">
    <ele>18.6</ele>
    <time>2026-04-19T17:10:39Z</time>
    <extensions>
     <power>159</power>
     <gpxtpx:TrackPointExtension>
      <gpxtpx:hr>172</gpxtpx:hr>
     </gpxtpx:TrackPointExtension>
    </extensions>
   </trkpt>
   <trkpt lat="49.2732620" lon="-123.1435740">
    <ele>18.4</ele>
    <time>2026-04-19T17:10:40Z</time>
    <extensions>
     <power>159</power>
     <gpxtpx:TrackPointExtension>
      <gpxtpx:hr>172</gpxtpx:hr>
     </gpxtpx:TrackPointExtension>
    </extensions>
   </trkpt>
   <trkpt lat="49.2732540" lon="-123.1435970">
    <ele>18.4</ele>
    <time>2026-04-19T17:10:41Z</time>
    <extensions>
     <power>159</power>
     <gpxtpx:TrackPointExtension>
      <gpxtpx:hr>172</gpxtpx:hr>
     </gpxtpx:TrackPointExtension>
    </extensions>
   </trkpt>
   <trkpt lat="49.2732460" lon="-123.1436200">
    <ele>18.2</ele>
    <time>2026-04-19T17:10:42Z</time>
    <extensions>
     <power>164</power>
     <gpxtpx:TrackPointExtension>
      <gpxtpx:hr>172</gpxtpx:hr>
     </gpxtpx:TrackPointExtension>
    </extensions>
   </trkpt>
   <trkpt lat="49.2732270" lon="-123.1436730">
    <ele>18.2</ele>
    <time>2026-04-19T17:10:43Z</time>
    <extensions>
     <power>164</power>
     <gpxtpx:TrackPointExtension>
      <gpxtpx:hr>172</gpxtpx:hr>
     </gpxtpx:TrackPointExtension>
    </extensions>
   </trkpt>
   <trkpt lat="49.2732200" lon="-123.1436900">
    <ele>18.0</ele>
    <time>2026-04-19T17:10:44Z</time>
    <extensions>
     <power>169</power>
     <gpxtpx:TrackPointExtension>
      <gpxtpx:hr>172</gpxtpx:hr>
     </gpxtpx:TrackPointExtension>
    </extensions>
   </trkpt>
   <trkpt lat="49.2731970" lon="-123.1437490">
    <ele>18.0</ele>
    <time>2026-04-19T17:10:45Z</time>
    <extensions>
     <power>169</power>
     <gpxtpx:TrackPointExtension>
      <gpxtpx:hr>172</gpxtpx:hr>
     </gpxtpx:TrackPointExtension>
    </extensions>
   </trkpt>
   <trkpt lat="49.2731880" lon="-123.1437730">
    <ele>18.0</ele>
    <time>2026-04-19T17:10:46Z</time>
    <extensions>
     <power>169</power>
     <gpxtpx:TrackPointExtension>
      <gpxtpx:hr>172</gpxtpx:hr>
     </gpxtpx:TrackPointExtension>
    </extensions>
   </trkpt>
   <trkpt lat="49.2731780" lon="-123.1437970">
    <ele>17.8</ele>
    <time>2026-04-19T17:10:47Z</time>
    <extensions>
     <power>173</power>
     <gpxtpx:TrackPointExtension>
      <gpxtpx:hr>172</gpxtpx:hr>
     </gpxtpx:TrackPointExtension>
    </extensions>
   </trkpt>
   <trkpt lat="49.2731520" lon="-123.1438560">
    <ele>17.8</ele>
    <time>2026-04-19T17:10:48Z</time>
    <extensions>
     <power>173</power>
     <gpxtpx:TrackPointExtension>
      <gpxtpx:hr>172</gpxtpx:hr>
     </gpxtpx:TrackPointExtension>
    </extensions>
   </trkpt>
   <trkpt lat="49.2731420" lon="-123.1438800">
    <ele>17.6</ele>
    <time>2026-04-19T17:10:49Z</time>
    <extensions>
     <power>173</power>
     <gpxtpx:TrackPointExtension>
      <gpxtpx:hr>172</gpxtpx:hr>
     </gpxtpx:TrackPointExtension>
    </extensions>
   </trkpt>
   <trkpt lat="49.2731310" lon="-123.1439030">
    <ele>17.6</ele>
    <time>2026-04-19T17:10:50Z</time>
    <extensions>
     <power>175</power>
     <gpxtpx:TrackPointExtension>
      <gpxtpx:hr>171</gpxtpx:hr>
     </gpxtpx:TrackPointExtension>
    </extensions>
   </trkpt>
   <trkpt lat="49.2731050" lon="-123.1439560">
    <ele>17.4</ele>
    <time>2026-04-19T17:10:51Z</time>
    <extensions>
     <power>175</power>
     <gpxtpx:TrackPointExtension>
      <gpxtpx:hr>171</gpxtpx:hr>
     </gpxtpx:TrackPointExtension>
    </extensions>
   </trkpt>
   <trkpt lat="49.2730960" lon="-123.1439730">
    <ele>17.4</ele>
    <time>2026-04-19T17:10:52Z</time>
    <extensions>
     <power>179</power>
     <gpxtpx:TrackPointExtension>
      <gpxtpx:hr>171</gpxtpx:hr>
     </gpxtpx:TrackPointExtension>
    </extensions>
   </trkpt>
   <trkpt lat="49.2730670" lon="-123.1440320">
    <ele>17.2</ele>
    <time>2026-04-19T17:10:53Z</time>
    <extensions>
     <power>179</power>
     <gpxtpx:TrackPointExtension>
      <gpxtpx:hr>171</gpxtpx:hr>
     </gpxtpx:TrackPointExtension>
    </extensions>
   </trkpt>
   <trkpt lat="49.2730550" lon="-123.1440550">
    <ele>17.2</ele>
    <time>2026-04-19T17:10:54Z</time>
    <extensions>
     <power>179</power>
     <gpxtpx:TrackPointExtension>
      <gpxtpx:hr>171</gpxtpx:hr>
     </gpxtpx:TrackPointExtension>
    </extensions>
   </trkpt>
   <trkpt lat="49.2730440" lon="-123.1440780">
    <ele>17.0</ele>
    <time>2026-04-19T17:10:55Z</time>
    <extensions>
     <power>178</power>
     <gpxtpx:TrackPointExtension>
      <gpxtpx:hr>171</gpxtpx:hr>
     </gpxtpx:TrackPointExtension>
    </extensions>
   </trkpt>
   <trkpt lat="49.2730190" lon="-123.1441270">
    <ele>17.0</ele>
    <time>2026-04-19T17:10:56Z</time>
    <extensions>
     <power>178</power>
     <gpxtpx:TrackPointExtension>
      <gpxtpx:hr>171</gpxtpx:hr>
     </gpxtpx:TrackPointExtension>
    </extensions>
   </trkpt>
   <trkpt lat="49.2730110" lon="-123.1441430">
    <ele>16.8</ele>
    <time>2026-04-19T17:10:57Z</time>
    <extensions>
     <power>175</power>
     <gpxtpx:TrackPointExtension>
      <gpxtpx:hr>171</gpxtpx:hr>
     </gpxtpx:TrackPointExtension>
    </extensions>
   </trkpt>
   <trkpt lat="49.2729820" lon="-123.1441950">
    <ele>16.8</ele>
    <time>2026-04-19T17:10:58Z</time>
    <extensions>
     <power>175</power>
     <gpxtpx:TrackPointExtension>
      <gpxtpx:hr>171</gpxtpx:hr>
     </gpxtpx:TrackPointExtension>
    </extensions>
   </trkpt>
   <trkpt lat="49.2729710" lon="-123.1442150">
    <ele>16.6</ele>
    <time>2026-04-19T17:10:59Z</time>
    <extensions>
     <power>175</power>
     <gpxtpx:TrackPointExtension>
      <gpxtpx:hr>172</gpxtpx:hr>
     </gpxtpx:TrackPointExtension>
    </extensions>
   </trkpt>
   <trkpt lat="49.2729590" lon="-123.1442360">
    <ele>16.6</ele>
    <time>2026-04-19T17:11:00Z</time>
    <extensions>
     <power>176</power>
     <gpxtpx:TrackPointExtension>
      <gpxtpx:hr>172</gpxtpx:hr>
     </gpxtpx:TrackPointExtension>
    </extensions>
   </trkpt>
   <trkpt lat="49.2729330" lon="-123.1442830">
    <ele>16.4</ele>
    <time>2026-04-19T17:11:01Z</time>
    <extensions>
     <power>176</power>
     <gpxtpx:TrackPointExtension>
      <gpxtpx:hr>172</gpxtpx:hr>
     </gpxtpx:TrackPointExtension>
    </extensions>
   </trkpt>
   <trkpt lat="49.2729240" lon="-123.1442980">
    <ele>16.4</ele>
    <time>2026-04-19T17:11:02Z</time>
    <extensions>
     <power>175</power>
     <gpxtpx:TrackPointExtension>
      <gpxtpx:hr>172</gpxtpx:hr>
     </gpxtpx:TrackPointExtension>
    </extensions>
   </trkpt>
   <trkpt lat="49.2728940" lon="-123.1443480">
    <ele>16.2</ele>
    <time>2026-04-19T17:11:03Z</time>
    <extensions>
     <power>175</power>
     <gpxtpx:TrackPointExtension>
      <gpxtpx:hr>171</gpxtpx:hr>
     </gpxtpx:TrackPointExtension>
    </extensions>
   </trkpt>
   <trkpt lat="49.2728820" lon="-123.1443690">
    <ele>16.2</ele>
    <time>2026-04-19T17:11:04Z</time>
    <extensions>
     <power>175</power>
     <gpxtpx:TrackPointExtension>
      <gpxtpx:hr>171</gpxtpx:hr>
     </gpxtpx:TrackPointExtension>
    </extensions>
   </trkpt>
   <trkpt lat="49.2728700" lon="-123.1443890">
    <ele>16.0</ele>
    <time>2026-04-19T17:11:05Z</time>
    <extensions>
     <power>174</power>
     <gpxtpx:TrackPointExtension>
      <gpxtpx:hr>171</gpxtpx:hr>
     </gpxtpx:TrackPointExtension>
    </extensions>
   </trkpt>
   <trkpt lat="49.2728440" lon="-123.1444330">
    <ele>16.0</ele>
    <time>2026-04-19T17:11:06Z</time>
    <extensions>
     <power>174</power>
     <gpxtpx:TrackPointExtension>
      <gpxtpx:hr>171</gpxtpx:hr>
     </gpxtpx:TrackPointExtension>
    </extensions>
   </trkpt>
   <trkpt lat="49.2728350" lon="-123.1444480">
    <ele>15.8</ele>
    <time>2026-04-19T17:11:07Z</time>
    <extensions>
     <power>174</power>
     <gpxtpx:TrackPointExtension>
      <gpxtpx:hr>171</gpxtpx:hr>
     </gpxtpx:TrackPointExtension>
    </extensions>
   </trkpt>
   <trkpt lat="49.2728040" lon="-123.1444990">
    <ele>15.8</ele>
    <time>2026-04-19T17:11:08Z</time>
    <extensions>
     <power>174</power>
     <gpxtpx:TrackPointExtension>
      <gpxtpx:hr>171</gpxtpx:hr>
     </gpxtpx:TrackPointExtension>
    </extensions>
   </trkpt>
   <trkpt lat="49.2727910" lon="-123.1445190">
    <ele>15.6</ele>
    <time>2026-04-19T17:11:09Z</time>
    <extensions>
     <power>174</power>
     <gpxtpx:TrackPointExtension>
      <gpxtpx:hr>171</gpxtpx:hr>
     </gpxtpx:TrackPointExtension>
    </extensions>
   </trkpt>
   <trkpt lat="49.2727790" lon="-123.1445390">
    <ele>15.6</ele>
    <time>2026-04-19T17:11:10Z</time>
    <extensions>
     <power>175</power>
     <gpxtpx:TrackPointExtension>
      <gpxtpx:hr>170</gpxtpx:hr>
     </gpxtpx:TrackPointExtension>
    </extensions>
   </trkpt>
   <trkpt lat="49.2727480" lon="-123.1445890">
    <ele>15.4</ele>
    <time>2026-04-19T17:11:11Z</time>
    <extensions>
     <power>175</power>
     <gpxtpx:TrackPointExtension>
      <gpxtpx:hr>170</gpxtpx:hr>
     </gpxtpx:TrackPointExtension>
    </extensions>
   </trkpt>
   <trkpt lat="49.2727360" lon="-123.1446080">
    <ele>15.4</ele>
    <time>2026-04-19T17:11:12Z</time>
    <extensions>
     <power>175</power>
     <gpxtpx:TrackPointExtension>
      <gpxtpx:hr>170</gpxtpx:hr>
     </gpxtpx:TrackPointExtension>
    </extensions>
   </trkpt>
   <trkpt lat="49.2727230" lon="-123.1446280">
    <ele>15.2</ele>
    <time>2026-04-19T17:11:13Z</time>
    <extensions>
     <power>175</power>
     <gpxtpx:TrackPointExtension>
      <gpxtpx:hr>170</gpxtpx:hr>
     </gpxtpx:TrackPointExtension>
    </extensions>
   </trkpt>
   <trkpt lat="49.2726930" lon="-123.1446710">
    <ele>15.2</ele>
    <time>2026-04-19T17:11:14Z</time>
    <extensions>
     <power>175</power>
     <gpxtpx:TrackPointExtension>
      <gpxtpx:hr>170</gpxtpx:hr>
     </gpxtpx:TrackPointExtension>
    </extensions>
   </trkpt>
   <trkpt lat="49.2726830" lon="-123.1446850">
    <ele>15.0</ele>
    <time>2026-04-19T17:11:15Z</time>
    <extensions>
     <power>178</power>
     <gpxtpx:TrackPointExtension>
      <gpxtpx:hr>170</gpxtpx:hr>
     </gpxtpx:TrackPointExtension>
    </extensions>
   </trkpt>
   <trkpt lat="49.2726470" lon="-123.1447280">
    <ele>15.0</ele>
    <time>2026-04-19T17:11:16Z</time>
    <extensions>
     <power>178</power>
     <gpxtpx:TrackPointExtension>
      <gpxtpx:hr>169</gpxtpx:hr>
     </gpxtpx:TrackPointExtension>
    </extensions>
   </trkpt>
   <trkpt lat="49.2726330" lon="-123.1447460">
    <ele>14.8</ele>
    <time>2026-04-19T17:11:17Z</time>
    <extensions>
     <power>178</power>
     <gpxtpx:TrackPointExtension>
      <gpxtpx:hr>169</gpxtpx:hr>
     </gpxtpx:TrackPointExtension>
    </extensions>
   </trkpt>
   <trkpt lat="49.2726180" lon="-123.1447630">
    <ele>14.8</ele>
    <time>2026-04-19T17:11:18Z</time>
    <extensions>
     <power>179</power>
     <gpxtpx:TrackPointExtension>
      <gpxtpx:hr>169</gpxtpx:hr>
     </gpxtpx:TrackPointExtension>
    </extensions>
   </trkpt>
   <trkpt lat="49.2725830" lon="-123.1448000">
    <ele>14.6</ele>
    <time>2026-04-19T17:11:19Z</time>
    <extensions>
     <power>179</power>
     <gpxtpx:TrackPointExtension>
      <gpxtpx:hr>169</gpxtpx:hr>
     </gpxtpx:TrackPointExtension>
    </extensions>
   </trkpt>
   <trkpt lat="49.2725710" lon="-123.1448110">
    <ele>14.4</ele>
    <time>2026-04-19T17:11:20Z</time>
    <extensions>
     <power>182</power>
     <gpxtpx:TrackPointExtension>
      <gpxtpx:hr>169</gpxtpx:hr>
     </gpxtpx:TrackPointExtension>
    </extensions>
   </trkpt>
   <trkpt lat="49.2725330" lon="-123.1448440">
    <ele>14.4</ele>
    <time>2026-04-19T17:11:21Z</time>
    <extensions>
     <power>182</power>
     <gpxtpx:TrackPointExtension>
      <gpxtpx:hr>169</gpxtpx:hr>
     </gpxtpx:TrackPointExtension>
    </extensions>
   </trkpt>
   <trkpt lat="49.2725170" lon="-123.1448560">
    <ele>14.4</ele>
    <time>2026-04-19T17:11:22Z</time>
    <extensions>
     <power>182</power>
     <gpxtpx:TrackPointExtension>
      <gpxtpx:hr>169</gpxtpx:hr>
     </gpxtpx:TrackPointExtension>
    </extensions>
   </trkpt>
   <trkpt lat="49.2725020" lon="-123.1448690">
    <ele>14.2</ele>
    <time>2026-04-19T17:11:23Z</time>
    <extensions>
     <power>184</power>
     <gpxtpx:TrackPointExtension>
      <gpxtpx:hr>168</gpxtpx:hr>
     </gpxtpx:TrackPointExtension>
    </extensions>
   </trkpt>
   <trkpt lat="49.2724660" lon="-123.1448960">
    <ele>14.2</ele>
    <time>2026-04-19T17:11:24Z</time>
    <extensions>
     <power>184</power>
     <gpxtpx:TrackPointExtension>
      <gpxtpx:hr>168</gpxtpx:hr>
     </gpxtpx:TrackPointExtension>
    </extensions>
   </trkpt>
   <trkpt lat="49.2724540" lon="-123.1449050">
    <ele>14.0</ele>
    <time>2026-04-19T17:11:25Z</time>
    <extensions>
     <power>184</power>
     <gpxtpx:TrackPointExtension>
      <gpxtpx:hr>168</gpxtpx:hr>
     </gpxtpx:TrackPointExtension>
    </extensions>
   </trkpt>
   <trkpt lat="49.2724130" lon="-123.1449360">
    <ele>14.0</ele>
    <time>2026-04-19T17:11:26Z</time>
    <extensions>
     <power>184</power>
     <gpxtpx:TrackPointExtension>
      <gpxtpx:hr>169</gpxtpx:hr>
     </gpxtpx:TrackPointExtension>
    </extensions>
   </trkpt>
   <trkpt lat="49.2723960" lon="-123.1449470">
    <ele>14.0</ele>
    <time>2026-04-19T17:11:27Z</time>
    <extensions>
     <power>184</power>
     <gpxtpx:TrackPointExtension>
      <gpxtpx:hr>169</gpxtpx:hr>
     </gpxtpx:TrackPointExtension>
    </extensions>
   </trkpt>
   <trkpt lat="49.2723800" lon="-123.1449590">
    <ele>13.8</ele>
    <time>2026-04-19T17:11:28Z</time>
    <extensions>
     <power>183</power>
     <gpxtpx:TrackPointExtension>
      <gpxtpx:hr>169</gpxtpx:hr>
     </gpxtpx:TrackPointExtension>
    </extensions>
   </trkpt>
   <trkpt lat="49.2723450" lon="-123.1449830">
    <ele>13.8</ele>
    <time>2026-04-19T17:11:29Z</time>
    <extensions>
     <power>183</power>
     <gpxtpx:TrackPointExtension>
      <gpxtpx:hr>169</gpxtpx:hr>
     </gpxtpx:TrackPointExtension>
    </extensions>
   </trkpt>
   <trkpt lat="49.2723330" lon="-123.1449910">
    <ele>13.6</ele>
    <time>2026-04-19T17:11:30Z</time>
    <extensions>
     <power>179</power>
     <gpxtpx:TrackPointExtension>
      <gpxtpx:hr>169</gpxtpx:hr>
     </gpxtpx:TrackPointExtension>
    </extensions>
   </trkpt>
   <trkpt lat="49.2722930" lon="-123.1450190">
    <ele>13.6</ele>
    <time>2026-04-19T17:11:31Z</time>
    <extensions>
     <power>179</power>
     <gpxtpx:TrackPointExtension>
      <gpxtpx:hr>169</gpxtpx:hr>
     </gpxtpx:TrackPointExtension>
    </extensions>
   </trkpt>
   <trkpt lat="49.2722760" lon="-123.1450290">
    <ele>13.6</ele>
    <time>2026-04-19T17:11:32Z</time>
    <extensions>
     <power>179</power>
     <gpxtpx:TrackPointExtension>
      <gpxtpx:hr>169</gpxtpx:hr>
     </gpxtpx:TrackPointExtension>
    </extensions>
   </trkpt>
   <trkpt lat="49.2722600" lon="-123.1450400">
    <ele>13.4</ele>
    <time>2026-04-19T17:11:33Z</time>
    <extensions>
     <power>181</power>
     <gpxtpx:TrackPointExtension>
      <gpxtpx:hr>169</gpxtpx:hr>
     </gpxtpx:TrackPointExtension>
    </extensions>
   </trkpt>
   <trkpt lat="49.2722200" lon="-123.1450660">
    <ele>13.4</ele>
    <time>2026-04-19T17:11:34Z</time>
    <extensions>
     <power>181</power>
     <gpxtpx:TrackPointExtension>
      <gpxtpx:hr>169</gpxtpx:hr>
     </gpxtpx:TrackPointExtension>
    </extensions>
   </trkpt>
   <trkpt lat="49.2722040" lon="-123.1450750">
    <ele>13.4</ele>
    <time>2026-04-19T17:11:35Z</time>
    <extensions>
     <power>181</power>
     <gpxtpx:TrackPointExtension>
      <gpxtpx:hr>169</gpxtpx:hr>
     </gpxtpx:TrackPointExtension>
    </extensions>
   </trkpt>
   <trkpt lat="49.2721880" lon="-123.1450850">
    <ele>13.2</ele>
    <time>2026-04-19T17:11:36Z</time>
    <extensions>
     <power>179</power>
     <gpxtpx:TrackPointExtension>
      <gpxtpx:hr>169</gpxtpx:hr>
     </gpxtpx:TrackPointExtension>
    </extensions>
   </trkpt>
   <trkpt lat="49.2721520" lon="-123.1451060">
    <ele>13.2</ele>
    <time>2026-04-19T17:11:37Z</time>
    <extensions>
     <power>179</power>
     <gpxtpx:TrackPointExtension>
      <gpxtpx:hr>169</gpxtpx:hr>
     </gpxtpx:TrackPointExtension>
    </extensions>
   </trkpt>
   <trkpt lat="49.2721390" lon="-123.1451130">
    <ele>13.0</ele>
    <time>2026-04-19T17:11:38Z</time>
    <extensions>
     <power>177</power>
     <gpxtpx:TrackPointExtension>
      <gpxtpx:hr>170</gpxtpx:hr>
     </gpxtpx:TrackPointExtension>
    </extensions>
   </trkpt>
   <trkpt lat="49.2720960" lon="-123.1451340">
    <ele>13.0</ele>
    <time>2026-04-19T17:11:39Z</time>
    <extensions>
     <power>177</power>
     <gpxtpx:TrackPointExtension>
      <gpxtpx:hr>170</gpxtpx:hr>
     </gpxtpx:TrackPointExtension>
    </extensions>
   </trkpt>
   <trkpt lat="49.2720790" lon="-123.1451420">
    <ele>13.0</ele>
    <time>2026-04-19T17:11:40Z</time>
    <extensions>
     <power>177</power>
     <gpxtpx:TrackPointExtension>
      <gpxtpx:hr>170</gpxtpx:hr>
     </gpxtpx:TrackPointExtension>
    </extensions>
   </trkpt>
   <trkpt lat="49.2720620" lon="-123.1451500">
    <ele>12.8</ele>
    <time>2026-04-19T17:11:41Z</time>
    <extensions>
     <power>175</power>
     <gpxtpx:TrackPointExtension>
      <gpxtpx:hr>170</gpxtpx:hr>
     </gpxtpx:TrackPointExtension>
    </extensions>
   </trkpt>
   <trkpt lat="49.2720220" lon="-123.1451660">
    <ele>12.8</ele>
    <time>2026-04-19T17:11:42Z</time>
    <extensions>
     <power>175</power>
     <gpxtpx:TrackPointExtension>
      <gpxtpx:hr>170</gpxtpx:hr>
     </gpxtpx:TrackPointExtension>
    </extensions>
   </trkpt>
   <trkpt lat="49.2720080" lon="-123.1451710">
    <ele>12.6</ele>
    <time>2026-04-19T17:11:43Z</time>
    <extensions>
     <power>175</power>
     <gpxtpx:TrackPointExtension>
      <gpxtpx:hr>170</gpxtpx:hr>
     </gpxtpx:TrackPointExtension>
    </extensions>
   </trkpt>
   <trkpt lat="49.2719660" lon="-123.1451860">
    <ele>12.6</ele>
    <time>2026-04-19T17:11:44Z</time>
    <extensions>
     <power>175</power>
     <gpxtpx:TrackPointExtension>
      <gpxtpx:hr>170</gpxtpx:hr>
     </gpxtpx:TrackPointExtension>
    </extensions>
   </trkpt>
   <trkpt lat="49.2719490" lon="-123.1451920">
    <ele>12.4</ele>
    <time>2026-04-19T17:11:45Z</time>
    <extensions>
     <power>175</power>
     <gpxtpx:TrackPointExtension>
      <gpxtpx:hr>170</gpxtpx:hr>
     </gpxtpx:TrackPointExtension>
    </extensions>
   </trkpt>
   <trkpt lat="49.2719330" lon="-123.1451980">
    <ele>12.4</ele>
    <time>2026-04-19T17:11:46Z</time>
    <extensions>
     <power>172</power>
     <gpxtpx:TrackPointExtension>
      <gpxtpx:hr>170</gpxtpx:hr>
     </gpxtpx:TrackPointExtension>
    </extensions>
   </trkpt>
   <trkpt lat="49.2718940" lon="-123.1452100">
    <ele>12.2</ele>
    <time>2026-04-19T17:11:47Z</time>
    <extensions>
     <power>172</power>
     <gpxtpx:TrackPointExtension>
      <gpxtpx:hr>170</gpxtpx:hr>
     </gpxtpx:TrackPointExtension>
    </extensions>
   </trkpt>
   <trkpt lat="49.2718810" lon="-123.1452140">
    <ele>12.2</ele>
    <time>2026-04-19T17:11:48Z</time>
    <extensions>
     <power>173</power>
     <gpxtpx:TrackPointExtension>
      <gpxtpx:hr>170</gpxtpx:hr>
     </gpxtpx:TrackPointExtension>
    </extensions>
   </trkpt>
   <trkpt lat="49.2718410" lon="-123.1452260">
    <ele>12.2</ele>
    <time>2026-04-19T17:11:49Z</time>
    <extensions>
     <power>173</power>
     <gpxtpx:TrackPointExtension>
      <gpxtpx:hr>170</gpxtpx:hr>
     </gpxtpx:TrackPointExtension>
    </extensions>
   </trkpt>
   <trkpt lat="49.2718240" lon="-123.1452310">
    <ele>12.2</ele>
    <time>2026-04-19T17:11:50Z</time>
    <extensions>
     <power>173</power>
     <gpxtpx:TrackPointExtension>
      <gpxtpx:hr>170</gpxtpx:hr>
     </gpxtpx:TrackPointExtension>
    </extensions>
   </trkpt>
   <trkpt lat="49.2718080" lon="-123.1452360">
    <ele>12.0</ele>
    <time>2026-04-19T17:11:51Z</time>
    <extensions>
     <power>168</power>
     <gpxtpx:TrackPointExtension>
      <gpxtpx:hr>170</gpxtpx:hr>
     </gpxtpx:TrackPointExtension>
    </extensions>
   </trkpt>
   <trkpt lat="49.2717720" lon="-123.1452470">
    <ele>12.0</ele>
    <time>2026-04-19T17:11:52Z</time>
    <extensions>
     <power>168</power>
     <gpxtpx:TrackPointExtension>
      <gpxtpx:hr>170</gpxtpx:hr>
     </gpxtpx:TrackPointExtension>
    </extensions>
   </trkpt>
   <trkpt lat="49.2717590" lon="-123.1452510">
    <ele>12.0</ele>
    <time>2026-04-19T17:11:53Z</time>
    <extensions>
     <power>168</power>
     <gpxtpx:TrackPointExtension>
      <gpxtpx:hr>170</gpxtpx:hr>
     </gpxtpx:TrackPointExtension>
    </extensions>
   </trkpt>
   <trkpt lat="49.2717160" lon="-123.1452610">
    <ele>12.0</ele>
    <time>2026-04-19T17:11:54Z</time>
    <extensions>
     <power>168</power>
     <gpxtpx:TrackPointExtension>
      <gpxtpx:hr>170</gpxtpx:hr>
     </gpxtpx:TrackPointExtension>
    </extensions>
   </trkpt>
   <trkpt lat="49.2717000" lon="-123.1452630">
    <ele>12.0</ele>
    <time>2026-04-19T17:11:55Z</time>
    <extensions>
     <power>168</power>
     <gpxtpx:TrackPointExtension>
      <gpxtpx:hr>170</gpxtpx:hr>
     </gpxtpx:TrackPointExtension>
    </extensions>
   </trkpt>
   <trkpt lat="49.2716830" lon="-123.1452660">
    <ele>12.0</ele>
    <time>2026-04-19T17:11:56Z</time>
    <extensions>
     <power>167</power>
     <gpxtpx:TrackPointExtension>
      <gpxtpx:hr>170</gpxtpx:hr>
     </gpxtpx:TrackPointExtension>
    </extensions>
   </trkpt>
   <trkpt lat="49.2716420" lon="-123.1452630">
    <ele>11.8</ele>
    <time>2026-04-19T17:11:57Z</time>
    <extensions>
     <power>167</power>
     <gpxtpx:TrackPointExtension>
      <gpxtpx:hr>170</gpxtpx:hr>
     </gpxtpx:TrackPointExtension>
    </extensions>
   </trkpt>
   <trkpt lat="49.2716260" lon="-123.1452610">
    <ele>11.8</ele>
    <time>2026-04-19T17:11:58Z</time>
    <extensions>
     <power>167</power>
     <gpxtpx:TrackPointExtension>
      <gpxtpx:hr>170</gpxtpx:hr>
     </gpxtpx:TrackPointExtension>
    </extensions>
   </trkpt>
   <trkpt lat="49.2716090" lon="-123.1452580">
    <ele>11.8</ele>
    <time>2026-04-19T17:11:59Z</time>
    <extensions>
     <power>165</power>
     <gpxtpx:TrackPointExtension>
      <gpxtpx:hr>170</gpxtpx:hr>
     </gpxtpx:TrackPointExtension>
    </extensions>
   </trkpt>
   <trkpt lat="49.2715720" lon="-123.1452540">
    <ele>11.8</ele>
    <time>2026-04-19T17:12:00Z</time>
    <extensions>
     <power>165</power>
     <gpxtpx:TrackPointExtension>
      <gpxtpx:hr>170</gpxtpx:hr>
     </gpxtpx:TrackPointExtension>
    </extensions>
   </trkpt>
   <trkpt lat="49.2715590" lon="-123.1452530">
    <ele>11.8</ele>
    <time>2026-04-19T17:12:01Z</time>
    <extensions>
     <power>166</power>
     <gpxtpx:TrackPointExtension>
      <gpxtpx:hr>170</gpxtpx:hr>
     </gpxtpx:TrackPointExtension>
    </extensions>
   </trkpt>
   <trkpt lat="49.2715170" lon="-123.1452500">
    <ele>11.8</ele>
    <time>2026-04-19T17:12:02Z</time>
    <extensions>
     <power>166</power>
     <gpxtpx:TrackPointExtension>
      <gpxtpx:hr>170</gpxtpx:hr>
     </gpxtpx:TrackPointExtension>
    </extensions>
   </trkpt>
   <trkpt lat="49.2715000" lon="-123.1452500">
    <ele>11.8</ele>
    <time>2026-04-19T17:12:03Z</time>
    <extensions>
     <power>166</power>
     <gpxtpx:TrackPointExtension>
      <gpxtpx:hr>170</gpxtpx:hr>
     </gpxtpx:TrackPointExtension>
    </extensions>
   </trkpt>
   <trkpt lat="49.2714830" lon="-123.1452490">
    <ele>11.6</ele>
    <time>2026-04-19T17:12:04Z</time>
    <extensions>
     <power>169</power>
     <gpxtpx:TrackPointExtension>
      <gpxtpx:hr>169</gpxtpx:hr>
     </gpxtpx:TrackPointExtension>
    </extensions>
   </trkpt>
   <trkpt lat="49.2714460" lon="-123.1452480">
    <ele>11.6</ele>
    <time>2026-04-19T17:12:05Z</time>
    <extensions>
     <power>169</power>
     <gpxtpx:TrackPointExtension>
      <gpxtpx:hr>169</gpxtpx:hr>
     </gpxtpx:TrackPointExtension>
    </extensions>
   </trkpt>
   <trkpt lat="49.2714350" lon="-123.1452480">
    <ele>11.6</ele>
    <time>2026-04-19T17:12:06Z</time>
    <extensions>
     <power>169</power>
     <gpxtpx:TrackPointExtension>
      <gpxtpx:hr>169</gpxtpx:hr>
     </gpxtpx:TrackPointExtension>
    </extensions>
   </trkpt>
   <trkpt lat="49.2713970" lon="-123.1452490">
    <ele>11.6</ele>
    <time>2026-04-19T17:12:07Z</time>
    <extensions>
     <power>169</power>
     <gpxtpx:TrackPointExtension>
      <gpxtpx:hr>169</gpxtpx:hr>
     </gpxtpx:TrackPointExtension>
    </extensions>
   </trkpt>
   <trkpt lat="49.2713840" lon="-123.1452490">
    <ele>11.6</ele>
    <time>2026-04-19T17:12:08Z</time>
    <extensions>
     <power>169</power>
     <gpxtpx:TrackPointExtension>
      <gpxtpx:hr>169</gpxtpx:hr>
     </gpxtpx:TrackPointExtension>
    </extensions>
   </trkpt>
   <trkpt lat="49.2713700" lon="-123.1452490">
    <ele>11.6</ele>
    <time>2026-04-19T17:12:09Z</time>
    <extensions>
     <power>164</power>
     <gpxtpx:TrackPointExtension>
      <gpxtpx:hr>171</gpxtpx:hr>
     </gpxtpx:TrackPointExtension>
    </extensions>
   </trkpt>
   <trkpt lat="49.2713550" lon="-123.1452480">
    <ele>11.4</ele>
    <time>2026-04-19T17:12:10Z</time>
    <extensions>
     <power>164</power>
     <gpxtpx:TrackPointExtension>
      <gpxtpx:hr>170</gpxtpx:hr>
     </gpxtpx:TrackPointExtension>
    </extensions>
   </trkpt>
   <trkpt lat="49.2713410" lon="-123.1452470">
    <ele>11.4</ele>
    <time>2026-04-19T17:12:11Z</time>
    <extensions>
     <power>148</power>
     <gpxtpx:TrackPointExtension>
      <gpxtpx:hr>170</gpxtpx:hr>
     </gpxtpx:TrackPointExtension>
    </extensions>
   </trkpt>
   <trkpt lat="49.2713160" lon="-123.1452480">
    <ele>11.4</ele>
    <time>2026-04-19T17:12:12Z</time>
    <extensions>
     <power>148</power>
     <gpxtpx:TrackPointExtension>
      <gpxtpx:hr>170</gpxtpx:hr>
     </gpxtpx:TrackPointExtension>
    </extensions>
   </trkpt>
   <trkpt lat="49.2713060" lon="-123.1452480">
    <ele>11.4</ele>
    <time>2026-04-19T17:12:13Z</time>
    <extensions>
     <power>148</power>
     <gpxtpx:TrackPointExtension>
      <gpxtpx:hr>170</gpxtpx:hr>
     </gpxtpx:TrackPointExtension>
    </extensions>
   </trkpt>
   <trkpt lat="49.2712950" lon="-123.1452490">
    <ele>11.4</ele>
    <time>2026-04-19T17:12:14Z</time>
    <extensions>
     <power>142</power>
     <gpxtpx:TrackPointExtension>
      <gpxtpx:hr>170</gpxtpx:hr>
     </gpxtpx:TrackPointExtension>
    </extensions>
   </trkpt>
   <trkpt lat="49.2712690" lon="-123.1452570">
    <ele>11.4</ele>
    <time>2026-04-19T17:12:15Z</time>
    <extensions>
     <power>142</power>
     <gpxtpx:TrackPointExtension>
      <gpxtpx:hr>170</gpxtpx:hr>
     </gpxtpx:TrackPointExtension>
    </extensions>
   </trkpt>
   <trkpt lat="49.2712600" lon="-123.1452600">
    <ele>11.4</ele>
    <time>2026-04-19T17:12:16Z</time>
    <extensions>
     <power>142</power>
     <gpxtpx:TrackPointExtension>
      <gpxtpx:hr>170</gpxtpx:hr>
     </gpxtpx:TrackPointExtension>
    </extensions>
   </trkpt>
   <trkpt lat="49.2712440" lon="-123.1452630">
    <ele>11.4</ele>
    <time>2026-04-19T17:12:17Z</time>
    <extensions>
     <power>142</power>
     <gpxtpx:TrackPointExtension>
      <gpxtpx:hr>170</gpxtpx:hr>
     </gpxtpx:TrackPointExtension>
    </extensions>
   </trkpt>
   <trkpt lat="49.2712280" lon="-123.1452630">
    <ele>11.4</ele>
    <time>2026-04-19T17:12:18Z</time>
    <extensions>
     <power>142</power>
     <gpxtpx:TrackPointExtension>
      <gpxtpx:hr>170</gpxtpx:hr>
     </gpxtpx:TrackPointExtension>
    </extensions>
   </trkpt>
   <trkpt lat="49.2712120" lon="-123.1452620">
    <ele>11.4</ele>
    <time>2026-04-19T17:12:19Z</time>
    <extensions>
     <power>142</power>
     <gpxtpx:TrackPointExtension>
      <gpxtpx:hr>170</gpxtpx:hr>
     </gpxtpx:TrackPointExtension>
    </extensions>
   </trkpt>
   <trkpt lat="49.2711850" lon="-123.1452600">
    <ele>11.4</ele>
    <time>2026-04-19T17:12:20Z</time>
    <extensions>
     <power>142</power>
     <gpxtpx:TrackPointExtension>
      <gpxtpx:hr>170</gpxtpx:hr>
     </gpxtpx:TrackPointExtension>
    </extensions>
   </trkpt>
   <trkpt lat="49.2711730" lon="-123.1452590">
    <ele>11.4</ele>
    <time>2026-04-19T17:12:21Z</time>
    <extensions>
     <power>142</power>
     <gpxtpx:TrackPointExtension>
      <gpxtpx:hr>170</gpxtpx:hr>
     </gpxtpx:TrackPointExtension>
    </extensions>
   </trkpt>
   <trkpt lat="49.2711620" lon="-123.1452590">
    <ele>11.4</ele>
    <time>2026-04-19T17:12:22Z</time>
    <extensions>
     <power>122</power>
     <gpxtpx:TrackPointExtension>
      <gpxtpx:hr>170</gpxtpx:hr>
     </gpxtpx:TrackPointExtension>
    </extensions>
   </trkpt>
   <trkpt lat="49.2711450" lon="-123.1452590">
    <ele>11.4</ele>
    <time>2026-04-19T17:12:23Z</time>
    <extensions>
     <power>122</power>
     <gpxtpx:TrackPointExtension>
      <gpxtpx:hr>170</gpxtpx:hr>
     </gpxtpx:TrackPointExtension>
    </extensions>
   </trkpt>
   <trkpt lat="49.2711300" lon="-123.1452600">
    <ele>11.4</ele>
    <time>2026-04-19T17:12:24Z</time>
    <extensions>
     <power>70</power>
     <gpxtpx:TrackPointExtension>
      <gpxtpx:hr>170</gpxtpx:hr>
     </gpxtpx:TrackPointExtension>
    </extensions>
   </trkpt>
   <trkpt lat="49.2711040" lon="-123.1452620">
    <ele>11.4</ele>
    <time>2026-04-19T17:12:25Z</time>
    <extensions>
     <power>70</power>
     <gpxtpx:TrackPointExtension>
      <gpxtpx:hr>170</gpxtpx:hr>
     </gpxtpx:TrackPointExtension>
    </extensions>
   </trkpt>
   <trkpt lat="49.2710930" lon="-123.1452630">
    <ele>11.2</ele>
    <time>2026-04-19T17:12:26Z</time>
    <extensions>
     <power>70</power>
     <gpxtpx:TrackPointExtension>
      <gpxtpx:hr>170</gpxtpx:hr>
     </gpxtpx:TrackPointExtension>
    </extensions>
   </trkpt>
   <trkpt lat="49.2710830" lon="-123.1452630">
    <ele>11.2</ele>
    <time>2026-04-19T17:12:27Z</time>
    <extensions>
     <power>82</power>
     <gpxtpx:TrackPointExtension>
      <gpxtpx:hr>170</gpxtpx:hr>
     </gpxtpx:TrackPointExtension>
    </extensions>
   </trkpt>
   <trkpt lat="49.2710600" lon="-123.1452670">
    <ele>11.2</ele>
    <time>2026-04-19T17:12:28Z</time>
    <extensions>
     <power>82</power>
     <gpxtpx:TrackPointExtension>
      <gpxtpx:hr>170</gpxtpx:hr>
     </gpxtpx:TrackPointExtension>
    </extensions>
   </trkpt>
   <trkpt lat="49.2710520" lon="-123.1452680">
    <ele>11.2</ele>
    <time>2026-04-19T17:12:29Z</time>
    <extensions>
     <power>80</power>
     <gpxtpx:TrackPointExtension>
      <gpxtpx:hr>171</gpxtpx:hr>
     </gpxtpx:TrackPointExtension>
    </extensions>
   </trkpt>
   <trkpt lat="49.2710240" lon="-123.1452710">
    <ele>11.2</ele>
    <time>2026-04-19T17:12:30Z</time>
    <extensions>
     <power>80</power>
     <gpxtpx:TrackPointExtension>
      <gpxtpx:hr>171</gpxtpx:hr>
     </gpxtpx:TrackPointExtension>
    </extensions>
   </trkpt>
   <trkpt lat="49.2710120" lon="-123.1452720">
    <ele>11.2</ele>
    <time>2026-04-19T17:12:31Z</time>
    <extensions>
     <power>80</power>
     <gpxtpx:TrackPointExtension>
      <gpxtpx:hr>171</gpxtpx:hr>
     </gpxtpx:TrackPointExtension>
    </extensions>
   </trkpt>
   <trkpt lat="49.2710000" lon="-123.1452720">
    <ele>11.2</ele>
    <time>2026-04-19T17:12:32Z</time>
    <extensions>
     <power>88</power>
     <gpxtpx:TrackPointExtension>
      <gpxtpx:hr>171</gpxtpx:hr>
     </gpxtpx:TrackPointExtension>
    </extensions>
   </trkpt>
   <trkpt lat="49.2709710" lon="-123.1452730">
    <ele>11.2</ele>
    <time>2026-04-19T17:12:33Z</time>
    <extensions>
     <power>88</power>
     <gpxtpx:TrackPointExtension>
      <gpxtpx:hr>169</gpxtpx:hr>
     </gpxtpx:TrackPointExtension>
    </extensions>
   </trkpt>
   <trkpt lat="49.2709610" lon="-123.1452730">
    <ele>11.4</ele>
    <time>2026-04-19T17:12:34Z</time>
    <extensions>
     <power>129</power>
     <gpxtpx:TrackPointExtension>
      <gpxtpx:hr>169</gpxtpx:hr>
     </gpxtpx:TrackPointExtension>
    </extensions>
   </trkpt>
   <trkpt lat="49.2709420" lon="-123.1452730">
    <ele>11.4</ele>
    <time>2026-04-19T17:12:35Z</time>
    <extensions>
     <power>129</power>
     <gpxtpx:TrackPointExtension>
      <gpxtpx:hr>169</gpxtpx:hr>
     </gpxtpx:TrackPointExtension>
    </extensions>
   </trkpt>
   <trkpt lat="49.2709230" lon="-123.1452740">
    <ele>11.4</ele>
    <time>2026-04-19T17:12:36Z</time>
    <extensions>
     <power>129</power>
     <gpxtpx:TrackPointExtension>
      <gpxtpx:hr>169</gpxtpx:hr>
     </gpxtpx:TrackPointExtension>
    </extensions>
   </trkpt>
   <trkpt lat="49.2709040" lon="-123.1452760">
    <ele>11.4</ele>
    <time>2026-04-19T17:12:37Z</time>
    <extensions>
     <power>132</power>
     <gpxtpx:TrackPointExtension>
      <gpxtpx:hr>169</gpxtpx:hr>
     </gpxtpx:TrackPointExtension>
    </extensions>
   </trkpt>
   <trkpt lat="49.2708750" lon="-123.1452770">
    <ele>11.4</ele>
    <time>2026-04-19T17:12:38Z</time>
    <extensions>
     <power>132</power>
     <gpxtpx:TrackPointExtension>
      <gpxtpx:hr>169</gpxtpx:hr>
     </gpxtpx:TrackPointExtension>
    </extensions>
   </trkpt>
   <trkpt lat="49.2708650" lon="-123.1452770">
    <ele>11.4</ele>
    <time>2026-04-19T17:12:39Z</time>
    <extensions>
     <power>134</power>
     <gpxtpx:TrackPointExtension>
      <gpxtpx:hr>169</gpxtpx:hr>
     </gpxtpx:TrackPointExtension>
    </extensions>
   </trkpt>
   <trkpt lat="49.2708320" lon="-123.1452760">
    <ele>11.4</ele>
    <time>2026-04-19T17:12:40Z</time>
    <extensions>
     <power>134</power>
     <gpxtpx:TrackPointExtension>
      <gpxtpx:hr>168</gpxtpx:hr>
     </gpxtpx:TrackPointExtension>
    </extensions>
   </trkpt>
   <trkpt lat="49.2708180" lon="-123.1452750">
    <ele>11.4</ele>
    <time>2026-04-19T17:12:41Z</time>
    <extensions>
     <power>134</power>
     <gpxtpx:TrackPointExtension>
      <gpxtpx:hr>168</gpxtpx:hr>
     </gpxtpx:TrackPointExtension>
    </extensions>
   </trkpt>
   <trkpt lat="49.2708050" lon="-123.1452750">
    <ele>11.4</ele>
    <time>2026-04-19T17:12:42Z</time>
    <extensions>
     <power>123</power>
     <gpxtpx:TrackPointExtension>
      <gpxtpx:hr>168</gpxtpx:hr>
     </gpxtpx:TrackPointExtension>
    </extensions>
   </trkpt>
   <trkpt lat="49.2707740" lon="-123.1452790">
    <ele>11.4</ele>
    <time>2026-04-19T17:12:43Z</time>
    <extensions>
     <power>123</power>
     <gpxtpx:TrackPointExtension>
      <gpxtpx:hr>168</gpxtpx:hr>
     </gpxtpx:TrackPointExtension>
    </extensions>
   </trkpt>
   <trkpt lat="49.2707610" lon="-123.1452800">
    <ele>11.4</ele>
    <time>2026-04-19T17:12:44Z</time>
    <extensions>
     <power>123</power>
     <gpxtpx:TrackPointExtension>
      <gpxtpx:hr>168</gpxtpx:hr>
     </gpxtpx:TrackPointExtension>
    </extensions>
   </trkpt>
   <trkpt lat="49.2707490" lon="-123.1452820">
    <ele>11.4</ele>
    <time>2026-04-19T17:12:45Z</time>
    <extensions>
     <power>125</power>
     <gpxtpx:TrackPointExtension>
      <gpxtpx:hr>167</gpxtpx:hr>
     </gpxtpx:TrackPointExtension>
    </extensions>
   </trkpt>
   <trkpt lat="49.2707240" lon="-123.1452890">
    <ele>11.4</ele>
    <time>2026-04-19T17:12:46Z</time>
    <extensions>
     <power>125</power>
     <gpxtpx:TrackPointExtension>
      <gpxtpx:hr>167</gpxtpx:hr>
     </gpxtpx:TrackPointExtension>
    </extensions>
   </trkpt>
   <trkpt lat="49.2707150" lon="-123.1452920">
    <ele>11.4</ele>
    <time>2026-04-19T17:12:47Z</time>
    <extensions>
     <power>128</power>
     <gpxtpx:TrackPointExtension>
      <gpxtpx:hr>167</gpxtpx:hr>
     </gpxtpx:TrackPointExtension>
    </extensions>
   </trkpt>
   <trkpt lat="49.2706990" lon="-123.1453020">
    <ele>11.4</ele>
    <time>2026-04-19T17:12:48Z</time>
    <extensions>
     <power>128</power>
     <gpxtpx:TrackPointExtension>
      <gpxtpx:hr>167</gpxtpx:hr>
     </gpxtpx:TrackPointExtension>
    </extensions>
   </trkpt>
   <trkpt lat="49.2706860" lon="-123.1453160">
    <ele>11.4</ele>
    <time>2026-04-19T17:12:49Z</time>
    <extensions>
     <power>128</power>
     <gpxtpx:TrackPointExtension>
      <gpxtpx:hr>167</gpxtpx:hr>
     </gpxtpx:TrackPointExtension>
    </extensions>
   </trkpt>
   <trkpt lat="49.2706730" lon="-123.1453320">
    <ele>11.4</ele>
    <time>2026-04-19T17:12:50Z</time>
    <extensions>
     <power>127</power>
     <gpxtpx:TrackPointExtension>
      <gpxtpx:hr>167</gpxtpx:hr>
     </gpxtpx:TrackPointExtension>
    </extensions>
   </trkpt>
   <trkpt lat="49.2706530" lon="-123.1453530">
    <ele>11.4</ele>
    <time>2026-04-19T17:12:51Z</time>
    <extensions>
     <power>127</power>
     <gpxtpx:TrackPointExtension>
      <gpxtpx:hr>167</gpxtpx:hr>
     </gpxtpx:TrackPointExtension>
    </extensions>
   </trkpt>
   <trkpt lat="49.2706450" lon="-123.1453590">
    <ele>11.4</ele>
    <time>2026-04-19T17:12:52Z</time>
    <extensions>
     <power>129</power>
     <gpxtpx:TrackPointExtension>
      <gpxtpx:hr>167</gpxtpx:hr>
     </gpxtpx:TrackPointExtension>
    </extensions>
   </trkpt>
   <trkpt lat="49.2706160" lon="-123.1453690">
    <ele>11.4</ele>
    <time>2026-04-19T17:12:53Z</time>
    <extensions>
     <power>129</power>
     <gpxtpx:TrackPointExtension>
      <gpxtpx:hr>167</gpxtpx:hr>
     </gpxtpx:TrackPointExtension>
    </extensions>
   </trkpt>
   <trkpt lat="49.2706040" lon="-123.1453720">
    <ele>11.4</ele>
    <time>2026-04-19T17:12:54Z</time>
    <extensions>
     <power>129</power>
     <gpxtpx:TrackPointExtension>
      <gpxtpx:hr>168</gpxtpx:hr>
     </gpxtpx:TrackPointExtension>
    </extensions>
   </trkpt>
   <trkpt lat="49.2705920" lon="-123.1453760">
    <ele>11.4</ele>
    <time>2026-04-19T17:12:55Z</time>
    <extensions>
     <power>132</power>
     <gpxtpx:TrackPointExtension>
      <gpxtpx:hr>168</gpxtpx:hr>
     </gpxtpx:TrackPointExtension>
    </extensions>
   </trkpt>
   <trkpt lat="49.2705650" lon="-123.1453820">
    <ele>11.4</ele>
    <time>2026-04-19T17:12:56Z</time>
    <extensions>
     <power>132</power>
     <gpxtpx:TrackPointExtension>
      <gpxtpx:hr>168</gpxtpx:hr>
     </gpxtpx:TrackPointExtension>
    </extensions>
   </trkpt>
   <trkpt lat="49.2705560" lon="-123.1453840">
    <ele>11.4</ele>
    <time>2026-04-19T17:12:57Z</time>
    <extensions>
     <power>131</power>
     <gpxtpx:TrackPointExtension>
      <gpxtpx:hr>167</gpxtpx:hr>
     </gpxtpx:TrackPointExtension>
    </extensions>
   </trkpt>
   <trkpt lat="49.2705240" lon="-123.1453910">
    <ele>11.4</ele>
    <time>2026-04-19T17:12:58Z</time>
    <extensions>
     <power>131</power>
     <gpxtpx:TrackPointExtension>
      <gpxtpx:hr>167</gpxtpx:hr>
     </gpxtpx:TrackPointExtension>
    </extensions>
   </trkpt>
   <trkpt lat="49.2705120" lon="-123.1453930">
    <ele>11.6</ele>
    <time>2026-04-19T17:12:59Z</time>
    <extensions>
     <power>131</power>
     <gpxtpx:TrackPointExtension>
      <gpxtpx:hr>167</gpxtpx:hr>
     </gpxtpx:TrackPointExtension>
    </extensions>
   </trkpt>
   <trkpt lat="49.2704990" lon="-123.1453960">
    <ele>11.6</ele>
    <time>2026-04-19T17:13:00Z</time>
    <extensions>
     <power>132</power>
     <gpxtpx:TrackPointExtension>
      <gpxtpx:hr>167</gpxtpx:hr>
     </gpxtpx:TrackPointExtension>
    </extensions>
   </trkpt>
   <trkpt lat="49.2704690" lon="-123.1453990">
    <ele>11.6</ele>
    <time>2026-04-19T17:13:01Z</time>
    <extensions>
     <power>132</power>
     <gpxtpx:TrackPointExtension>
      <gpxtpx:hr>167</gpxtpx:hr>
     </gpxtpx:TrackPointExtension>
    </extensions>
   </trkpt>
   <trkpt lat="49.2704590" lon="-123.1454000">
    <ele>11.6</ele>
    <time>2026-04-19T17:13:02Z</time>
    <extensions>
     <power>144</power>
     <gpxtpx:TrackPointExtension>
      <gpxtpx:hr>167</gpxtpx:hr>
     </gpxtpx:TrackPointExtension>
    </extensions>
   </trkpt>
   <trkpt lat="49.2704240" lon="-123.1454020">
    <ele>11.8</ele>
    <time>2026-04-19T17:13:03Z</time>
    <extensions>
     <power>144</power>
     <gpxtpx:TrackPointExtension>
      <gpxtpx:hr>167</gpxtpx:hr>
     </gpxtpx:TrackPointExtension>
    </extensions>
   </trkpt>
   <trkpt lat="49.2704090" lon="-123.1454030">
    <ele>11.8</ele>
    <time>2026-04-19T17:13:04Z</time>
    <extensions>
     <power>144</power>
     <gpxtpx:TrackPointExtension>
      <gpxtpx:hr>167</gpxtpx:hr>
     </gpxtpx:TrackPointExtension>
    </extensions>
   </trkpt>
   <trkpt lat="49.2703950" lon="-123.1454040">
    <ele>11.8</ele>
    <time>2026-04-19T17:13:05Z</time>
    <extensions>
     <power>147</power>
     <gpxtpx:TrackPointExtension>
      <gpxtpx:hr>166</gpxtpx:hr>
     </gpxtpx:TrackPointExtension>
    </extensions>
   </trkpt>
   <trkpt lat="49.2703610" lon="-123.1454050">
    <ele>11.8</ele>
    <time>2026-04-19T17:13:06Z</time>
    <extensions>
     <power>147</power>
     <gpxtpx:TrackPointExtension>
      <gpxtpx:hr>166</gpxtpx:hr>
     </gpxtpx:TrackPointExtension>
    </extensions>
   </trkpt>
   <trkpt lat="49.2703480" lon="-123.1454040">
    <ele>11.8</ele>
    <time>2026-04-19T17:13:07Z</time>
    <extensions>
     <power>147</power>
     <gpxtpx:TrackPointExtension>
      <gpxtpx:hr>166</gpxtpx:hr>
     </gpxtpx:TrackPointExtension>
    </extensions>
   </trkpt>
   <trkpt lat="49.2703350" lon="-123.1454040">
    <ele>11.8</ele>
    <time>2026-04-19T17:13:08Z</time>
    <extensions>
     <power>148</power>
     <gpxtpx:TrackPointExtension>
      <gpxtpx:hr>166</gpxtpx:hr>
     </gpxtpx:TrackPointExtension>
    </extensions>
   </trkpt>
   <trkpt lat="49.2703070" lon="-123.1454050">
    <ele>11.8</ele>
    <time>2026-04-19T17:13:09Z</time>
    <extensions>
     <power>148</power>
     <gpxtpx:TrackPointExtension>
      <gpxtpx:hr>166</gpxtpx:hr>
     </gpxtpx:TrackPointExtension>
    </extensions>
   </trkpt>
   <trkpt lat="49.2702980" lon="-123.1454050">
    <ele>11.8</ele>
    <time>2026-04-19T17:13:10Z</time>
    <extensions>
     <power>142</power>
     <gpxtpx:TrackPointExtension>
      <gpxtpx:hr>164</gpxtpx:hr>
     </gpxtpx:TrackPointExtension>
    </extensions>
   </trkpt>
   <trkpt lat="49.2702660" lon="-123.1454060">
    <ele>11.8</ele>
    <time>2026-04-19T17:13:11Z</time>
    <extensions>
     <power>142</power>
     <gpxtpx:TrackPointExtension>
      <gpxtpx:hr>164</gpxtpx:hr>
     </gpxtpx:TrackPointExtension>
    </extensions>
   </trkpt>
   <trkpt lat="49.2702540" lon="-123.1454060">
    <ele>11.8</ele>
    <time>2026-04-19T17:13:12Z</time>
    <extensions>
     <power>142</power>
     <gpxtpx:TrackPointExtension>
      <gpxtpx:hr>164</gpxtpx:hr>
     </gpxtpx:TrackPointExtension>
    </extensions>
   </trkpt>
   <trkpt lat="49.2702410" lon="-123.1454060">
    <ele>11.8</ele>
    <time>2026-04-19T17:13:13Z</time>
    <extensions>
     <power>124</power>
     <gpxtpx:TrackPointExtension>
      <gpxtpx:hr>164</gpxtpx:hr>
     </gpxtpx:TrackPointExtension>
    </extensions>
   </trkpt>
   <trkpt lat="49.2702140" lon="-123.1454080">
    <ele>11.8</ele>
    <time>2026-04-19T17:13:14Z</time>
    <extensions>
     <power>124</power>
     <gpxtpx:TrackPointExtension>
      <gpxtpx:hr>164</gpxtpx:hr>
     </gpxtpx:TrackPointExtension>
    </extensions>
   </trkpt>
   <trkpt lat="49.2702050" lon="-123.1454080">
    <ele>11.8</ele>
    <time>2026-04-19T17:13:15Z</time>
    <extensions>
     <power>124</power>
     <gpxtpx:TrackPointExtension>
      <gpxtpx:hr>164</gpxtpx:hr>
     </gpxtpx:TrackPointExtension>
    </extensions>
   </trkpt>
   <trkpt lat="49.2701780" lon="-123.1454050">
    <ele>11.8</ele>
    <time>2026-04-19T17:13:16Z</time>
    <extensions>
     <power>124</power>
     <gpxtpx:TrackPointExtension>
      <gpxtpx:hr>164</gpxtpx:hr>
     </gpxtpx:TrackPointExtension>
    </extensions>
   </trkpt>
   <trkpt lat="49.2701680" lon="-123.1454030">
    <ele>11.8</ele>
    <time>2026-04-19T17:13:17Z</time>
    <extensions>
     <power>124</power>
     <gpxtpx:TrackPointExtension>
      <gpxtpx:hr>164</gpxtpx:hr>
     </gpxtpx:TrackPointExtension>
    </extensions>
   </trkpt>
   <trkpt lat="49.2701570" lon="-123.1454000">
    <ele>11.8</ele>
    <time>2026-04-19T17:13:18Z</time>
    <extensions>
     <power>52</power>
     <gpxtpx:TrackPointExtension>
      <gpxtpx:hr>164</gpxtpx:hr>
     </gpxtpx:TrackPointExtension>
    </extensions>
   </trkpt>
   <trkpt lat="49.2701300" lon="-123.1453940">
    <ele>11.8</ele>
    <time>2026-04-19T17:13:19Z</time>
    <extensions>
     <power>52</power>
     <gpxtpx:TrackPointExtension>
      <gpxtpx:hr>163</gpxtpx:hr>
     </gpxtpx:TrackPointExtension>
    </extensions>
   </trkpt>
   <trkpt lat="49.2701210" lon="-123.1453930">
    <ele>11.8</ele>
    <time>2026-04-19T17:13:20Z</time>
    <extensions>
     <power>144</power>
     <gpxtpx:TrackPointExtension>
      <gpxtpx:hr>163</gpxtpx:hr>
     </gpxtpx:TrackPointExtension>
    </extensions>
   </trkpt>
   <trkpt lat="49.2700920" lon="-123.1453960">
    <ele>11.8</ele>
    <time>2026-04-19T17:13:21Z</time>
    <extensions>
     <power>144</power>
     <gpxtpx:TrackPointExtension>
      <gpxtpx:hr>163</gpxtpx:hr>
     </gpxtpx:TrackPointExtension>
    </extensions>
   </trkpt>
   <trkpt lat="49.2700800" lon="-123.1453990">
    <ele>11.8</ele>
    <time>2026-04-19T17:13:22Z</time>
    <extensions>
     <power>144</power>
     <gpxtpx:TrackPointExtension>
      <gpxtpx:hr>163</gpxtpx:hr>
     </gpxtpx:TrackPointExtension>
    </extensions>
   </trkpt>
   <trkpt lat="49.2700680" lon="-123.1454020">
    <ele>11.8</ele>
    <time>2026-04-19T17:13:23Z</time>
    <extensions>
     <power>143</power>
     <gpxtpx:TrackPointExtension>
      <gpxtpx:hr>163</gpxtpx:hr>
     </gpxtpx:TrackPointExtension>
    </extensions>
   </trkpt>
   <trkpt lat="49.2700390" lon="-123.1454140">
    <ele>11.8</ele>
    <time>2026-04-19T17:13:24Z</time>
    <extensions>
     <power>143</power>
     <gpxtpx:TrackPointExtension>
      <gpxtpx:hr>160</gpxtpx:hr>
     </gpxtpx:TrackPointExtension>
    </extensions>
   </trkpt>
   <trkpt lat="49.2700290" lon="-123.1454170">
    <ele>11.8</ele>
    <time>2026-04-19T17:13:25Z</time>
    <extensions>
     <power>150</power>
     <gpxtpx:TrackPointExtension>
      <gpxtpx:hr>160</gpxtpx:hr>
     </gpxtpx:TrackPointExtension>
    </extensions>
   </trkpt>
   <trkpt lat="49.2699960" lon="-123.1454250">
    <ele>11.8</ele>
    <time>2026-04-19T17:13:26Z</time>
    <extensions>
     <power>150</power>
     <gpxtpx:TrackPointExtension>
      <gpxtpx:hr>159</gpxtpx:hr>
     </gpxtpx:TrackPointExtension>
    </extensions>
   </trkpt>
   <trkpt lat="49.2699820" lon="-123.1454290">
    <ele>11.8</ele>
    <time>2026-04-19T17:13:27Z</time>
    <extensions>
     <power>150</power>
     <gpxtpx:TrackPointExtension>
      <gpxtpx:hr>159</gpxtpx:hr>
     </gpxtpx:TrackPointExtension>
    </extensions>
   </trkpt>
   <trkpt lat="49.2699690" lon="-123.1454320">
    <ele>11.8</ele>
    <time>2026-04-19T17:13:28Z</time>
    <extensions>
     <power>152</power>
     <gpxtpx:TrackPointExtension>
      <gpxtpx:hr>159</gpxtpx:hr>
     </gpxtpx:TrackPointExtension>
    </extensions>
   </trkpt>
   <trkpt lat="49.2699490" lon="-123.1454350">
    <ele>12.0</ele>
    <time>2026-04-19T17:13:29Z</time>
    <extensions>
     <power>152</power>
     <gpxtpx:TrackPointExtension>
      <gpxtpx:hr>159</gpxtpx:hr>
     </gpxtpx:TrackPointExtension>
    </extensions>
   </trkpt>
   <trkpt lat="49.2699290" lon="-123.1454350">
    <ele>12.0</ele>
    <time>2026-04-19T17:13:30Z</time>
    <extensions>
     <power>152</power>
     <gpxtpx:TrackPointExtension>
      <gpxtpx:hr>158</gpxtpx:hr>
     </gpxtpx:TrackPointExtension>
    </extensions>
   </trkpt>
   <trkpt lat="49.2699100" lon="-123.1454310">
    <ele>12.0</ele>
    <time>2026-04-19T17:13:31Z</time>
    <extensions>
     <power>152</power>
     <gpxtpx:TrackPointExtension>
      <gpxtpx:hr>158</gpxtpx:hr>
     </gpxtpx:TrackPointExtension>
    </extensions>
   </trkpt>
   <trkpt lat="49.2698830" lon="-123.1454230">
    <ele>12.0</ele>
    <time>2026-04-19T17:13:32Z</time>
    <extensions>
     <power>152</power>
     <gpxtpx:TrackPointExtension>
      <gpxtpx:hr>158</gpxtpx:hr>
     </gpxtpx:TrackPointExtension>
    </extensions>
   </trkpt>
   <trkpt lat="49.2698740" lon="-123.1454210">
    <ele>12.0</ele>
    <time>2026-04-19T17:13:33Z</time>
    <extensions>
     <power>149</power>
     <gpxtpx:TrackPointExtension>
      <gpxtpx:hr>158</gpxtpx:hr>
     </gpxtpx:TrackPointExtension>
    </extensions>
   </trkpt>
   <trkpt lat="49.2698420" lon="-123.1454180">
    <ele>12.2</ele>
    <time>2026-04-19T17:13:34Z</time>
    <extensions>
     <power>149</power>
     <gpxtpx:TrackPointExtension>
      <gpxtpx:hr>158</gpxtpx:hr>
     </gpxtpx:TrackPointExtension>
    </extensions>
   </trkpt>
   <trkpt lat="49.2698300" lon="-123.1454170">
    <ele>12.2</ele>
    <time>2026-04-19T17:13:35Z</time>
    <extensions>
     <power>149</power>
     <gpxtpx:TrackPointExtension>
      <gpxtpx:hr>158</gpxtpx:hr>
     </gpxtpx:TrackPointExtension>
    </extensions>
   </trkpt>
   <trkpt lat="49.2698170" lon="-123.1454160">
    <ele>12.2</ele>
    <time>2026-04-19T17:13:36Z</time>
    <extensions>
     <power>153</power>
     <gpxtpx:TrackPointExtension>
      <gpxtpx:hr>158</gpxtpx:hr>
     </gpxtpx:TrackPointExtension>
    </extensions>
   </trkpt>
   <trkpt lat="49.2697890" lon="-123.1454150">
    <ele>12.2</ele>
    <time>2026-04-19T17:13:37Z</time>
    <extensions>
     <power>153</power>
     <gpxtpx:TrackPointExtension>
      <gpxtpx:hr>158</gpxtpx:hr>
     </gpxtpx:TrackPointExtension>
    </extensions>
   </trkpt>
   <trkpt lat="49.2697800" lon="-123.1454150">
    <ele>12.2</ele>
    <time>2026-04-19T17:13:38Z</time>
    <extensions>
     <power>148</power>
     <gpxtpx:TrackPointExtension>
      <gpxtpx:hr>158</gpxtpx:hr>
     </gpxtpx:TrackPointExtension>
    </extensions>
   </trkpt>
   <trkpt lat="49.2697500" lon="-123.1454210">
    <ele>12.2</ele>
    <time>2026-04-19T17:13:39Z</time>
    <extensions>
     <power>148</power>
     <gpxtpx:TrackPointExtension>
      <gpxtpx:hr>158</gpxtpx:hr>
     </gpxtpx:TrackPointExtension>
    </extensions>
   </trkpt>
   <trkpt lat="49.2697390" lon="-123.1454240">
    <ele>12.2</ele>
    <time>2026-04-19T17:13:40Z</time>
    <extensions>
     <power>148</power>
     <gpxtpx:TrackPointExtension>
      <gpxtpx:hr>158</gpxtpx:hr>
     </gpxtpx:TrackPointExtension>
    </extensions>
   </trkpt>
   <trkpt lat="49.2697270" lon="-123.1454270">
    <ele>12.2</ele>
    <time>2026-04-19T17:13:41Z</time>
    <extensions>
     <power>142</power>
     <gpxtpx:TrackPointExtension>
      <gpxtpx:hr>158</gpxtpx:hr>
     </gpxtpx:TrackPointExtension>
    </extensions>
   </trkpt>
   <trkpt lat="49.2697000" lon="-123.1454250">
    <ele>12.0</ele>
    <time>2026-04-19T17:13:42Z</time>
    <extensions>
     <power>142</power>
     <gpxtpx:TrackPointExtension>
      <gpxtpx:hr>160</gpxtpx:hr>
     </gpxtpx:TrackPointExtension>
    </extensions>
   </trkpt>
   <trkpt lat="49.2696900" lon="-123.1454230">
    <ele>12.0</ele>
    <time>2026-04-19T17:13:43Z</time>
    <extensions>
     <power>144</power>
     <gpxtpx:TrackPointExtension>
      <gpxtpx:hr>160</gpxtpx:hr>
     </gpxtpx:TrackPointExtension>
    </extensions>
   </trkpt>
   <trkpt lat="49.2696560" lon="-123.1454180">
    <ele>12.0</ele>
    <time>2026-04-19T17:13:44Z</time>
    <extensions>
     <power>144</power>
     <gpxtpx:TrackPointExtension>
      <gpxtpx:hr>160</gpxtpx:hr>
     </gpxtpx:TrackPointExtension>
    </extensions>
   </trkpt>
   <trkpt lat="49.2696430" lon="-123.1454180">
    <ele>12.0</ele>
    <time>2026-04-19T17:13:45Z</time>
    <extensions>
     <power>144</power>
     <gpxtpx:TrackPointExtension>
      <gpxtpx:hr>160</gpxtpx:hr>
     </gpxtpx:TrackPointExtension>
    </extensions>
   </trkpt>
   <trkpt lat="49.2696290" lon="-123.1454190">
    <ele>12.0</ele>
    <time>2026-04-19T17:13:46Z</time>
    <extensions>
     <power>145</power>
     <gpxtpx:TrackPointExtension>
      <gpxtpx:hr>159</gpxtpx:hr>
     </gpxtpx:TrackPointExtension>
    </extensions>
   </trkpt>
   <trkpt lat="49.2696010" lon="-123.1454250">
    <ele>12.2</ele>
    <time>2026-04-19T17:13:47Z</time>
    <extensions>
     <power>145</power>
     <gpxtpx:TrackPointExtension>
      <gpxtpx:hr>159</gpxtpx:hr>
     </gpxtpx:TrackPointExtension>
    </extensions>
   </trkpt>
   <trkpt lat="49.2695910" lon="-123.1454270">
    <ele>12.2</ele>
    <time>2026-04-19T17:13:48Z</time>
    <extensions>
     <power>146</power>
     <gpxtpx:TrackPointExtension>
      <gpxtpx:hr>159</gpxtpx:hr>
     </gpxtpx:TrackPointExtension>
    </extensions>
   </trkpt>
   <trkpt lat="49.2695570" lon="-123.1454300">
    <ele>12.2</ele>
    <time>2026-04-19T17:13:49Z</time>
    <extensions>
     <power>146</power>
     <gpxtpx:TrackPointExtension>
      <gpxtpx:hr>159</gpxtpx:hr>
     </gpxtpx:TrackPointExtension>
    </extensions>
   </trkpt>
   <trkpt lat="49.2695430" lon="-123.1454300">
    <ele>12.2</ele>
    <time>2026-04-19T17:13:50Z</time>
    <extensions>
     <power>146</power>
     <gpxtpx:TrackPointExtension>
      <gpxtpx:hr>159</gpxtpx:hr>
     </gpxtpx:TrackPointExtension>
    </extensions>
   </trkpt>
   <trkpt lat="49.2695300" lon="-123.1454300">
    <ele>12.4</ele>
    <time>2026-04-19T17:13:51Z</time>
    <extensions>
     <power>148</power>
     <gpxtpx:TrackPointExtension>
      <gpxtpx:hr>156</gpxtpx:hr>
     </gpxtpx:TrackPointExtension>
    </extensions>
   </trkpt>
   <trkpt lat="49.2694980" lon="-123.1454290">
    <ele>12.4</ele>
    <time>2026-04-19T17:13:52Z</time>
    <extensions>
     <power>148</power>
     <gpxtpx:TrackPointExtension>
      <gpxtpx:hr>156</gpxtpx:hr>
     </gpxtpx:TrackPointExtension>
    </extensions>
   </trkpt>
   <trkpt lat="49.2694860" lon="-123.1454280">
    <ele>12.4</ele>
    <time>2026-04-19T17:13:53Z</time>
    <extensions>
     <power>148</power>
     <gpxtpx:TrackPointExtension>
      <gpxtpx:hr>156</gpxtpx:hr>
     </gpxtpx:TrackPointExtension>
    </extensions>
   </trkpt>
   <trkpt lat="49.2694730" lon="-123.1454280">
    <ele>12.6</ele>
    <time>2026-04-19T17:13:54Z</time>
    <extensions>
     <power>147</power>
     <gpxtpx:TrackPointExtension>
      <gpxtpx:hr>156</gpxtpx:hr>
     </gpxtpx:TrackPointExtension>
    </extensions>
   </trkpt>
   <trkpt lat="49.2694410" lon="-123.1454320">
    <ele>12.6</ele>
    <time>2026-04-19T17:13:55Z</time>
    <extensions>
     <power>147</power>
     <gpxtpx:TrackPointExtension>
      <gpxtpx:hr>156</gpxtpx:hr>
     </gpxtpx:TrackPointExtension>
    </extensions>
   </trkpt>
   <trkpt lat="49.2694310" lon="-123.1454330">
    <ele>12.6</ele>
    <time>2026-04-19T17:13:56Z</time>
    <extensions>
     <power>141</power>
     <gpxtpx:TrackPointExtension>
      <gpxtpx:hr>156</gpxtpx:hr>
     </gpxtpx:TrackPointExtension>
    </extensions>
   </trkpt>
   <trkpt lat="49.2693990" lon="-123.1454340">
    <ele>12.6</ele>
    <time>2026-04-19T17:13:57Z</time>
    <extensions>
     <power>141</power>
     <gpxtpx:TrackPointExtension>
      <gpxtpx:hr>156</gpxtpx:hr>
     </gpxtpx:TrackPointExtension>
    </extensions>
   </trkpt>
   <trkpt lat="49.2693880" lon="-123.1454340">
    <ele>12.8</ele>
    <time>2026-04-19T17:13:58Z</time>
    <extensions>
     <power>141</power>
     <gpxtpx:TrackPointExtension>
      <gpxtpx:hr>157</gpxtpx:hr>
     </gpxtpx:TrackPointExtension>
    </extensions>
   </trkpt>
   <trkpt lat="49.2693760" lon="-123.1454330">
    <ele>12.8</ele>
    <time>2026-04-19T17:13:59Z</time>
    <extensions>
     <power>149</power>
     <gpxtpx:TrackPointExtension>
      <gpxtpx:hr>157</gpxtpx:hr>
     </gpxtpx:TrackPointExtension>
    </extensions>
   </trkpt>
   <trkpt lat="49.2693480" lon="-123.1454260">
    <ele>12.8</ele>
    <time>2026-04-19T17:14:00Z</time>
    <extensions>
     <power>149</power>
     <gpxtpx:TrackPointExtension>
      <gpxtpx:hr>157</gpxtpx:hr>
     </gpxtpx:TrackPointExtension>
    </extensions>
   </trkpt>
   <trkpt lat="49.2693380" lon="-123.1454240">
    <ele>12.8</ele>
    <time>2026-04-19T17:14:01Z</time>
    <extensions>
     <power>149</power>
     <gpxtpx:TrackPointExtension>
      <gpxtpx:hr>157</gpxtpx:hr>
     </gpxtpx:TrackPointExtension>
    </extensions>
   </trkpt>
   <trkpt lat="49.2693050" lon="-123.1454200">
    <ele>13.0</ele>
    <time>2026-04-19T17:14:02Z</time>
    <extensions>
     <power>149</power>
     <gpxtpx:TrackPointExtension>
      <gpxtpx:hr>157</gpxtpx:hr>
     </gpxtpx:TrackPointExtension>
    </extensions>
   </trkpt>
   <trkpt lat="49.2692920" lon="-123.1454200">
    <ele>13.0</ele>
    <time>2026-04-19T17:14:03Z</time>
    <extensions>
     <power>149</power>
     <gpxtpx:TrackPointExtension>
      <gpxtpx:hr>157</gpxtpx:hr>
     </gpxtpx:TrackPointExtension>
    </extensions>
   </trkpt>
   <trkpt lat="49.2692790" lon="-123.1454200">
    <ele>13.0</ele>
    <time>2026-04-19T17:14:04Z</time>
    <extensions>
     <power>148</power>
     <gpxtpx:TrackPointExtension>
      <gpxtpx:hr>157</gpxtpx:hr>
     </gpxtpx:TrackPointExtension>
    </extensions>
   </trkpt>
   <trkpt lat="49.2692530" lon="-123.1454260">
    <ele>13.0</ele>
    <time>2026-04-19T17:14:05Z</time>
    <extensions>
     <power>148</power>
     <gpxtpx:TrackPointExtension>
      <gpxtpx:hr>157</gpxtpx:hr>
     </gpxtpx:TrackPointExtension>
    </extensions>
   </trkpt>
   <trkpt lat="49.2692440" lon="-123.1454280">
    <ele>13.2</ele>
    <time>2026-04-19T17:14:06Z</time>
    <extensions>
     <power>138</power>
     <gpxtpx:TrackPointExtension>
      <gpxtpx:hr>157</gpxtpx:hr>
     </gpxtpx:TrackPointExtension>
    </extensions>
   </trkpt>
   <trkpt lat="49.2692130" lon="-123.1454340">
    <ele>13.2</ele>
    <time>2026-04-19T17:14:07Z</time>
    <extensions>
     <power>138</power>
     <gpxtpx:TrackPointExtension>
      <gpxtpx:hr>157</gpxtpx:hr>
     </gpxtpx:TrackPointExtension>
    </extensions>
   </trkpt>
   <trkpt lat="49.2692010" lon="-123.1454360">
    <ele>13.4</ele>
    <time>2026-04-19T17:14:08Z</time>
    <extensions>
     <power>138</power>
     <gpxtpx:TrackPointExtension>
      <gpxtpx:hr>157</gpxtpx:hr>
     </gpxtpx:TrackPointExtension>
    </extensions>
   </trkpt>
   <trkpt lat="49.2691880" lon="-123.1454370">
    <ele>13.4</ele>
    <time>2026-04-19T17:14:09Z</time>
    <extensions>
     <power>140</power>
     <gpxtpx:TrackPointExtension>
      <gpxtpx:hr>163</gpxtpx:hr>
     </gpxtpx:TrackPointExtension>
    </extensions>
   </trkpt>
   <trkpt lat="49.2691550" lon="-123.1454310">
    <ele>13.4</ele>
    <time>2026-04-19T17:14:10Z</time>
    <extensions>
     <power>140</power>
     <gpxtpx:TrackPointExtension>
      <gpxtpx:hr>163</gpxtpx:hr>
     </gpxtpx:TrackPointExtension>
    </extensions>
   </trkpt>
   <trkpt lat="49.2691440" lon="-123.1454300">
    <ele>13.6</ele>
    <time>2026-04-19T17:14:11Z</time>
    <extensions>
     <power>144</power>
     <gpxtpx:TrackPointExtension>
      <gpxtpx:hr>163</gpxtpx:hr>
     </gpxtpx:TrackPointExtension>
    </extensions>
   </trkpt>
   <trkpt lat="49.2691080" lon="-123.1454320">
    <ele>13.6</ele>
    <time>2026-04-19T17:14:12Z</time>
    <extensions>
     <power>144</power>
     <gpxtpx:TrackPointExtension>
      <gpxtpx:hr>163</gpxtpx:hr>
     </gpxtpx:TrackPointExtension>
    </extensions>
   </trkpt>
   <trkpt lat="49.2690950" lon="-123.1454340">
    <ele>13.8</ele>
    <time>2026-04-19T17:14:13Z</time>
    <extensions>
     <power>144</power>
     <gpxtpx:TrackPointExtension>
      <gpxtpx:hr>163</gpxtpx:hr>
     </gpxtpx:TrackPointExtension>
    </extensions>
   </trkpt>
   <trkpt lat="49.2690810" lon="-123.1454360">
    <ele>13.8</ele>
    <time>2026-04-19T17:14:14Z</time>
    <extensions>
     <power>154</power>
     <gpxtpx:TrackPointExtension>
      <gpxtpx:hr>165</gpxtpx:hr>
     </gpxtpx:TrackPointExtension>
    </extensions>
   </trkpt>
   <trkpt lat="49.2690520" lon="-123.1454360">
    <ele>14.0</ele>
    <time>2026-04-19T17:14:15Z</time>
    <extensions>
     <power>154</power>
     <gpxtpx:TrackPointExtension>
      <gpxtpx:hr>165</gpxtpx:hr>
     </gpxtpx:TrackPointExtension>
    </extensions>
   </trkpt>
   <trkpt lat="49.2690410" lon="-123.1454340">
    <ele>14.0</ele>
    <time>2026-04-19T17:14:16Z</time>
    <extensions>
     <power>154</power>
     <gpxtpx:TrackPointExtension>
      <gpxtpx:hr>165</gpxtpx:hr>
     </gpxtpx:TrackPointExtension>
    </extensions>
   </trkpt>
   <trkpt lat="49.2690290" lon="-123.1454330">
    <ele>14.2</ele>
    <time>2026-04-19T17:14:17Z</time>
    <extensions>
     <power>154</power>
     <gpxtpx:TrackPointExtension>
      <gpxtpx:hr>165</gpxtpx:hr>
     </gpxtpx:TrackPointExtension>
    </extensions>
   </trkpt>
   <trkpt lat="49.2690120" lon="-123.1454290">
    <ele>14.2</ele>
    <time>2026-04-19T17:14:18Z</time>
    <extensions>
     <power>154</power>
     <gpxtpx:TrackPointExtension>
      <gpxtpx:hr>165</gpxtpx:hr>
     </gpxtpx:TrackPointExtension>
    </extensions>
   </trkpt>
   <trkpt lat="49.2689970" lon="-123.1454200">
    <ele>14.2</ele>
    <time>2026-04-19T17:14:19Z</time>
    <extensions>
     <power>154</power>
     <gpxtpx:TrackPointExtension>
      <gpxtpx:hr>165</gpxtpx:hr>
     </gpxtpx:TrackPointExtension>
    </extensions>
   </trkpt>
   <trkpt lat="49.2689800" lon="-123.1453860">
    <ele>14.4</ele>
    <time>2026-04-19T17:14:20Z</time>
    <extensions>
     <power>154</power>
     <gpxtpx:TrackPointExtension>
      <gpxtpx:hr>165</gpxtpx:hr>
     </gpxtpx:TrackPointExtension>
    </extensions>
   </trkpt>
   <trkpt lat="49.2689750" lon="-123.1453670">
    <ele>14.4</ele>
    <time>2026-04-19T17:14:21Z</time>
    <extensions>
     <power>154</power>
     <gpxtpx:TrackPointExtension>
      <gpxtpx:hr>165</gpxtpx:hr>
     </gpxtpx:TrackPointExtension>
    </extensions>
   </trkpt>
   <trkpt lat="49.2689710" lon="-123.1453490">
    <ele>14.6</ele>
    <time>2026-04-19T17:14:22Z</time>
    <extensions>
     <power>149</power>
     <gpxtpx:TrackPointExtension>
      <gpxtpx:hr>165</gpxtpx:hr>
     </gpxtpx:TrackPointExtension>
    </extensions>
   </trkpt>
   <trkpt lat="49.2689680" lon="-123.1452960">
    <ele>14.6</ele>
    <time>2026-04-19T17:14:23Z</time>
    <extensions>
     <power>149</power>
     <gpxtpx:TrackPointExtension>
      <gpxtpx:hr>165</gpxtpx:hr>
     </gpxtpx:TrackPointExtension>
    </extensions>
   </trkpt>
   <trkpt lat="49.2689670" lon="-123.1452790">
    <ele>14.6</ele>
    <time>2026-04-19T17:14:24Z</time>
    <extensions>
     <power>166</power>
     <gpxtpx:TrackPointExtension>
      <gpxtpx:hr>165</gpxtpx:hr>
     </gpxtpx:TrackPointExtension>
    </extensions>
   </trkpt>
   <trkpt lat="49.2689630" lon="-123.1452180">
    <ele>14.6</ele>
    <time>2026-04-19T17:14:25Z</time>
    <extensions>
     <power>166</power>
     <gpxtpx:TrackPointExtension>
      <gpxtpx:hr>166</gpxtpx:hr>
     </gpxtpx:TrackPointExtension>
    </extensions>
   </trkpt>
   <trkpt lat="49.2689620" lon="-123.1451940">
    <ele>14.8</ele>
    <time>2026-04-19T17:14:26Z</time>
    <extensions>
     <power>166</power>
     <gpxtpx:TrackPointExtension>
      <gpxtpx:hr>166</gpxtpx:hr>
     </gpxtpx:TrackPointExtension>
    </extensions>
   </trkpt>
   <trkpt lat="49.2689600" lon="-123.1451690">
    <ele>14.8</ele>
    <time>2026-04-19T17:14:27Z</time>
    <extensions>
     <power>191</power>
     <gpxtpx:TrackPointExtension>
      <gpxtpx:hr>166</gpxtpx:hr>
     </gpxtpx:TrackPointExtension>
    </extensions>
   </trkpt>
   <trkpt lat="49.2689600" lon="-123.1451110">
    <ele>14.8</ele>
    <time>2026-04-19T17:14:28Z</time>
    <extensions>
     <power>191</power>
     <gpxtpx:TrackPointExtension>
      <gpxtpx:hr>166</gpxtpx:hr>
     </gpxtpx:TrackPointExtension>
    </extensions>
   </trkpt>
   <trkpt lat="49.2689610" lon="-123.1450900">
    <ele>14.8</ele>
    <time>2026-04-19T17:14:29Z</time>
    <extensions>
     <power>206</power>
     <gpxtpx:TrackPointExtension>
      <gpxtpx:hr>166</gpxtpx:hr>
     </gpxtpx:TrackPointExtension>
    </extensions>
   </trkpt>
   <trkpt lat="49.2689650" lon="-123.1450210">
    <ele>14.8</ele>
    <time>2026-04-19T17:14:30Z</time>
    <extensions>
     <power>206</power>
     <gpxtpx:TrackPointExtension>
      <gpxtpx:hr>166</gpxtpx:hr>
     </gpxtpx:TrackPointExtension>
    </extensions>
   </trkpt>
   <trkpt lat="49.2689660" lon="-123.1449950">
    <ele>14.8</ele>
    <time>2026-04-19T17:14:31Z</time>
    <extensions>
     <power>206</power>
     <gpxtpx:TrackPointExtension>
      <gpxtpx:hr>166</gpxtpx:hr>
     </gpxtpx:TrackPointExtension>
    </extensions>
   </trkpt>
   <trkpt lat="49.2689670" lon="-123.1449680">
    <ele>14.8</ele>
    <time>2026-04-19T17:14:32Z</time>
    <extensions>
     <power>212</power>
     <gpxtpx:TrackPointExtension>
      <gpxtpx:hr>166</gpxtpx:hr>
     </gpxtpx:TrackPointExtension>
    </extensions>
   </trkpt>
   <trkpt lat="49.2689670" lon="-123.1449070">
    <ele>14.6</ele>
    <time>2026-04-19T17:14:33Z</time>
    <extensions>
     <power>212</power>
     <gpxtpx:TrackPointExtension>
      <gpxtpx:hr>166</gpxtpx:hr>
     </gpxtpx:TrackPointExtension>
    </extensions>
   </trkpt>
   <trkpt lat="49.2689670" lon="-123.1448870">
    <ele>14.6</ele>
    <time>2026-04-19T17:14:34Z</time>
    <extensions>
     <power>217</power>
     <gpxtpx:TrackPointExtension>
      <gpxtpx:hr>167</gpxtpx:hr>
     </gpxtpx:TrackPointExtension>
    </extensions>
   </trkpt>
   <trkpt lat="49.2689650" lon="-123.1448160">
    <ele>14.6</ele>
    <time>2026-04-19T17:14:35Z</time>
    <extensions>
     <power>217</power>
     <gpxtpx:TrackPointExtension>
      <gpxtpx:hr>167</gpxtpx:hr>
     </gpxtpx:TrackPointExtension>
    </extensions>
   </trkpt>
   <trkpt lat="49.2689650" lon="-123.1447870">
    <ele>14.6</ele>
    <time>2026-04-19T17:14:36Z</time>
    <extensions>
     <power>217</power>
     <gpxtpx:TrackPointExtension>
      <gpxtpx:hr>167</gpxtpx:hr>
     </gpxtpx:TrackPointExtension>
    </extensions>
   </trkpt>
   <trkpt lat="49.2689640" lon="-123.1447580">
    <ele>14.6</ele>
    <time>2026-04-19T17:14:37Z</time>
    <extensions>
     <power>224</power>
     <gpxtpx:TrackPointExtension>
      <gpxtpx:hr>167</gpxtpx:hr>
     </gpxtpx:TrackPointExtension>
    </extensions>
   </trkpt>
   <trkpt lat="49.2689630" lon="-123.1446900">
    <ele>14.6</ele>
    <time>2026-04-19T17:14:38Z</time>
    <extensions>
     <power>224</power>
     <gpxtpx:TrackPointExtension>
      <gpxtpx:hr>167</gpxtpx:hr>
     </gpxtpx:TrackPointExtension>
    </extensions>
   </trkpt>
   <trkpt lat="49.2689620" lon="-123.1446640">
    <ele>14.6</ele>
    <time>2026-04-19T17:14:39Z</time>
    <extensions>
     <power>224</power>
     <gpxtpx:TrackPointExtension>
      <gpxtpx:hr>167</gpxtpx:hr>
     </gpxtpx:TrackPointExtension>
    </extensions>
   </trkpt>
   <trkpt lat="49.2689620" lon="-123.1446380">
    <ele>14.6</ele>
    <time>2026-04-19T17:14:40Z</time>
    <extensions>
     <power>216</power>
     <gpxtpx:TrackPointExtension>
      <gpxtpx:hr>167</gpxtpx:hr>
     </gpxtpx:TrackPointExtension>
    </extensions>
   </trkpt>
   <trkpt lat="49.2689620" lon="-123.1445840">
    <ele>14.6</ele>
    <time>2026-04-19T17:14:41Z</time>
    <extensions>
     <power>216</power>
     <gpxtpx:TrackPointExtension>
      <gpxtpx:hr>167</gpxtpx:hr>
     </gpxtpx:TrackPointExtension>
    </extensions>
   </trkpt>
   <trkpt lat="49.2689620" lon="-123.1445660">
    <ele>14.8</ele>
    <time>2026-04-19T17:14:42Z</time>
    <extensions>
     <power>206</power>
     <gpxtpx:TrackPointExtension>
      <gpxtpx:hr>167</gpxtpx:hr>
     </gpxtpx:TrackPointExtension>
    </extensions>
   </trkpt>
   <trkpt lat="49.2689620" lon="-123.1445300">
    <ele>14.8</ele>
    <time>2026-04-19T17:14:43Z</time>
    <extensions>
     <power>206</power>
     <gpxtpx:TrackPointExtension>
      <gpxtpx:hr>167</gpxtpx:hr>
     </gpxtpx:TrackPointExtension>
    </extensions>
   </trkpt>
   <trkpt lat="49.2689620" lon="-123.1444950">
    <ele>14.8</ele>
    <time>2026-04-19T17:14:44Z</time>
    <extensions>
     <power>206</power>
     <gpxtpx:TrackPointExtension>
      <gpxtpx:hr>170</gpxtpx:hr>
     </gpxtpx:TrackPointExtension>
    </extensions>
   </trkpt>
   <trkpt lat="49.2689620" lon="-123.1444600">
    <ele>14.8</ele>
    <time>2026-04-19T17:14:45Z</time>
    <extensions>
     <power>174</power>
     <gpxtpx:TrackPointExtension>
      <gpxtpx:hr>170</gpxtpx:hr>
     </gpxtpx:TrackPointExtension>
    </extensions>
   </trkpt>
   <trkpt lat="49.2689620" lon="-123.1444250">
    <ele>14.8</ele>
    <time>2026-04-19T17:14:46Z</time>
    <extensions>
     <power>174</power>
     <gpxtpx:TrackPointExtension>
      <gpxtpx:hr>170</gpxtpx:hr>
     </gpxtpx:TrackPointExtension>
    </extensions>
   </trkpt>
   <trkpt lat="49.2689620" lon="-123.1443910">
    <ele>14.8</ele>
    <time>2026-04-19T17:14:47Z</time>
    <extensions>
     <power>167</power>
     <gpxtpx:TrackPointExtension>
      <gpxtpx:hr>170</gpxtpx:hr>
     </gpxtpx:TrackPointExtension>
    </extensions>
   </trkpt>
   <trkpt lat="49.2689620" lon="-123.1443570">
    <ele>15.0</ele>
    <time>2026-04-19T17:14:48Z</time>
    <extensions>
     <power>167</power>
     <gpxtpx:TrackPointExtension>
      <gpxtpx:hr>170</gpxtpx:hr>
     </gpxtpx:TrackPointExtension>
    </extensions>
   </trkpt>
   <trkpt lat="49.2689610" lon="-123.1443240">
    <ele>15.0</ele>
    <time>2026-04-19T17:14:49Z</time>
    <extensions>
     <power>167</power>
     <gpxtpx:TrackPointExtension>
      <gpxtpx:hr>170</gpxtpx:hr>
     </gpxtpx:TrackPointExtension>
    </extensions>
   </trkpt>
   <trkpt lat="49.2689610" lon="-123.1442900">
    <ele>15.0</ele>
    <time>2026-04-19T17:14:50Z</time>
    <extensions>
     <power>177</power>
     <gpxtpx:TrackPointExtension>
      <gpxtpx:hr>170</gpxtpx:hr>
     </gpxtpx:TrackPointExtension>
    </extensions>
   </trkpt>
   <trkpt lat="49.2689600" lon="-123.1442360">
    <ele>15.0</ele>
    <time>2026-04-19T17:14:51Z</time>
    <extensions>
     <power>177</power>
     <gpxtpx:TrackPointExtension>
      <gpxtpx:hr>170</gpxtpx:hr>
     </gpxtpx:TrackPointExtension>
    </extensions>
   </trkpt>
   <trkpt lat="49.2689590" lon="-123.1442180">
    <ele>15.0</ele>
    <time>2026-04-19T17:14:52Z</time>
    <extensions>
     <power>132</power>
     <gpxtpx:TrackPointExtension>
      <gpxtpx:hr>170</gpxtpx:hr>
     </gpxtpx:TrackPointExtension>
    </extensions>
   </trkpt>
   <trkpt lat="49.2689580" lon="-123.1441540">
    <ele>15.0</ele>
    <time>2026-04-19T17:14:53Z</time>
    <extensions>
     <power>132</power>
     <gpxtpx:TrackPointExtension>
      <gpxtpx:hr>172</gpxtpx:hr>
     </gpxtpx:TrackPointExtension>
    </extensions>
   </trkpt>
   <trkpt lat="49.2689580" lon="-123.1441280">
    <ele>15.0</ele>
    <time>2026-04-19T17:14:54Z</time>
    <extensions>
     <power>132</power>
     <gpxtpx:TrackPointExtension>
      <gpxtpx:hr>172</gpxtpx:hr>
     </gpxtpx:TrackPointExtension>
    </extensions>
   </trkpt>
   <trkpt lat="49.2689570" lon="-123.1441010">
    <ele>15.0</ele>
    <time>2026-04-19T17:14:55Z</time>
    <extensions>
     <power>201</power>
     <gpxtpx:TrackPointExtension>
      <gpxtpx:hr>172</gpxtpx:hr>
     </gpxtpx:TrackPointExtension>
    </extensions>
   </trkpt>
   <trkpt lat="49.2689560" lon="-123.1440410">
    <ele>15.0</ele>
    <time>2026-04-19T17:14:56Z</time>
    <extensions>
     <power>201</power>
     <gpxtpx:TrackPointExtension>
      <gpxtpx:hr>172</gpxtpx:hr>
     </gpxtpx:TrackPointExtension>
    </extensions>
   </trkpt>
   <trkpt lat="49.2689560" lon="-123.1440210">
    <ele>15.0</ele>
    <time>2026-04-19T17:14:57Z</time>
    <extensions>
     <power>185</power>
     <gpxtpx:TrackPointExtension>
      <gpxtpx:hr>172</gpxtpx:hr>
     </gpxtpx:TrackPointExtension>
    </extensions>
   </trkpt>
   <trkpt lat="49.2689540" lon="-123.1439540">
    <ele>15.0</ele>
    <time>2026-04-19T17:14:58Z</time>
    <extensions>
     <power>185</power>
     <gpxtpx:TrackPointExtension>
      <gpxtpx:hr>174</gpxtpx:hr>
     </gpxtpx:TrackPointExtension>
    </extensions>
   </trkpt>
   <trkpt lat="49.2689540" lon="-123.1439270">
    <ele>15.0</ele>
    <time>2026-04-19T17:14:59Z</time>
    <extensions>
     <power>185</power>
     <gpxtpx:TrackPointExtension>
      <gpxtpx:hr>174</gpxtpx:hr>
     </gpxtpx:TrackPointExtension>
    </extensions>
   </trkpt>
   <trkpt lat="49.2689530" lon="-123.1439000">
    <ele>15.0</ele>
    <time>2026-04-19T17:15:00Z</time>
    <extensions>
     <power>196</power>
     <gpxtpx:TrackPointExtension>
      <gpxtpx:hr>174</gpxtpx:hr>
     </gpxtpx:TrackPointExtension>
    </extensions>
   </trkpt>
   <trkpt lat="49.2689520" lon="-123.1438300">
    <ele>15.0</ele>
    <time>2026-04-19T17:15:01Z</time>
    <extensions>
     <power>196</power>
     <gpxtpx:TrackPointExtension>
      <gpxtpx:hr>174</gpxtpx:hr>
     </gpxtpx:TrackPointExtension>
    </extensions>
   </trkpt>
   <trkpt lat="49.2689520" lon="-123.1438020">
    <ele>14.8</ele>
    <time>2026-04-19T17:15:02Z</time>
    <extensions>
     <power>196</power>
     <gpxtpx:TrackPointExtension>
      <gpxtpx:hr>174</gpxtpx:hr>
     </gpxtpx:TrackPointExtension>
    </extensions>
   </trkpt>
   <trkpt lat="49.2689510" lon="-123.1437740">
    <ele>14.8</ele>
    <time>2026-04-19T17:15:03Z</time>
    <extensions>
     <power>194</power>
     <gpxtpx:TrackPointExtension>
      <gpxtpx:hr>174</gpxtpx:hr>
     </gpxtpx:TrackPointExtension>
    </extensions>
   </trkpt>
   <trkpt lat="49.2689490" lon="-123.1437170">
    <ele>14.8</ele>
    <time>2026-04-19T17:15:04Z</time>
    <extensions>
     <power>194</power>
     <gpxtpx:TrackPointExtension>
      <gpxtpx:hr>174</gpxtpx:hr>
     </gpxtpx:TrackPointExtension>
    </extensions>
   </trkpt>
   <trkpt lat="49.2689480" lon="-123.1437000">
    <ele>14.6</ele>
    <time>2026-04-19T17:15:05Z</time>
    <extensions>
     <power>259</power>
     <gpxtpx:TrackPointExtension>
      <gpxtpx:hr>174</gpxtpx:hr>
     </gpxtpx:TrackPointExtension>
    </extensions>
   </trkpt>
   <trkpt lat="49.2689460" lon="-123.1436400">
    <ele>14.6</ele>
    <time>2026-04-19T17:15:06Z</time>
    <extensions>
     <power>259</power>
     <gpxtpx:TrackPointExtension>
      <gpxtpx:hr>174</gpxtpx:hr>
     </gpxtpx:TrackPointExtension>
    </extensions>
   </trkpt>
   <trkpt lat="49.2689450" lon="-123.1436140">
    <ele>14.6</ele>
    <time>2026-04-19T17:15:07Z</time>
    <extensions>
     <power>259</power>
     <gpxtpx:TrackPointExtension>
      <gpxtpx:hr>174</gpxtpx:hr>
     </gpxtpx:TrackPointExtension>
    </extensions>
   </trkpt>
   <trkpt lat="49.2689440" lon="-123.1435890">
    <ele>14.4</ele>
    <time>2026-04-19T17:15:08Z</time>
    <extensions>
     <power>264</power>
     <gpxtpx:TrackPointExtension>
      <gpxtpx:hr>174</gpxtpx:hr>
     </gpxtpx:TrackPointExtension>
    </extensions>
   </trkpt>
   <trkpt lat="49.2689420" lon="-123.1435250">
    <ele>14.4</ele>
    <time>2026-04-19T17:15:09Z</time>
    <extensions>
     <power>264</power>
     <gpxtpx:TrackPointExtension>
      <gpxtpx:hr>174</gpxtpx:hr>
     </gpxtpx:TrackPointExtension>
    </extensions>
   </trkpt>
   <trkpt lat="49.2689410" lon="-123.1435040">
    <ele>14.4</ele>
    <time>2026-04-19T17:15:10Z</time>
    <extensions>
     <power>231</power>
     <gpxtpx:TrackPointExtension>
      <gpxtpx:hr>175</gpxtpx:hr>
     </gpxtpx:TrackPointExtension>
    </extensions>
   </trkpt>
   <trkpt lat="49.2689370" lon="-123.1434310">
    <ele>14.4</ele>
    <time>2026-04-19T17:15:11Z</time>
    <extensions>
     <power>231</power>
     <gpxtpx:TrackPointExtension>
      <gpxtpx:hr>175</gpxtpx:hr>
     </gpxtpx:TrackPointExtension>
    </extensions>
   </trkpt>
   <trkpt lat="49.2689360" lon="-123.1434030">
    <ele>14.4</ele>
    <time>2026-04-19T17:15:12Z</time>
    <extensions>
     <power>231</power>
     <gpxtpx:TrackPointExtension>
      <gpxtpx:hr>175</gpxtpx:hr>
     </gpxtpx:TrackPointExtension>
    </extensions>
   </trkpt>
   <trkpt lat="49.2689340" lon="-123.1433740">
    <ele>14.4</ele>
    <time>2026-04-19T17:15:13Z</time>
    <extensions>
     <power>255</power>
     <gpxtpx:TrackPointExtension>
      <gpxtpx:hr>175</gpxtpx:hr>
     </gpxtpx:TrackPointExtension>
    </extensions>
   </trkpt>
   <trkpt lat="49.2689310" lon="-123.1433040">
    <ele>14.4</ele>
    <time>2026-04-19T17:15:14Z</time>
    <extensions>
     <power>255</power>
     <gpxtpx:TrackPointExtension>
      <gpxtpx:hr>175</gpxtpx:hr>
     </gpxtpx:TrackPointExtension>
    </extensions>
   </trkpt>
   <trkpt lat="49.2689300" lon="-123.1432790">
    <ele>14.4</ele>
    <time>2026-04-19T17:15:15Z</time>
    <extensions>
     <power>284</power>
     <gpxtpx:TrackPointExtension>
      <gpxtpx:hr>176</gpxtpx:hr>
     </gpxtpx:TrackPointExtension>
    </extensions>
   </trkpt>
   <trkpt lat="49.2689250" lon="-123.1431980">
    <ele>14.4</ele>
    <time>2026-04-19T17:15:16Z</time>
    <extensions>
     <power>284</power>
     <gpxtpx:TrackPointExtension>
      <gpxtpx:hr>176</gpxtpx:hr>
     </gpxtpx:TrackPointExtension>
    </extensions>
   </trkpt>
   <trkpt lat="49.2689240" lon="-123.1431660">
    <ele>14.4</ele>
    <time>2026-04-19T17:15:17Z</time>
    <extensions>
     <power>284</power>
     <gpxtpx:TrackPointExtension>
      <gpxtpx:hr>176</gpxtpx:hr>
     </gpxtpx:TrackPointExtension>
    </extensions>
   </trkpt>
   <trkpt lat="49.2689220" lon="-123.1431350">
    <ele>14.4</ele>
    <time>2026-04-19T17:15:18Z</time>
    <extensions>
     <power>279</power>
     <gpxtpx:TrackPointExtension>
      <gpxtpx:hr>176</gpxtpx:hr>
     </gpxtpx:TrackPointExtension>
    </extensions>
   </trkpt>
   <trkpt lat="49.2689180" lon="-123.1430750">
    <ele>14.4</ele>
    <time>2026-04-19T17:15:19Z</time>
    <extensions>
     <power>279</power>
     <gpxtpx:TrackPointExtension>
      <gpxtpx:hr>176</gpxtpx:hr>
     </gpxtpx:TrackPointExtension>
    </extensions>
   </trkpt>
   <trkpt lat="49.2689170" lon="-123.1430550">
    <ele>14.4</ele>
    <time>2026-04-19T17:15:20Z</time>
    <extensions>
     <power>258</power>
     <gpxtpx:TrackPointExtension>
      <gpxtpx:hr>177</gpxtpx:hr>
     </gpxtpx:TrackPointExtension>
    </extensions>
   </trkpt>
   <trkpt lat="49.2689130" lon="-123.1429820">
    <ele>14.4</ele>
    <time>2026-04-19T17:15:21Z</time>
    <extensions>
     <power>258</power>
     <gpxtpx:TrackPointExtension>
      <gpxtpx:hr>177</gpxtpx:hr>
     </gpxtpx:TrackPointExtension>
    </extensions>
   </trkpt>
   <trkpt lat="49.2689110" lon="-123.1429530">
    <ele>14.4</ele>
    <time>2026-04-19T17:15:22Z</time>
    <extensions>
     <power>258</power>
     <gpxtpx:TrackPointExtension>
      <gpxtpx:hr>177</gpxtpx:hr>
     </gpxtpx:TrackPointExtension>
    </extensions>
   </trkpt>
   <trkpt lat="49.2689100" lon="-123.1429230">
    <ele>14.4</ele>
    <time>2026-04-19T17:15:23Z</time>
    <extensions>
     <power>248</power>
     <gpxtpx:TrackPointExtension>
      <gpxtpx:hr>177</gpxtpx:hr>
     </gpxtpx:TrackPointExtension>
    </extensions>
   </trkpt>
   <trkpt lat="49.2689070" lon="-123.1428560">
    <ele>14.4</ele>
    <time>2026-04-19T17:15:24Z</time>
    <extensions>
     <power>248</power>
     <gpxtpx:TrackPointExtension>
      <gpxtpx:hr>177</gpxtpx:hr>
     </gpxtpx:TrackPointExtension>
    </extensions>
   </trkpt>
   <trkpt lat="49.2689050" lon="-123.1428310">
    <ele>14.4</ele>
    <time>2026-04-19T17:15:25Z</time>
    <extensions>
     <power>248</power>
     <gpxtpx:TrackPointExtension>
      <gpxtpx:hr>177</gpxtpx:hr>
     </gpxtpx:TrackPointExtension>
    </extensions>
   </trkpt>
   <trkpt lat="49.2689040" lon="-123.1428060">
    <ele>14.4</ele>
    <time>2026-04-19T17:15:26Z</time>
    <extensions>
     <power>233</power>
     <gpxtpx:TrackPointExtension>
      <gpxtpx:hr>177</gpxtpx:hr>
     </gpxtpx:TrackPointExtension>
    </extensions>
   </trkpt>
   <trkpt lat="49.2689030" lon="-123.1427530">
    <ele>14.4</ele>
    <time>2026-04-19T17:15:27Z</time>
    <extensions>
     <power>233</power>
     <gpxtpx:TrackPointExtension>
      <gpxtpx:hr>177</gpxtpx:hr>
     </gpxtpx:TrackPointExtension>
    </extensions>
   </trkpt>
   <trkpt lat="49.2689020" lon="-123.1427360">
    <ele>14.4</ele>
    <time>2026-04-19T17:15:28Z</time>
    <extensions>
     <power>220</power>
     <gpxtpx:TrackPointExtension>
      <gpxtpx:hr>177</gpxtpx:hr>
     </gpxtpx:TrackPointExtension>
    </extensions>
   </trkpt>
   <trkpt lat="49.2689000" lon="-123.1427020">
    <ele>14.4</ele>
    <time>2026-04-19T17:15:29Z</time>
    <extensions>
     <power>220</power>
     <gpxtpx:TrackPointExtension>
      <gpxtpx:hr>177</gpxtpx:hr>
     </gpxtpx:TrackPointExtension>
    </extensions>
   </trkpt>
   <trkpt lat="49.2688990" lon="-123.1426660">
    <ele>14.4</ele>
    <time>2026-04-19T17:15:30Z</time>
    <extensions>
     <power>220</power>
     <gpxtpx:TrackPointExtension>
      <gpxtpx:hr>177</gpxtpx:hr>
     </gpxtpx:TrackPointExtension>
    </extensions>
   </trkpt>
   <trkpt lat="49.2688980" lon="-123.1426300">
    <ele>14.4</ele>
    <time>2026-04-19T17:15:31Z</time>
    <extensions>
     <power>197</power>
     <gpxtpx:TrackPointExtension>
      <gpxtpx:hr>177</gpxtpx:hr>
     </gpxtpx:TrackPointExtension>
    </extensions>
   </trkpt>
   <trkpt lat="49.2688960" lon="-123.1425750">
    <ele>14.6</ele>
    <time>2026-04-19T17:15:32Z</time>
    <extensions>
     <power>197</power>
     <gpxtpx:TrackPointExtension>
      <gpxtpx:hr>177</gpxtpx:hr>
     </gpxtpx:TrackPointExtension>
    </extensions>
   </trkpt>
   <trkpt lat="49.2688950" lon="-123.1425570">
    <ele>14.6</ele>
    <time>2026-04-19T17:15:33Z</time>
    <extensions>
     <power>186</power>
     <gpxtpx:TrackPointExtension>
      <gpxtpx:hr>177</gpxtpx:hr>
     </gpxtpx:TrackPointExtension>
    </extensions>
   </trkpt>
   <trkpt lat="49.2688930" lon="-123.1424930">
    <ele>14.6</ele>
    <time>2026-04-19T17:15:34Z</time>
    <extensions>
     <power>186</power>
     <gpxtpx:TrackPointExtension>
      <gpxtpx:hr>177</gpxtpx:hr>
     </gpxtpx:TrackPointExtension>
    </extensions>
   </trkpt>
   <trkpt lat="49.2688930" lon="-123.1424670">
    <ele>14.6</ele>
    <time>2026-04-19T17:15:35Z</time>
    <extensions>
     <power>186</power>
     <gpxtpx:TrackPointExtension>
      <gpxtpx:hr>177</gpxtpx:hr>
     </gpxtpx:TrackPointExtension>
    </extensions>
   </trkpt>
   <trkpt lat="49.2688920" lon="-123.1424400">
    <ele>14.6</ele>
    <time>2026-04-19T17:15:36Z</time>
    <extensions>
     <power>192</power>
     <gpxtpx:TrackPointExtension>
      <gpxtpx:hr>177</gpxtpx:hr>
     </gpxtpx:TrackPointExtension>
    </extensions>
   </trkpt>
   <trkpt lat="49.2688920" lon="-123.1423770">
    <ele>14.6</ele>
    <time>2026-04-19T17:15:37Z</time>
    <extensions>
     <power>192</power>
     <gpxtpx:TrackPointExtension>
      <gpxtpx:hr>177</gpxtpx:hr>
     </gpxtpx:TrackPointExtension>
    </extensions>
   </trkpt>
   <trkpt lat="49.2688910" lon="-123.1423560">
    <ele>14.6</ele>
    <time>2026-04-19T17:15:38Z</time>
    <extensions>
     <power>188</power>
     <gpxtpx:TrackPointExtension>
      <gpxtpx:hr>177</gpxtpx:hr>
     </gpxtpx:TrackPointExtension>
    </extensions>
   </trkpt>
   <trkpt lat="49.2688910" lon="-123.1422870">
    <ele>14.8</ele>
    <time>2026-04-19T17:15:39Z</time>
    <extensions>
     <power>188</power>
     <gpxtpx:TrackPointExtension>
      <gpxtpx:hr>177</gpxtpx:hr>
     </gpxtpx:TrackPointExtension>
    </extensions>
   </trkpt>
   <trkpt lat="49.2688900" lon="-123.1422590">
    <ele>14.8</ele>
    <time>2026-04-19T17:15:40Z</time>
    <extensions>
     <power>188</power>
     <gpxtpx:TrackPointExtension>
      <gpxtpx:hr>177</gpxtpx:hr>
     </gpxtpx:TrackPointExtension>
    </extensions>
   </trkpt>
   <trkpt lat="49.2688900" lon="-123.1422310">
    <ele>14.8</ele>
    <time>2026-04-19T17:15:41Z</time>
    <extensions>
     <power>192</power>
     <gpxtpx:TrackPointExtension>
      <gpxtpx:hr>177</gpxtpx:hr>
     </gpxtpx:TrackPointExtension>
    </extensions>
   </trkpt>
   <trkpt lat="49.2688890" lon="-123.1421680">
    <ele>14.8</ele>
    <time>2026-04-19T17:15:42Z</time>
    <extensions>
     <power>192</power>
     <gpxtpx:TrackPointExtension>
      <gpxtpx:hr>177</gpxtpx:hr>
     </gpxtpx:TrackPointExtension>
    </extensions>
   </trkpt>
   <trkpt lat="49.2688890" lon="-123.1421480">
    <ele>14.8</ele>
    <time>2026-04-19T17:15:43Z</time>
    <extensions>
     <power>199</power>
     <gpxtpx:TrackPointExtension>
      <gpxtpx:hr>177</gpxtpx:hr>
     </gpxtpx:TrackPointExtension>
    </extensions>
   </trkpt>
   <trkpt lat="49.2688880" lon="-123.1420840">
    <ele>14.8</ele>
    <time>2026-04-19T17:15:44Z</time>
    <extensions>
     <power>199</power>
     <gpxtpx:TrackPointExtension>
      <gpxtpx:hr>177</gpxtpx:hr>
     </gpxtpx:TrackPointExtension>
    </extensions>
   </trkpt>
   <trkpt lat="49.2688870" lon="-123.1420580">
    <ele>15.0</ele>
    <time>2026-04-19T17:15:45Z</time>
    <extensions>
     <power>199</power>
     <gpxtpx:TrackPointExtension>
      <gpxtpx:hr>176</gpxtpx:hr>
     </gpxtpx:TrackPointExtension>
    </extensions>
   </trkpt>
   <trkpt lat="49.2688870" lon="-123.1420330">
    <ele>15.0</ele>
    <time>2026-04-19T17:15:46Z</time>
    <extensions>
     <power>201</power>
     <gpxtpx:TrackPointExtension>
      <gpxtpx:hr>176</gpxtpx:hr>
     </gpxtpx:TrackPointExtension>
    </extensions>
   </trkpt>
   <trkpt lat="49.2688860" lon="-123.1419690">
    <ele>15.0</ele>
    <time>2026-04-19T17:15:47Z</time>
    <extensions>
     <power>201</power>
     <gpxtpx:TrackPointExtension>
      <gpxtpx:hr>176</gpxtpx:hr>
     </gpxtpx:TrackPointExtension>
    </extensions>
   </trkpt>
   <trkpt lat="49.2688850" lon="-123.1419430">
    <ele>15.0</ele>
    <time>2026-04-19T17:15:48Z</time>
    <extensions>
     <power>201</power>
     <gpxtpx:TrackPointExtension>
      <gpxtpx:hr>176</gpxtpx:hr>
     </gpxtpx:TrackPointExtension>
    </extensions>
   </trkpt>
   <trkpt lat="49.2688850" lon="-123.1419180">
    <ele>15.0</ele>
    <time>2026-04-19T17:15:49Z</time>
    <extensions>
     <power>200</power>
     <gpxtpx:TrackPointExtension>
      <gpxtpx:hr>176</gpxtpx:hr>
     </gpxtpx:TrackPointExtension>
    </extensions>
   </trkpt>
   <trkpt lat="49.2688840" lon="-123.1418620">
    <ele>15.0</ele>
    <time>2026-04-19T17:15:50Z</time>
    <extensions>
     <power>200</power>
     <gpxtpx:TrackPointExtension>
      <gpxtpx:hr>176</gpxtpx:hr>
     </gpxtpx:TrackPointExtension>
    </extensions>
   </trkpt>
   <trkpt lat="49.2688840" lon="-123.1418430">
    <ele>15.2</ele>
    <time>2026-04-19T17:15:51Z</time>
    <extensions>
     <power>202</power>
     <gpxtpx:TrackPointExtension>
      <gpxtpx:hr>176</gpxtpx:hr>
     </gpxtpx:TrackPointExtension>
    </extensions>
   </trkpt>
   <trkpt lat="49.2688830" lon="-123.1417800">
    <ele>15.2</ele>
    <time>2026-04-19T17:15:52Z</time>
    <extensions>
     <power>202</power>
     <gpxtpx:TrackPointExtension>
      <gpxtpx:hr>176</gpxtpx:hr>
     </gpxtpx:TrackPointExtension>
    </extensions>
   </trkpt>
   <trkpt lat="49.2688820" lon="-123.1417550">
    <ele>15.2</ele>
    <time>2026-04-19T17:15:53Z</time>
    <extensions>
     <power>202</power>
     <gpxtpx:TrackPointExtension>
      <gpxtpx:hr>176</gpxtpx:hr>
     </gpxtpx:TrackPointExtension>
    </extensions>
   </trkpt>
   <trkpt lat="49.2688820" lon="-123.1417300">
    <ele>15.2</ele>
    <time>2026-04-19T17:15:54Z</time>
    <extensions>
     <power>199</power>
     <gpxtpx:TrackPointExtension>
      <gpxtpx:hr>176</gpxtpx:hr>
     </gpxtpx:TrackPointExtension>
    </extensions>
   </trkpt>
   <trkpt lat="49.2688810" lon="-123.1416740">
    <ele>15.2</ele>
    <time>2026-04-19T17:15:55Z</time>
    <extensions>
     <power>199</power>
     <gpxtpx:TrackPointExtension>
      <gpxtpx:hr>176</gpxtpx:hr>
     </gpxtpx:TrackPointExtension>
    </extensions>
   </trkpt>
   <trkpt lat="49.2688800" lon="-123.1416550">
    <ele>15.2</ele>
    <time>2026-04-19T17:15:56Z</time>
    <extensions>
     <power>194</power>
     <gpxtpx:TrackPointExtension>
      <gpxtpx:hr>176</gpxtpx:hr>
     </gpxtpx:TrackPointExtension>
    </extensions>
   </trkpt>
   <trkpt lat="49.2688780" lon="-123.1415920">
    <ele>15.4</ele>
    <time>2026-04-19T17:15:57Z</time>
    <extensions>
     <power>194</power>
     <gpxtpx:TrackPointExtension>
      <gpxtpx:hr>176</gpxtpx:hr>
     </gpxtpx:TrackPointExtension>
    </extensions>
   </trkpt>
   <trkpt lat="49.2688770" lon="-123.1415680">
    <ele>15.4</ele>
    <time>2026-04-19T17:15:58Z</time>
    <extensions>
     <power>194</power>
     <gpxtpx:TrackPointExtension>
      <gpxtpx:hr>176</gpxtpx:hr>
     </gpxtpx:TrackPointExtension>
    </extensions>
   </trkpt>
   <trkpt lat="49.2688760" lon="-123.1415430">
    <ele>15.4</ele>
    <time>2026-04-19T17:15:59Z</time>
    <extensions>
     <power>196</power>
     <gpxtpx:TrackPointExtension>
      <gpxtpx:hr>175</gpxtpx:hr>
     </gpxtpx:TrackPointExtension>
    </extensions>
   </trkpt>
   <trkpt lat="49.2688750" lon="-123.1414910">
    <ele>15.4</ele>
    <time>2026-04-19T17:16:00Z</time>
    <extensions>
     <power>196</power>
     <gpxtpx:TrackPointExtension>
      <gpxtpx:hr>176</gpxtpx:hr>
     </gpxtpx:TrackPointExtension>
    </extensions>
   </trkpt>
   <trkpt lat="49.2688740" lon="-123.1414740">
    <ele>15.4</ele>
    <time>2026-04-19T17:16:01Z</time>
    <extensions>
     <power>199</power>
     <gpxtpx:TrackPointExtension>
      <gpxtpx:hr>176</gpxtpx:hr>
     </gpxtpx:TrackPointExtension>
    </extensions>
   </trkpt>
   <trkpt lat="49.2688720" lon="-123.1414170">
    <ele>15.6</ele>
    <time>2026-04-19T17:16:02Z</time>
    <extensions>
     <power>199</power>
     <gpxtpx:TrackPointExtension>
      <gpxtpx:hr>176</gpxtpx:hr>
     </gpxtpx:TrackPointExtension>
    </extensions>
   </trkpt>
   <trkpt lat="49.2688710" lon="-123.1413930">
    <ele>15.6</ele>
    <time>2026-04-19T17:16:03Z</time>
    <extensions>
     <power>199</power>
     <gpxtpx:TrackPointExtension>
      <gpxtpx:hr>176</gpxtpx:hr>
     </gpxtpx:TrackPointExtension>
    </extensions>
   </trkpt>
   <trkpt lat="49.2688700" lon="-123.1413700">
    <ele>15.6</ele>
    <time>2026-04-19T17:16:04Z</time>
    <extensions>
     <power>198</power>
     <gpxtpx:TrackPointExtension>
      <gpxtpx:hr>176</gpxtpx:hr>
     </gpxtpx:TrackPointExtension>
    </extensions>
   </trkpt>
   <trkpt lat="49.2688680" lon="-123.1413150">
    <ele>15.6</ele>
    <time>2026-04-19T17:16:05Z</time>
    <extensions>
     <power>198</power>
     <gpxtpx:TrackPointExtension>
      <gpxtpx:hr>176</gpxtpx:hr>
     </gpxtpx:TrackPointExtension>
    </extensions>
   </trkpt>
   <trkpt lat="49.2688670" lon="-123.1412970">
    <ele>15.6</ele>
    <time>2026-04-19T17:16:06Z</time>
    <extensions>
     <power>196</power>
     <gpxtpx:TrackPointExtension>
      <gpxtpx:hr>176</gpxtpx:hr>
     </gpxtpx:TrackPointExtension>
    </extensions>
   </trkpt>
   <trkpt lat="49.2688630" lon="-123.1412360">
    <ele>15.6</ele>
    <time>2026-04-19T17:16:07Z</time>
    <extensions>
     <power>196</power>
     <gpxtpx:TrackPointExtension>
      <gpxtpx:hr>176</gpxtpx:hr>
     </gpxtpx:TrackPointExtension>
    </extensions>
   </trkpt>
   <trkpt lat="49.2688620" lon="-123.1412110">
    <ele>15.8</ele>
    <time>2026-04-19T17:16:08Z</time>
    <extensions>
     <power>196</power>
     <gpxtpx:TrackPointExtension>
      <gpxtpx:hr>176</gpxtpx:hr>
     </gpxtpx:TrackPointExtension>
    </extensions>
   </trkpt>
   <trkpt lat="49.2688600" lon="-123.1411870">
    <ele>15.8</ele>
    <time>2026-04-19T17:16:09Z</time>
    <extensions>
     <power>198</power>
     <gpxtpx:TrackPointExtension>
      <gpxtpx:hr>175</gpxtpx:hr>
     </gpxtpx:TrackPointExtension>
    </extensions>
   </trkpt>
   <trkpt lat="49.2688560" lon="-123.1411230">
    <ele>15.8</ele>
    <time>2026-04-19T17:16:10Z</time>
    <extensions>
     <power>198</power>
     <gpxtpx:TrackPointExtension>
      <gpxtpx:hr>175</gpxtpx:hr>
     </gpxtpx:TrackPointExtension>
    </extensions>
   </trkpt>
   <trkpt lat="49.2688540" lon="-123.1410960">
    <ele>15.8</ele>
    <time>2026-04-19T17:16:11Z</time>
    <extensions>
     <power>198</power>
     <gpxtpx:TrackPointExtension>
      <gpxtpx:hr>175</gpxtpx:hr>
     </gpxtpx:TrackPointExtension>
    </extensions>
   </trkpt>
   <trkpt lat="49.2688520" lon="-123.1410700">
    <ele>16.0</ele>
    <time>2026-04-19T17:16:12Z</time>
    <extensions>
     <power>201</power>
     <gpxtpx:TrackPointExtension>
      <gpxtpx:hr>174</gpxtpx:hr>
     </gpxtpx:TrackPointExtension>
    </extensions>
   </trkpt>
   <trkpt lat="49.2688480" lon="-123.1410110">
    <ele>16.0</ele>
    <time>2026-04-19T17:16:13Z</time>
    <extensions>
     <power>201</power>
     <gpxtpx:TrackPointExtension>
      <gpxtpx:hr>174</gpxtpx:hr>
     </gpxtpx:TrackPointExtension>
    </extensions>
   </trkpt>
   <trkpt lat="49.2688460" lon="-123.1409920">
    <ele>16.0</ele>
    <time>2026-04-19T17:16:14Z</time>
    <extensions>
     <power>200</power>
     <gpxtpx:TrackPointExtension>
      <gpxtpx:hr>174</gpxtpx:hr>
     </gpxtpx:TrackPointExtension>
    </extensions>
   </trkpt>
   <trkpt lat="49.2688380" lon="-123.1409260">
    <ele>16.2</ele>
    <time>2026-04-19T17:16:15Z</time>
    <extensions>
     <power>200</power>
     <gpxtpx:TrackPointExtension>
      <gpxtpx:hr>174</gpxtpx:hr>
     </gpxtpx:TrackPointExtension>
    </extensions>
   </trkpt>
   <trkpt lat="49.2688340" lon="-123.1409000">
    <ele>16.2</ele>
    <time>2026-04-19T17:16:16Z</time>
    <extensions>
     <power>200</power>
     <gpxtpx:TrackPointExtension>
      <gpxtpx:hr>174</gpxtpx:hr>
     </gpxtpx:TrackPointExtension>
    </extensions>
   </trkpt>
   <trkpt lat="49.2688310" lon="-123.1408730">
    <ele>16.2</ele>
    <time>2026-04-19T17:16:17Z</time>
    <extensions>
     <power>200</power>
     <gpxtpx:TrackPointExtension>
      <gpxtpx:hr>174</gpxtpx:hr>
     </gpxtpx:TrackPointExtension>
    </extensions>
   </trkpt>
   <trkpt lat="49.2688170" lon="-123.1408200">
    <ele>16.2</ele>
    <time>2026-04-19T17:16:18Z</time>
    <extensions>
     <power>200</power>
     <gpxtpx:TrackPointExtension>
      <gpxtpx:hr>174</gpxtpx:hr>
     </gpxtpx:TrackPointExtension>
    </extensions>
   </trkpt>
   <trkpt lat="49.2688100" lon="-123.1408040">
    <ele>16.4</ele>
    <time>2026-04-19T17:16:19Z</time>
    <extensions>
     <power>199</power>
     <gpxtpx:TrackPointExtension>
      <gpxtpx:hr>174</gpxtpx:hr>
     </gpxtpx:TrackPointExtension>
    </extensions>
   </trkpt>
   <trkpt lat="49.2687780" lon="-123.1407670">
    <ele>16.4</ele>
    <time>2026-04-19T17:16:20Z</time>
    <extensions>
     <power>199</power>
     <gpxtpx:TrackPointExtension>
      <gpxtpx:hr>174</gpxtpx:hr>
     </gpxtpx:TrackPointExtension>
    </extensions>
   </trkpt>
   <trkpt lat="49.2687630" lon="-123.1407560">
    <ele>16.4</ele>
    <time>2026-04-19T17:16:21Z</time>
    <extensions>
     <power>199</power>
     <gpxtpx:TrackPointExtension>
      <gpxtpx:hr>174</gpxtpx:hr>
     </gpxtpx:TrackPointExtension>
    </extensions>
   </trkpt>
   <trkpt lat="49.2687480" lon="-123.1407440">
    <ele>16.6</ele>
    <time>2026-04-19T17:16:22Z</time>
    <extensions>
     <power>198</power>
     <gpxtpx:TrackPointExtension>
      <gpxtpx:hr>174</gpxtpx:hr>
     </gpxtpx:TrackPointExtension>
    </extensions>
   </trkpt>
   <trkpt lat="49.2687090" lon="-123.1407250">
    <ele>16.6</ele>
    <time>2026-04-19T17:16:23Z</time>
    <extensions>
     <power>198</power>
     <gpxtpx:TrackPointExtension>
      <gpxtpx:hr>174</gpxtpx:hr>
     </gpxtpx:TrackPointExtension>
    </extensions>
   </trkpt>
   <trkpt lat="49.2686960" lon="-123.1407200">
    <ele>16.6</ele>
    <time>2026-04-19T17:16:24Z</time>
    <extensions>
     <power>199</power>
     <gpxtpx:TrackPointExtension>
      <gpxtpx:hr>174</gpxtpx:hr>
     </gpxtpx:TrackPointExtension>
    </extensions>
   </trkpt>
   <trkpt lat="49.2686510" lon="-123.1407120">
    <ele>16.6</ele>
    <time>2026-04-19T17:16:25Z</time>
    <extensions>
     <power>199</power>
     <gpxtpx:TrackPointExtension>
      <gpxtpx:hr>174</gpxtpx:hr>
     </gpxtpx:TrackPointExtension>
    </extensions>
   </trkpt>
   <trkpt lat="49.2686330" lon="-123.1407120">
    <ele>16.8</ele>
    <time>2026-04-19T17:16:26Z</time>
    <extensions>
     <power>199</power>
     <gpxtpx:TrackPointExtension>
      <gpxtpx:hr>174</gpxtpx:hr>
     </gpxtpx:TrackPointExtension>
    </extensions>
   </trkpt>
   <trkpt lat="49.2686140" lon="-123.1407110">
    <ele>16.8</ele>
    <time>2026-04-19T17:16:27Z</time>
    <extensions>
     <power>199</power>
     <gpxtpx:TrackPointExtension>
      <gpxtpx:hr>174</gpxtpx:hr>
     </gpxtpx:TrackPointExtension>
    </extensions>
   </trkpt>
   <trkpt lat="49.2685730" lon="-123.1407130">
    <ele>16.8</ele>
    <time>2026-04-19T17:16:28Z</time>
    <extensions>
     <power>199</power>
     <gpxtpx:TrackPointExtension>
      <gpxtpx:hr>174</gpxtpx:hr>
     </gpxtpx:TrackPointExtension>
    </extensions>
   </trkpt>
   <trkpt lat="49.2685600" lon="-123.1407140">
    <ele>16.8</ele>
    <time>2026-04-19T17:16:29Z</time>
    <extensions>
     <power>206</power>
     <gpxtpx:TrackPointExtension>
      <gpxtpx:hr>174</gpxtpx:hr>
     </gpxtpx:TrackPointExtension>
    </extensions>
   </trkpt>
   <trkpt lat="49.2685160" lon="-123.1407170">
    <ele>17.0</ele>
    <time>2026-04-19T17:16:30Z</time>
    <extensions>
     <power>206</power>
     <gpxtpx:TrackPointExtension>
      <gpxtpx:hr>174</gpxtpx:hr>
     </gpxtpx:TrackPointExtension>
    </extensions>
   </trkpt>
   <trkpt lat="49.2684990" lon="-123.1407180">
    <ele>17.0</ele>
    <time>2026-04-19T17:16:31Z</time>
    <extensions>
     <power>206</power>
     <gpxtpx:TrackPointExtension>
      <gpxtpx:hr>174</gpxtpx:hr>
     </gpxtpx:TrackPointExtension>
    </extensions>
   </trkpt>
   <trkpt lat="49.2684820" lon="-123.1407190">
    <ele>17.0</ele>
    <time>2026-04-19T17:16:32Z</time>
    <extensions>
     <power>206</power>
     <gpxtpx:TrackPointExtension>
      <gpxtpx:hr>174</gpxtpx:hr>
     </gpxtpx:TrackPointExtension>
    </extensions>
   </trkpt>
   <trkpt lat="49.2684390" lon="-123.1407190">
    <ele>17.0</ele>
    <time>2026-04-19T17:16:33Z</time>
    <extensions>
     <power>206</power>
     <gpxtpx:TrackPointExtension>
      <gpxtpx:hr>174</gpxtpx:hr>
     </gpxtpx:TrackPointExtension>
    </extensions>
   </trkpt>
   <trkpt lat="49.2684230" lon="-123.1407180">
    <ele>17.0</ele>
    <time>2026-04-19T17:16:34Z</time>
    <extensions>
     <power>206</power>
     <gpxtpx:TrackPointExtension>
      <gpxtpx:hr>174</gpxtpx:hr>
     </gpxtpx:TrackPointExtension>
    </extensions>
   </trkpt>
   <trkpt lat="49.2684060" lon="-123.1407170">
    <ele>17.2</ele>
    <time>2026-04-19T17:16:35Z</time>
    <extensions>
     <power>207</power>
     <gpxtpx:TrackPointExtension>
      <gpxtpx:hr>174</gpxtpx:hr>
     </gpxtpx:TrackPointExtension>
    </extensions>
   </trkpt>
   <trkpt lat="49.2683690" lon="-123.1407100">
    <ele>17.2</ele>
    <time>2026-04-19T17:16:36Z</time>
    <extensions>
     <power>207</power>
     <gpxtpx:TrackPointExtension>
      <gpxtpx:hr>174</gpxtpx:hr>
     </gpxtpx:TrackPointExtension>
    </extensions>
   </trkpt>
   <trkpt lat="49.2683560" lon="-123.1407080">
    <ele>17.2</ele>
    <time>2026-04-19T17:16:37Z</time>
    <extensions>
     <power>206</power>
     <gpxtpx:TrackPointExtension>
      <gpxtpx:hr>174</gpxtpx:hr>
     </gpxtpx:TrackPointExtension>
    </extensions>
   </trkpt>
   <trkpt lat="49.2683170" lon="-123.1406960">
    <ele>17.4</ele>
    <time>2026-04-19T17:16:38Z</time>
    <extensions>
     <power>206</power>
     <gpxtpx:TrackPointExtension>
      <gpxtpx:hr>173</gpxtpx:hr>
     </gpxtpx:TrackPointExtension>
    </extensions>
   </trkpt>
   <trkpt lat="49.2683020" lon="-123.1406900">
    <ele>17.4</ele>
    <time>2026-04-19T17:16:39Z</time>
    <extensions>
     <power>206</power>
     <gpxtpx:TrackPointExtension>
      <gpxtpx:hr>173</gpxtpx:hr>
     </gpxtpx:TrackPointExtension>
    </extensions>
   </trkpt>
   <trkpt lat="49.2682870" lon="-123.1406840">
    <ele>17.4</ele>
    <time>2026-04-19T17:16:40Z</time>
    <extensions>
     <power>205</power>
     <gpxtpx:TrackPointExtension>
      <gpxtpx:hr>173</gpxtpx:hr>
     </gpxtpx:TrackPointExtension>
    </extensions>
   </trkpt>
   <trkpt lat="49.2682530" lon="-123.1406750">
    <ele>17.6</ele>
    <time>2026-04-19T17:16:41Z</time>
    <extensions>
     <power>205</power>
     <gpxtpx:TrackPointExtension>
      <gpxtpx:hr>173</gpxtpx:hr>
     </gpxtpx:TrackPointExtension>
    </extensions>
   </trkpt>
   <trkpt lat="49.2682410" lon="-123.1406730">
    <ele>17.6</ele>
    <time>2026-04-19T17:16:42Z</time>
    <extensions>
     <power>204</power>
     <gpxtpx:TrackPointExtension>
      <gpxtpx:hr>173</gpxtpx:hr>
     </gpxtpx:TrackPointExtension>
    </extensions>
   </trkpt>
   <trkpt lat="49.2681990" lon="-123.1406710">
    <ele>17.8</ele>
    <time>2026-04-19T17:16:43Z</time>
    <extensions>
     <power>204</power>
     <gpxtpx:TrackPointExtension>
      <gpxtpx:hr>173</gpxtpx:hr>
     </gpxtpx:TrackPointExtension>
    </extensions>
   </trkpt>
   <trkpt lat="49.2681820" lon="-123.1406700">
    <ele>17.8</ele>
    <time>2026-04-19T17:16:44Z</time>
    <extensions>
     <power>204</power>
     <gpxtpx:TrackPointExtension>
      <gpxtpx:hr>173</gpxtpx:hr>
     </gpxtpx:TrackPointExtension>
    </extensions>
   </trkpt>
   <trkpt lat="49.2681650" lon="-123.1406680">
    <ele>18.0</ele>
    <time>2026-04-19T17:16:45Z</time>
    <extensions>
     <power>205</power>
     <gpxtpx:TrackPointExtension>
      <gpxtpx:hr>173</gpxtpx:hr>
     </gpxtpx:TrackPointExtension>
    </extensions>
   </trkpt>
   <trkpt lat="49.2681300" lon="-123.1406590">
    <ele>18.0</ele>
    <time>2026-04-19T17:16:46Z</time>
    <extensions>
     <power>205</power>
     <gpxtpx:TrackPointExtension>
      <gpxtpx:hr>173</gpxtpx:hr>
     </gpxtpx:TrackPointExtension>
    </extensions>
   </trkpt>
   <trkpt lat="49.2681180" lon="-123.1406560">
    <ele>18.0</ele>
    <time>2026-04-19T17:16:47Z</time>
    <extensions>
     <power>203</power>
     <gpxtpx:TrackPointExtension>
      <gpxtpx:hr>173</gpxtpx:hr>
     </gpxtpx:TrackPointExtension>
    </extensions>
   </trkpt>
   <trkpt lat="49.2680830" lon="-123.1406390">
    <ele>18.2</ele>
    <time>2026-04-19T17:16:48Z</time>
    <extensions>
     <power>203</power>
     <gpxtpx:TrackPointExtension>
      <gpxtpx:hr>173</gpxtpx:hr>
     </gpxtpx:TrackPointExtension>
    </extensions>
   </trkpt>
   <trkpt lat="49.2680690" lon="-123.1406320">
    <ele>18.2</ele>
    <time>2026-04-19T17:16:49Z</time>
    <extensions>
     <power>203</power>
     <gpxtpx:TrackPointExtension>
      <gpxtpx:hr>173</gpxtpx:hr>
     </gpxtpx:TrackPointExtension>
    </extensions>
   </trkpt>
   <trkpt lat="49.2680560" lon="-123.1406240">
    <ele>18.2</ele>
    <time>2026-04-19T17:16:50Z</time>
    <extensions>
     <power>199</power>
     <gpxtpx:TrackPointExtension>
      <gpxtpx:hr>173</gpxtpx:hr>
     </gpxtpx:TrackPointExtension>
    </extensions>
   </trkpt>
   <trkpt lat="49.2680360" lon="-123.1405950">
    <ele>18.4</ele>
    <time>2026-04-19T17:16:51Z</time>
    <extensions>
     <power>199</power>
     <gpxtpx:TrackPointExtension>
      <gpxtpx:hr>173</gpxtpx:hr>
     </gpxtpx:TrackPointExtension>
    </extensions>
   </trkpt>
   <trkpt lat="49.2680310" lon="-123.1405840">
    <ele>18.4</ele>
    <time>2026-04-19T17:16:52Z</time>
    <extensions>
     <power>194</power>
     <gpxtpx:TrackPointExtension>
      <gpxtpx:hr>173</gpxtpx:hr>
     </gpxtpx:TrackPointExtension>
    </extensions>
   </trkpt>
   <trkpt lat="49.2680290" lon="-123.1405310">
    <ele>18.4</ele>
    <time>2026-04-19T17:16:53Z</time>
    <extensions>
     <power>194</power>
     <gpxtpx:TrackPointExtension>
      <gpxtpx:hr>173</gpxtpx:hr>
     </gpxtpx:TrackPointExtension>
    </extensions>
   </trkpt>
   <trkpt lat="49.2680310" lon="-123.1405070">
    <ele>18.4</ele>
    <time>2026-04-19T17:16:54Z</time>
    <extensions>
     <power>194</power>
     <gpxtpx:TrackPointExtension>
      <gpxtpx:hr>173</gpxtpx:hr>
     </gpxtpx:TrackPointExtension>
    </extensions>
   </trkpt>
   <trkpt lat="49.2680330" lon="-123.1404830">
    <ele>18.6</ele>
    <time>2026-04-19T17:16:55Z</time>
    <extensions>
     <power>197</power>
     <gpxtpx:TrackPointExtension>
      <gpxtpx:hr>173</gpxtpx:hr>
     </gpxtpx:TrackPointExtension>
    </extensions>
   </trkpt>
   <trkpt lat="49.2680360" lon="-123.1404230">
    <ele>18.6</ele>
    <time>2026-04-19T17:16:56Z</time>
    <extensions>
     <power>197</power>
     <gpxtpx:TrackPointExtension>
      <gpxtpx:hr>172</gpxtpx:hr>
     </gpxtpx:TrackPointExtension>
    </extensions>
   </trkpt>
   <trkpt lat="49.2680370" lon="-123.1404000">
    <ele>18.6</ele>
    <time>2026-04-19T17:16:57Z</time>
    <extensions>
     <power>197</power>
     <gpxtpx:TrackPointExtension>
      <gpxtpx:hr>172</gpxtpx:hr>
     </gpxtpx:TrackPointExtension>
    </extensions>
   </trkpt>
   <trkpt lat="49.2680370" lon="-123.1403760">
    <ele>18.6</ele>
    <time>2026-04-19T17:16:58Z</time>
    <extensions>
     <power>197</power>
     <gpxtpx:TrackPointExtension>
      <gpxtpx:hr>172</gpxtpx:hr>
     </gpxtpx:TrackPointExtension>
    </extensions>
   </trkpt>
   <trkpt lat="49.2680330" lon="-123.1403170">
    <ele>18.8</ele>
    <time>2026-04-19T17:16:59Z</time>
    <extensions>
     <power>197</power>
     <gpxtpx:TrackPointExtension>
      <gpxtpx:hr>172</gpxtpx:hr>
     </gpxtpx:TrackPointExtension>
    </extensions>
   </trkpt>
   <trkpt lat="49.2680310" lon="-123.1402960">
    <ele>18.8</ele>
    <time>2026-04-19T17:17:00Z</time>
    <extensions>
     <power>203</power>
     <gpxtpx:TrackPointExtension>
      <gpxtpx:hr>172</gpxtpx:hr>
     </gpxtpx:TrackPointExtension>
    </extensions>
   </trkpt>
   <trkpt lat="49.2680290" lon="-123.1402220">
    <ele>18.8</ele>
    <time>2026-04-19T17:17:01Z</time>
    <extensions>
     <power>203</power>
     <gpxtpx:TrackPointExtension>
      <gpxtpx:hr>172</gpxtpx:hr>
     </gpxtpx:TrackPointExtension>
    </extensions>
   </trkpt>
   <trkpt lat="49.2680290" lon="-123.1401930">
    <ele>18.8</ele>
    <time>2026-04-19T17:17:02Z</time>
    <extensions>
     <power>203</power>
     <gpxtpx:TrackPointExtension>
      <gpxtpx:hr>172</gpxtpx:hr>
     </gpxtpx:TrackPointExtension>
    </extensions>
   </trkpt>
   <trkpt lat="49.2680290" lon="-123.1401640">
    <ele>18.8</ele>
    <time>2026-04-19T17:17:03Z</time>
    <extensions>
     <power>206</power>
     <gpxtpx:TrackPointExtension>
      <gpxtpx:hr>173</gpxtpx:hr>
     </gpxtpx:TrackPointExtension>
    </extensions>
   </trkpt>
   <trkpt lat="49.2680300" lon="-123.1401080">
    <ele>18.8</ele>
    <time>2026-04-19T17:17:04Z</time>
    <extensions>
     <power>206</power>
     <gpxtpx:TrackPointExtension>
      <gpxtpx:hr>173</gpxtpx:hr>
     </gpxtpx:TrackPointExtension>
    </extensions>
   </trkpt>
   <trkpt lat="49.2680300" lon="-123.1400900">
    <ele>18.8</ele>
    <time>2026-04-19T17:17:05Z</time>
    <extensions>
     <power>206</power>
     <gpxtpx:TrackPointExtension>
      <gpxtpx:hr>172</gpxtpx:hr>
     </gpxtpx:TrackPointExtension>
    </extensions>
   </trkpt>
   <trkpt lat="49.2680290" lon="-123.1400280">
    <ele>18.8</ele>
    <time>2026-04-19T17:17:06Z</time>
    <extensions>
     <power>206</power>
     <gpxtpx:TrackPointExtension>
      <gpxtpx:hr>172</gpxtpx:hr>
     </gpxtpx:TrackPointExtension>
    </extensions>
   </trkpt>
   <trkpt lat="49.2680280" lon="-123.1400010">
    <ele>18.8</ele>
    <time>2026-04-19T17:17:07Z</time>
    <extensions>
     <power>206</power>
     <gpxtpx:TrackPointExtension>
      <gpxtpx:hr>172</gpxtpx:hr>
     </gpxtpx:TrackPointExtension>
    </extensions>
   </trkpt>
   <trkpt lat="49.2680280" lon="-123.1399750">
    <ele>18.8</ele>
    <time>2026-04-19T17:17:08Z</time>
    <extensions>
     <power>207</power>
     <gpxtpx:TrackPointExtension>
      <gpxtpx:hr>172</gpxtpx:hr>
     </gpxtpx:TrackPointExtension>
    </extensions>
   </trkpt>
   <trkpt lat="49.2680260" lon="-123.1399150">
    <ele>18.8</ele>
    <time>2026-04-19T17:17:09Z</time>
    <extensions>
     <power>207</power>
     <gpxtpx:TrackPointExtension>
      <gpxtpx:hr>172</gpxtpx:hr>
     </gpxtpx:TrackPointExtension>
    </extensions>
   </trkpt>
   <trkpt lat="49.2680250" lon="-123.1398960">
    <ele>18.8</ele>
    <time>2026-04-19T17:17:10Z</time>
    <extensions>
     <power>207</power>
     <gpxtpx:TrackPointExtension>
      <gpxtpx:hr>172</gpxtpx:hr>
     </gpxtpx:TrackPointExtension>
    </extensions>
   </trkpt>
   <trkpt lat="49.2680230" lon="-123.1398290">
    <ele>18.8</ele>
    <time>2026-04-19T17:17:11Z</time>
    <extensions>
     <power>207</power>
     <gpxtpx:TrackPointExtension>
      <gpxtpx:hr>172</gpxtpx:hr>
     </gpxtpx:TrackPointExtension>
    </extensions>
   </trkpt>
   <trkpt lat="49.2680230" lon="-123.1398010">
    <ele>18.8</ele>
    <time>2026-04-19T17:17:12Z</time>
    <extensions>
     <power>207</power>
     <gpxtpx:TrackPointExtension>
      <gpxtpx:hr>172</gpxtpx:hr>
     </gpxtpx:TrackPointExtension>
    </extensions>
   </trkpt>
   <trkpt lat="49.2680220" lon="-123.1397740">
    <ele>18.6</ele>
    <time>2026-04-19T17:17:13Z</time>
    <extensions>
     <power>208</power>
     <gpxtpx:TrackPointExtension>
      <gpxtpx:hr>172</gpxtpx:hr>
     </gpxtpx:TrackPointExtension>
    </extensions>
   </trkpt>
   <trkpt lat="49.2680240" lon="-123.1397140">
    <ele>18.6</ele>
    <time>2026-04-19T17:17:14Z</time>
    <extensions>
     <power>208</power>
     <gpxtpx:TrackPointExtension>
      <gpxtpx:hr>171</gpxtpx:hr>
     </gpxtpx:TrackPointExtension>
    </extensions>
   </trkpt>
   <trkpt lat="49.2680250" lon="-123.1396930">
    <ele>18.6</ele>
    <time>2026-04-19T17:17:15Z</time>
    <extensions>
     <power>208</power>
     <gpxtpx:TrackPointExtension>
      <gpxtpx:hr>171</gpxtpx:hr>
     </gpxtpx:TrackPointExtension>
    </extensions>
   </trkpt>
   <trkpt lat="49.2680260" lon="-123.1396240">
    <ele>18.6</ele>
    <time>2026-04-19T17:17:16Z</time>
    <extensions>
     <power>208</power>
     <gpxtpx:TrackPointExtension>
      <gpxtpx:hr>172</gpxtpx:hr>
     </gpxtpx:TrackPointExtension>
    </extensions>
   </trkpt>
   <trkpt lat="49.2680260" lon="-123.1395970">
    <ele>18.6</ele>
    <time>2026-04-19T17:17:17Z</time>
    <extensions>
     <power>208</power>
     <gpxtpx:TrackPointExtension>
      <gpxtpx:hr>172</gpxtpx:hr>
     </gpxtpx:TrackPointExtension>
    </extensions>
   </trkpt>
   <trkpt lat="49.2680260" lon="-123.1395690">
    <ele>18.6</ele>
    <time>2026-04-19T17:17:18Z</time>
    <extensions>
     <power>210</power>
     <gpxtpx:TrackPointExtension>
      <gpxtpx:hr>172</gpxtpx:hr>
     </gpxtpx:TrackPointExtension>
    </extensions>
   </trkpt>
   <trkpt lat="49.2680260" lon="-123.1395010">
    <ele>18.6</ele>
    <time>2026-04-19T17:17:19Z</time>
    <extensions>
     <power>210</power>
     <gpxtpx:TrackPointExtension>
      <gpxtpx:hr>172</gpxtpx:hr>
     </gpxtpx:TrackPointExtension>
    </extensions>
   </trkpt>
   <trkpt lat="49.2680250" lon="-123.1394740">
    <ele>18.6</ele>
    <time>2026-04-19T17:17:20Z</time>
    <extensions>
     <power>210</power>
     <gpxtpx:TrackPointExtension>
      <gpxtpx:hr>172</gpxtpx:hr>
     </gpxtpx:TrackPointExtension>
    </extensions>
   </trkpt>
   <trkpt lat="49.2680250" lon="-123.1394470">
    <ele>18.6</ele>
    <time>2026-04-19T17:17:21Z</time>
    <extensions>
     <power>212</power>
     <gpxtpx:TrackPointExtension>
      <gpxtpx:hr>172</gpxtpx:hr>
     </gpxtpx:TrackPointExtension>
    </extensions>
   </trkpt>
   <trkpt lat="49.2680250" lon="-123.1393870">
    <ele>18.6</ele>
    <time>2026-04-19T17:17:22Z</time>
    <extensions>
     <power>212</power>
     <gpxtpx:TrackPointExtension>
      <gpxtpx:hr>172</gpxtpx:hr>
     </gpxtpx:TrackPointExtension>
    </extensions>
   </trkpt>
   <trkpt lat="49.2680250" lon="-123.1393670">
    <ele>18.6</ele>
    <time>2026-04-19T17:17:23Z</time>
    <extensions>
     <power>211</power>
     <gpxtpx:TrackPointExtension>
      <gpxtpx:hr>172</gpxtpx:hr>
     </gpxtpx:TrackPointExtension>
    </extensions>
   </trkpt>
   <trkpt lat="49.2680300" lon="-123.1393030">
    <ele>18.6</ele>
    <time>2026-04-19T17:17:24Z</time>
    <extensions>
     <power>211</power>
     <gpxtpx:TrackPointExtension>
      <gpxtpx:hr>171</gpxtpx:hr>
     </gpxtpx:TrackPointExtension>
    </extensions>
   </trkpt>
   <trkpt lat="49.2680330" lon="-123.1392790">
    <ele>18.6</ele>
    <time>2026-04-19T17:17:25Z</time>
    <extensions>
     <power>211</power>
     <gpxtpx:TrackPointExtension>
      <gpxtpx:hr>171</gpxtpx:hr>
     </gpxtpx:TrackPointExtension>
    </extensions>
   </trkpt>
   <trkpt lat="49.2680360" lon="-123.1392540">
    <ele>18.6</ele>
    <time>2026-04-19T17:17:26Z</time>
    <extensions>
     <power>209</power>
     <gpxtpx:TrackPointExtension>
      <gpxtpx:hr>171</gpxtpx:hr>
     </gpxtpx:TrackPointExtension>
    </extensions>
   </trkpt>
   <trkpt lat="49.2680360" lon="-123.1391970">
    <ele>18.4</ele>
    <time>2026-04-19T17:17:27Z</time>
    <extensions>
     <power>209</power>
     <gpxtpx:TrackPointExtension>
      <gpxtpx:hr>171</gpxtpx:hr>
     </gpxtpx:TrackPointExtension>
    </extensions>
   </trkpt>
   <trkpt lat="49.2680350" lon="-123.1391770">
    <ele>18.4</ele>
    <time>2026-04-19T17:17:28Z</time>
    <extensions>
     <power>211</power>
     <gpxtpx:TrackPointExtension>
      <gpxtpx:hr>171</gpxtpx:hr>
     </gpxtpx:TrackPointExtension>
    </extensions>
   </trkpt>
   <trkpt lat="49.2680320" lon="-123.1391090">
    <ele>18.4</ele>
    <time>2026-04-19T17:17:29Z</time>
    <extensions>
     <power>211</power>
     <gpxtpx:TrackPointExtension>
      <gpxtpx:hr>171</gpxtpx:hr>
     </gpxtpx:TrackPointExtension>
    </extensions>
   </trkpt>
   <trkpt lat="49.2680300" lon="-123.1390820">
    <ele>18.4</ele>
    <time>2026-04-19T17:17:30Z</time>
    <extensions>
     <power>211</power>
     <gpxtpx:TrackPointExtension>
      <gpxtpx:hr>171</gpxtpx:hr>
     </gpxtpx:TrackPointExtension>
    </extensions>
   </trkpt>
   <trkpt lat="49.2680290" lon="-123.1390550">
    <ele>18.4</ele>
    <time>2026-04-19T17:17:31Z</time>
    <extensions>
     <power>211</power>
     <gpxtpx:TrackPointExtension>
      <gpxtpx:hr>171</gpxtpx:hr>
     </gpxtpx:TrackPointExtension>
    </extensions>
   </trkpt>
   <trkpt lat="49.2680270" lon="-123.1389930">
    <ele>18.4</ele>
    <time>2026-04-19T17:17:32Z</time>
    <extensions>
     <power>211</power>
     <gpxtpx:TrackPointExtension>
      <gpxtpx:hr>171</gpxtpx:hr>
     </gpxtpx:TrackPointExtension>
    </extensions>
   </trkpt>
   <trkpt lat="49.2680250" lon="-123.1389720">
    <ele>18.4</ele>
    <time>2026-04-19T17:17:33Z</time>
    <extensions>
     <power>212</power>
     <gpxtpx:TrackPointExtension>
      <gpxtpx:hr>171</gpxtpx:hr>
     </gpxtpx:TrackPointExtension>
    </extensions>
   </trkpt>
   <trkpt lat="49.2680180" lon="-123.1389020">
    <ele>18.4</ele>
    <time>2026-04-19T17:17:34Z</time>
    <extensions>
     <power>212</power>
     <gpxtpx:TrackPointExtension>
      <gpxtpx:hr>171</gpxtpx:hr>
     </gpxtpx:TrackPointExtension>
    </extensions>
   </trkpt>
   <trkpt lat="49.2680160" lon="-123.1388750">
    <ele>18.4</ele>
    <time>2026-04-19T17:17:35Z</time>
    <extensions>
     <power>212</power>
     <gpxtpx:TrackPointExtension>
      <gpxtpx:hr>171</gpxtpx:hr>
     </gpxtpx:TrackPointExtension>
    </extensions>
   </trkpt>
   <trkpt lat="49.2680130" lon="-123.1388470">
    <ele>18.4</ele>
    <time>2026-04-19T17:17:36Z</time>
    <extensions>
     <power>213</power>
     <gpxtpx:TrackPointExtension>
      <gpxtpx:hr>171</gpxtpx:hr>
     </gpxtpx:TrackPointExtension>
    </extensions>
   </trkpt>
   <trkpt lat="49.2680110" lon="-123.1387860">
    <ele>18.4</ele>
    <time>2026-04-19T17:17:37Z</time>
    <extensions>
     <power>213</power>
     <gpxtpx:TrackPointExtension>
      <gpxtpx:hr>172</gpxtpx:hr>
     </gpxtpx:TrackPointExtension>
    </extensions>
   </trkpt>
   <trkpt lat="49.2680110" lon="-123.1387660">
    <ele>18.4</ele>
    <time>2026-04-19T17:17:38Z</time>
    <extensions>
     <power>211</power>
     <gpxtpx:TrackPointExtension>
      <gpxtpx:hr>172</gpxtpx:hr>
     </gpxtpx:TrackPointExtension>
    </extensions>
   </trkpt>
   <trkpt lat="49.2680120" lon="-123.1387060">
    <ele>18.4</ele>
    <time>2026-04-19T17:17:39Z</time>
    <extensions>
     <power>211</power>
     <gpxtpx:TrackPointExtension>
      <gpxtpx:hr>172</gpxtpx:hr>
     </gpxtpx:TrackPointExtension>
    </extensions>
   </trkpt>
   <trkpt lat="49.2680130" lon="-123.1386830">
    <ele>18.4</ele>
    <time>2026-04-19T17:17:40Z</time>
    <extensions>
     <power>211</power>
     <gpxtpx:TrackPointExtension>
      <gpxtpx:hr>172</gpxtpx:hr>
     </gpxtpx:TrackPointExtension>
    </extensions>
   </trkpt>
   <trkpt lat="49.2680130" lon="-123.1386600">
    <ele>18.2</ele>
    <time>2026-04-19T17:17:41Z</time>
    <extensions>
     <power>208</power>
     <gpxtpx:TrackPointExtension>
      <gpxtpx:hr>172</gpxtpx:hr>
     </gpxtpx:TrackPointExtension>
    </extensions>
   </trkpt>
   <trkpt lat="49.2680160" lon="-123.1385940">
    <ele>18.2</ele>
    <time>2026-04-19T17:17:42Z</time>
    <extensions>
     <power>208</power>
     <gpxtpx:TrackPointExtension>
      <gpxtpx:hr>172</gpxtpx:hr>
     </gpxtpx:TrackPointExtension>
    </extensions>
   </trkpt>
   <trkpt lat="49.2680180" lon="-123.1385660">
    <ele>18.2</ele>
    <time>2026-04-19T17:17:43Z</time>
    <extensions>
     <power>208</power>
     <gpxtpx:TrackPointExtension>
      <gpxtpx:hr>172</gpxtpx:hr>
     </gpxtpx:TrackPointExtension>
    </extensions>
   </trkpt>
   <trkpt lat="49.2680200" lon="-123.1385390">
    <ele>18.2</ele>
    <time>2026-04-19T17:17:44Z</time>
    <extensions>
     <power>210</power>
     <gpxtpx:TrackPointExtension>
      <gpxtpx:hr>172</gpxtpx:hr>
     </gpxtpx:TrackPointExtension>
    </extensions>
   </trkpt>
   <trkpt lat="49.2680240" lon="-123.1384810">
    <ele>18.2</ele>
    <time>2026-04-19T17:17:45Z</time>
    <extensions>
     <power>210</power>
     <gpxtpx:TrackPointExtension>
      <gpxtpx:hr>172</gpxtpx:hr>
     </gpxtpx:TrackPointExtension>
    </extensions>
   </trkpt>
   <trkpt lat="49.2680250" lon="-123.1384610">
    <ele>18.0</ele>
    <time>2026-04-19T17:17:46Z</time>
    <extensions>
     <power>208</power>
     <gpxtpx:TrackPointExtension>
      <gpxtpx:hr>172</gpxtpx:hr>
     </gpxtpx:TrackPointExtension>
    </extensions>
   </trkpt>
   <trkpt lat="49.2680260" lon="-123.1383980">
    <ele>18.0</ele>
    <time>2026-04-19T17:17:47Z</time>
    <extensions>
     <power>208</power>
     <gpxtpx:TrackPointExtension>
      <gpxtpx:hr>173</gpxtpx:hr>
     </gpxtpx:TrackPointExtension>
    </extensions>
   </trkpt>
   <trkpt lat="49.2680250" lon="-123.1383720">
    <ele>18.0</ele>
    <time>2026-04-19T17:17:48Z</time>
    <extensions>
     <power>208</power>
     <gpxtpx:TrackPointExtension>
      <gpxtpx:hr>173</gpxtpx:hr>
     </gpxtpx:TrackPointExtension>
    </extensions>
   </trkpt>
   <trkpt lat="49.2680250" lon="-123.1383470">
    <ele>18.0</ele>
    <time>2026-04-19T17:17:49Z</time>
    <extensions>
     <power>203</power>
     <gpxtpx:TrackPointExtension>
      <gpxtpx:hr>173</gpxtpx:hr>
     </gpxtpx:TrackPointExtension>
    </extensions>
   </trkpt>
   <trkpt lat="49.2680210" lon="-123.1382880">
    <ele>18.0</ele>
    <time>2026-04-19T17:17:50Z</time>
    <extensions>
     <power>203</power>
     <gpxtpx:TrackPointExtension>
      <gpxtpx:hr>173</gpxtpx:hr>
     </gpxtpx:TrackPointExtension>
    </extensions>
   </trkpt>
   <trkpt lat="49.2680190" lon="-123.1382680">
    <ele>18.0</ele>
    <time>2026-04-19T17:17:51Z</time>
    <extensions>
     <power>202</power>
     <gpxtpx:TrackPointExtension>
      <gpxtpx:hr>173</gpxtpx:hr>
     </gpxtpx:TrackPointExtension>
    </extensions>
   </trkpt>
   <trkpt lat="49.2680150" lon="-123.1382000">
    <ele>18.0</ele>
    <time>2026-04-19T17:17:52Z</time>
    <extensions>
     <power>202</power>
     <gpxtpx:TrackPointExtension>
      <gpxtpx:hr>173</gpxtpx:hr>
     </gpxtpx:TrackPointExtension>
    </extensions>
   </trkpt>
   <trkpt lat="49.2680130" lon="-123.1381720">
    <ele>18.0</ele>
    <time>2026-04-19T17:17:53Z</time>
    <extensions>
     <power>202</power>
     <gpxtpx:TrackPointExtension>
      <gpxtpx:hr>174</gpxtpx:hr>
     </gpxtpx:TrackPointExtension>
    </extensions>
   </trkpt>
   <trkpt lat="49.2680120" lon="-123.1381450">
    <ele>18.0</ele>
    <time>2026-04-19T17:17:54Z</time>
    <extensions>
     <power>203</power>
     <gpxtpx:TrackPointExtension>
      <gpxtpx:hr>174</gpxtpx:hr>
     </gpxtpx:TrackPointExtension>
    </extensions>
   </trkpt>
   <trkpt lat="49.2680130" lon="-123.1380880">
    <ele>18.0</ele>
    <time>2026-04-19T17:17:55Z</time>
    <extensions>
     <power>203</power>
     <gpxtpx:TrackPointExtension>
      <gpxtpx:hr>174</gpxtpx:hr>
     </gpxtpx:TrackPointExtension>
    </extensions>
   </trkpt>
   <trkpt lat="49.2680130" lon="-123.1380690">
    <ele>17.8</ele>
    <time>2026-04-19T17:17:56Z</time>
    <extensions>
     <power>206</power>
     <gpxtpx:TrackPointExtension>
      <gpxtpx:hr>174</gpxtpx:hr>
     </gpxtpx:TrackPointExtension>
    </extensions>
   </trkpt>
   <trkpt lat="49.2680160" lon="-123.1379980">
    <ele>17.8</ele>
    <time>2026-04-19T17:17:57Z</time>
    <extensions>
     <power>206</power>
     <gpxtpx:TrackPointExtension>
      <gpxtpx:hr>173</gpxtpx:hr>
     </gpxtpx:TrackPointExtension>
    </extensions>
   </trkpt>
   <trkpt lat="49.2680180" lon="-123.1379680">
    <ele>17.8</ele>
    <time>2026-04-19T17:17:58Z</time>
    <extensions>
     <power>206</power>
     <gpxtpx:TrackPointExtension>
      <gpxtpx:hr>173</gpxtpx:hr>
     </gpxtpx:TrackPointExtension>
    </extensions>
   </trkpt>
   <trkpt lat="49.2680190" lon="-123.1379380">
    <ele>17.8</ele>
    <time>2026-04-19T17:17:59Z</time>
    <extensions>
     <power>213</power>
     <gpxtpx:TrackPointExtension>
      <gpxtpx:hr>173</gpxtpx:hr>
     </gpxtpx:TrackPointExtension>
    </extensions>
   </trkpt>
   <trkpt lat="49.2680180" lon="-123.1378710">
    <ele>17.6</ele>
    <time>2026-04-19T17:18:00Z</time>
    <extensions>
     <power>213</power>
     <gpxtpx:TrackPointExtension>
      <gpxtpx:hr>172</gpxtpx:hr>
     </gpxtpx:TrackPointExtension>
    </extensions>
   </trkpt>
   <trkpt lat="49.2680170" lon="-123.1378500">
    <ele>17.6</ele>
    <time>2026-04-19T17:18:01Z</time>
    <extensions>
     <power>207</power>
     <gpxtpx:TrackPointExtension>
      <gpxtpx:hr>172</gpxtpx:hr>
     </gpxtpx:TrackPointExtension>
    </extensions>
   </trkpt>
   <trkpt lat="49.2680120" lon="-123.1377800">
    <ele>17.6</ele>
    <time>2026-04-19T17:18:02Z</time>
    <extensions>
     <power>207</power>
     <gpxtpx:TrackPointExtension>
      <gpxtpx:hr>172</gpxtpx:hr>
     </gpxtpx:TrackPointExtension>
    </extensions>
   </trkpt>
   <trkpt lat="49.2680090" lon="-123.1377520">
    <ele>17.4</ele>
    <time>2026-04-19T17:18:03Z</time>
    <extensions>
     <power>207</power>
     <gpxtpx:TrackPointExtension>
      <gpxtpx:hr>172</gpxtpx:hr>
     </gpxtpx:TrackPointExtension>
    </extensions>
   </trkpt>
   <trkpt lat="49.2680070" lon="-123.1377240">
    <ele>17.4</ele>
    <time>2026-04-19T17:18:04Z</time>
    <extensions>
     <power>208</power>
     <gpxtpx:TrackPointExtension>
      <gpxtpx:hr>172</gpxtpx:hr>
     </gpxtpx:TrackPointExtension>
    </extensions>
   </trkpt>
   <trkpt lat="49.2680020" lon="-123.1376540">
    <ele>17.4</ele>
    <time>2026-04-19T17:18:05Z</time>
    <extensions>
     <power>208</power>
     <gpxtpx:TrackPointExtension>
      <gpxtpx:hr>172</gpxtpx:hr>
     </gpxtpx:TrackPointExtension>
    </extensions>
   </trkpt>
   <trkpt lat="49.2680010" lon="-123.1376260">
    <ele>17.4</ele>
    <time>2026-04-19T17:18:06Z</time>
    <extensions>
     <power>208</power>
     <gpxtpx:TrackPointExtension>
      <gpxtpx:hr>173</gpxtpx:hr>
     </gpxtpx:TrackPointExtension>
    </extensions>
   </trkpt>
   <trkpt lat="49.2679990" lon="-123.1375990">
    <ele>17.4</ele>
    <time>2026-04-19T17:18:07Z</time>
    <extensions>
     <power>207</power>
     <gpxtpx:TrackPointExtension>
      <gpxtpx:hr>173</gpxtpx:hr>
     </gpxtpx:TrackPointExtension>
    </extensions>
   </trkpt>
   <trkpt lat="49.2679940" lon="-123.1375420">
    <ele>17.4</ele>
    <time>2026-04-19T17:18:08Z</time>
    <extensions>
     <power>207</power>
     <gpxtpx:TrackPointExtension>
      <gpxtpx:hr>173</gpxtpx:hr>
     </gpxtpx:TrackPointExtension>
    </extensions>
   </trkpt>
   <trkpt lat="49.2679920" lon="-123.1375230">
    <ele>17.4</ele>
    <time>2026-04-19T17:18:09Z</time>
    <extensions>
     <power>202</power>
     <gpxtpx:TrackPointExtension>
      <gpxtpx:hr>173</gpxtpx:hr>
     </gpxtpx:TrackPointExtension>
    </extensions>
   </trkpt>
   <trkpt lat="49.2679850" lon="-123.1374580">
    <ele>17.4</ele>
    <time>2026-04-19T17:18:10Z</time>
    <extensions>
     <power>202</power>
     <gpxtpx:TrackPointExtension>
      <gpxtpx:hr>171</gpxtpx:hr>
     </gpxtpx:TrackPointExtension>
    </extensions>
   </trkpt>
   <trkpt lat="49.2679830" lon="-123.1374320">
    <ele>17.4</ele>
    <time>2026-04-19T17:18:11Z</time>
    <extensions>
     <power>202</power>
     <gpxtpx:TrackPointExtension>
      <gpxtpx:hr>171</gpxtpx:hr>
     </gpxtpx:TrackPointExtension>
    </extensions>
   </trkpt>
   <trkpt lat="49.2679800" lon="-123.1374050">
    <ele>17.4</ele>
    <time>2026-04-19T17:18:12Z</time>
    <extensions>
     <power>200</power>
     <gpxtpx:TrackPointExtension>
      <gpxtpx:hr>171</gpxtpx:hr>
     </gpxtpx:TrackPointExtension>
    </extensions>
   </trkpt>
   <trkpt lat="49.2679730" lon="-123.1373460">
    <ele>17.4</ele>
    <time>2026-04-19T17:18:13Z</time>
    <extensions>
     <power>200</power>
     <gpxtpx:TrackPointExtension>
      <gpxtpx:hr>171</gpxtpx:hr>
     </gpxtpx:TrackPointExtension>
    </extensions>
   </trkpt>
   <trkpt lat="49.2679700" lon="-123.1373260">
    <ele>17.4</ele>
    <time>2026-04-19T17:18:14Z</time>
    <extensions>
     <power>204</power>
     <gpxtpx:TrackPointExtension>
      <gpxtpx:hr>171</gpxtpx:hr>
     </gpxtpx:TrackPointExtension>
    </extensions>
   </trkpt>
   <trkpt lat="49.2679610" lon="-123.1372590">
    <ele>17.4</ele>
    <time>2026-04-19T17:18:15Z</time>
    <extensions>
     <power>204</power>
     <gpxtpx:TrackPointExtension>
      <gpxtpx:hr>171</gpxtpx:hr>
     </gpxtpx:TrackPointExtension>
    </extensions>
   </trkpt>
   <trkpt lat="49.2679580" lon="-123.1372320">
    <ele>17.6</ele>
    <time>2026-04-19T17:18:16Z</time>
    <extensions>
     <power>204</power>
     <gpxtpx:TrackPointExtension>
      <gpxtpx:hr>171</gpxtpx:hr>
     </gpxtpx:TrackPointExtension>
    </extensions>
   </trkpt>
   <trkpt lat="49.2679550" lon="-123.1372060">
    <ele>17.6</ele>
    <time>2026-04-19T17:18:17Z</time>
    <extensions>
     <power>205</power>
     <gpxtpx:TrackPointExtension>
      <gpxtpx:hr>172</gpxtpx:hr>
     </gpxtpx:TrackPointExtension>
    </extensions>
   </trkpt>
   <trkpt lat="49.2679470" lon="-123.1371530">
    <ele>17.6</ele>
    <time>2026-04-19T17:18:18Z</time>
    <extensions>
     <power>205</power>
     <gpxtpx:TrackPointExtension>
      <gpxtpx:hr>172</gpxtpx:hr>
     </gpxtpx:TrackPointExtension>
    </extensions>
   </trkpt>
   <trkpt lat="49.2679430" lon="-123.1371360">
    <ele>17.6</ele>
    <time>2026-04-19T17:18:19Z</time>
    <extensions>
     <power>204</power>
     <gpxtpx:TrackPointExtension>
      <gpxtpx:hr>172</gpxtpx:hr>
     </gpxtpx:TrackPointExtension>
    </extensions>
   </trkpt>
   <trkpt lat="49.2679240" lon="-123.1370890">
    <ele>17.6</ele>
    <time>2026-04-19T17:18:20Z</time>
    <extensions>
     <power>204</power>
     <gpxtpx:TrackPointExtension>
      <gpxtpx:hr>172</gpxtpx:hr>
     </gpxtpx:TrackPointExtension>
    </extensions>
   </trkpt>
   <trkpt lat="49.2679150" lon="-123.1370730">
    <ele>17.8</ele>
    <time>2026-04-19T17:18:21Z</time>
    <extensions>
     <power>204</power>
     <gpxtpx:TrackPointExtension>
      <gpxtpx:hr>172</gpxtpx:hr>
     </gpxtpx:TrackPointExtension>
    </extensions>
   </trkpt>
   <trkpt lat="49.2679070" lon="-123.1370560">
    <ele>17.8</ele>
    <time>2026-04-19T17:18:22Z</time>
    <extensions>
     <power>198</power>
     <gpxtpx:TrackPointExtension>
      <gpxtpx:hr>172</gpxtpx:hr>
     </gpxtpx:TrackPointExtension>
    </extensions>
   </trkpt>
   <trkpt lat="49.2678960" lon="-123.1370380">
    <ele>17.8</ele>
    <time>2026-04-19T17:18:23Z</time>
    <extensions>
     <power>198</power>
     <gpxtpx:TrackPointExtension>
      <gpxtpx:hr>172</gpxtpx:hr>
     </gpxtpx:TrackPointExtension>
    </extensions>
   </trkpt>
   <trkpt lat="49.2678860" lon="-123.1370230">
    <ele>17.8</ele>
    <time>2026-04-19T17:18:24Z</time>
    <extensions>
     <power>178</power>
     <gpxtpx:TrackPointExtension>
      <gpxtpx:hr>172</gpxtpx:hr>
     </gpxtpx:TrackPointExtension>
    </extensions>
   </trkpt>
   <trkpt lat="49.2678680" lon="-123.1369930">
    <ele>18.0</ele>
    <time>2026-04-19T17:18:25Z</time>
    <extensions>
     <power>178</power>
     <gpxtpx:TrackPointExtension>
      <gpxtpx:hr>172</gpxtpx:hr>
     </gpxtpx:TrackPointExtension>
    </extensions>
   </trkpt>
   <trkpt lat="49.2678620" lon="-123.1369810">
    <ele>18.0</ele>
    <time>2026-04-19T17:18:26Z</time>
    <extensions>
     <power>178</power>
     <gpxtpx:TrackPointExtension>
      <gpxtpx:hr>172</gpxtpx:hr>
     </gpxtpx:TrackPointExtension>
    </extensions>
   </trkpt>
   <trkpt lat="49.2678550" lon="-123.1369680">
    <ele>18.0</ele>
    <time>2026-04-19T17:18:27Z</time>
    <extensions>
     <power>73</power>
     <gpxtpx:TrackPointExtension>
      <gpxtpx:hr>172</gpxtpx:hr>
     </gpxtpx:TrackPointExtension>
    </extensions>
   </trkpt>
   <trkpt lat="49.2678350" lon="-123.1369370">
    <ele>18.0</ele>
    <time>2026-04-19T17:18:28Z</time>
    <extensions>
     <power>73</power>
     <gpxtpx:TrackPointExtension>
      <gpxtpx:hr>172</gpxtpx:hr>
     </gpxtpx:TrackPointExtension>
    </extensions>
   </trkpt>
   <trkpt lat="49.2678270" lon="-123.1369240">
    <ele>18.2</ele>
    <time>2026-04-19T17:18:29Z</time>
    <extensions>
     <power>73</power>
     <gpxtpx:TrackPointExtension>
      <gpxtpx:hr>173</gpxtpx:hr>
     </gpxtpx:TrackPointExtension>
    </extensions>
   </trkpt>
   <trkpt lat="49.2678180" lon="-123.1369120">
    <ele>18.2</ele>
    <time>2026-04-19T17:18:30Z</time>
    <extensions>
     <power>118</power>
     <gpxtpx:TrackPointExtension>
      <gpxtpx:hr>173</gpxtpx:hr>
     </gpxtpx:TrackPointExtension>
    </extensions>
   </trkpt>
   <trkpt lat="49.2678000" lon="-123.1368890">
    <ele>18.2</ele>
    <time>2026-04-19T17:18:31Z</time>
    <extensions>
     <power>118</power>
     <gpxtpx:TrackPointExtension>
      <gpxtpx:hr>173</gpxtpx:hr>
     </gpxtpx:TrackPointExtension>
    </extensions>
   </trkpt>
   <trkpt lat="49.2677940" lon="-123.1368820">
    <ele>18.2</ele>
    <time>2026-04-19T17:18:32Z</time>
    <extensions>
     <power>114</power>
     <gpxtpx:TrackPointExtension>
      <gpxtpx:hr>173</gpxtpx:hr>
     </gpxtpx:TrackPointExtension>
    </extensions>
   </trkpt>
   <trkpt lat="49.2677760" lon="-123.1368520">
    <ele>18.2</ele>
    <time>2026-04-19T17:18:33Z</time>
    <extensions>
     <power>114</power>
     <gpxtpx:TrackPointExtension>
      <gpxtpx:hr>178</gpxtpx:hr>
     </gpxtpx:TrackPointExtension>
    </extensions>
   </trkpt>
   <trkpt lat="49.2677700" lon="-123.1368400">
    <ele>18.4</ele>
    <time>2026-04-19T17:18:34Z</time>
    <extensions>
     <power>114</power>
     <gpxtpx:TrackPointExtension>
      <gpxtpx:hr>178</gpxtpx:hr>
     </gpxtpx:TrackPointExtension>
    </extensions>
   </trkpt>
   <trkpt lat="49.2677630" lon="-123.1368280">
    <ele>18.4</ele>
    <time>2026-04-19T17:18:35Z</time>
    <extensions>
     <power>116</power>
     <gpxtpx:TrackPointExtension>
      <gpxtpx:hr>178</gpxtpx:hr>
     </gpxtpx:TrackPointExtension>
    </extensions>
   </trkpt>
   <trkpt lat="49.2677450" lon="-123.1367980">
    <ele>18.4</ele>
    <time>2026-04-19T17:18:36Z</time>
    <extensions>
     <power>116</power>
     <gpxtpx:TrackPointExtension>
      <gpxtpx:hr>178</gpxtpx:hr>
     </gpxtpx:TrackPointExtension>
    </extensions>
   </trkpt>
   <trkpt lat="49.2677390" lon="-123.1367890">
    <ele>18.4</ele>
    <time>2026-04-19T17:18:37Z</time>
    <extensions>
     <power>118</power>
     <gpxtpx:TrackPointExtension>
      <gpxtpx:hr>178</gpxtpx:hr>
     </gpxtpx:TrackPointExtension>
    </extensions>
   </trkpt>
   <trkpt lat="49.2677170" lon="-123.1367580">
    <ele>18.4</ele>
    <time>2026-04-19T17:18:38Z</time>
    <extensions>
     <power>118</power>
     <gpxtpx:TrackPointExtension>
      <gpxtpx:hr>178</gpxtpx:hr>
     </gpxtpx:TrackPointExtension>
    </extensions>
   </trkpt>
   <trkpt lat="49.2677080" lon="-123.1367450">
    <ele>18.6</ele>
    <time>2026-04-19T17:18:39Z</time>
    <extensions>
     <power>118</power>
     <gpxtpx:TrackPointExtension>
      <gpxtpx:hr>178</gpxtpx:hr>
     </gpxtpx:TrackPointExtension>
    </extensions>
   </trkpt>
   <trkpt lat="49.2676990" lon="-123.1367320">
    <ele>18.6</ele>
    <time>2026-04-19T17:18:40Z</time>
    <extensions>
     <power>119</power>
     <gpxtpx:TrackPointExtension>
      <gpxtpx:hr>178</gpxtpx:hr>
     </gpxtpx:TrackPointExtension>
    </extensions>
   </trkpt>
   <trkpt lat="49.2676800" lon="-123.1366990">
    <ele>18.6</ele>
    <time>2026-04-19T17:18:41Z</time>
    <extensions>
     <power>119</power>
     <gpxtpx:TrackPointExtension>
      <gpxtpx:hr>178</gpxtpx:hr>
     </gpxtpx:TrackPointExtension>
    </extensions>
   </trkpt>
   <trkpt lat="49.2676730" lon="-123.1366880">
    <ele>18.6</ele>
    <time>2026-04-19T17:18:42Z</time>
    <extensions>
     <power>122</power>
     <gpxtpx:TrackPointExtension>
      <gpxtpx:hr>178</gpxtpx:hr>
     </gpxtpx:TrackPointExtension>
    </extensions>
   </trkpt>
   <trkpt lat="49.2676500" lon="-123.1366520">
    <ele>18.6</ele>
    <time>2026-04-19T17:18:43Z</time>
    <extensions>
     <power>122</power>
     <gpxtpx:TrackPointExtension>
      <gpxtpx:hr>178</gpxtpx:hr>
     </gpxtpx:TrackPointExtension>
    </extensions>
   </trkpt>
   <trkpt lat="49.2676400" lon="-123.1366380">
    <ele>18.8</ele>
    <time>2026-04-19T17:18:44Z</time>
    <extensions>
     <power>122</power>
     <gpxtpx:TrackPointExtension>
      <gpxtpx:hr>177</gpxtpx:hr>
     </gpxtpx:TrackPointExtension>
    </extensions>
   </trkpt>
   <trkpt lat="49.2676300" lon="-123.1366240">
    <ele>18.8</ele>
    <time>2026-04-19T17:18:45Z</time>
    <extensions>
     <power>131</power>
     <gpxtpx:TrackPointExtension>
      <gpxtpx:hr>177</gpxtpx:hr>
     </gpxtpx:TrackPointExtension>
    </extensions>
   </trkpt>
   <trkpt lat="49.2676080" lon="-123.1365920">
    <ele>18.8</ele>
    <time>2026-04-19T17:18:46Z</time>
    <extensions>
     <power>131</power>
     <gpxtpx:TrackPointExtension>
      <gpxtpx:hr>177</gpxtpx:hr>
     </gpxtpx:TrackPointExtension>
    </extensions>
   </trkpt>
   <trkpt lat="49.2676010" lon="-123.1365820">
    <ele>18.8</ele>
    <time>2026-04-19T17:18:47Z</time>
    <extensions>
     <power>117</power>
     <gpxtpx:TrackPointExtension>
      <gpxtpx:hr>177</gpxtpx:hr>
     </gpxtpx:TrackPointExtension>
    </extensions>
   </trkpt>
   <trkpt lat="49.2675780" lon="-123.1365470">
    <ele>19.0</ele>
    <time>2026-04-19T17:18:48Z</time>
    <extensions>
     <power>117</power>
     <gpxtpx:TrackPointExtension>
      <gpxtpx:hr>177</gpxtpx:hr>
     </gpxtpx:TrackPointExtension>
    </extensions>
   </trkpt>
   <trkpt lat="49.2675690" lon="-123.1365340">
    <ele>19.0</ele>
    <time>2026-04-19T17:18:49Z</time>
    <extensions>
     <power>117</power>
     <gpxtpx:TrackPointExtension>
      <gpxtpx:hr>179</gpxtpx:hr>
     </gpxtpx:TrackPointExtension>
    </extensions>
   </trkpt>
   <trkpt lat="49.2675600" lon="-123.1365200">
    <ele>19.0</ele>
    <time>2026-04-19T17:18:50Z</time>
    <extensions>
     <power>131</power>
     <gpxtpx:TrackPointExtension>
      <gpxtpx:hr>179</gpxtpx:hr>
     </gpxtpx:TrackPointExtension>
    </extensions>
   </trkpt>
   <trkpt lat="49.2675370" lon="-123.1364840">
    <ele>19.0</ele>
    <time>2026-04-19T17:18:51Z</time>
    <extensions>
     <power>131</power>
     <gpxtpx:TrackPointExtension>
      <gpxtpx:hr>179</gpxtpx:hr>
     </gpxtpx:TrackPointExtension>
    </extensions>
   </trkpt>
   <trkpt lat="49.2675270" lon="-123.1364680">
    <ele>19.2</ele>
    <time>2026-04-19T17:18:52Z</time>
    <extensions>
     <power>131</power>
     <gpxtpx:TrackPointExtension>
      <gpxtpx:hr>179</gpxtpx:hr>
     </gpxtpx:TrackPointExtension>
    </extensions>
   </trkpt>
   <trkpt lat="49.2675180" lon="-123.1364530">
    <ele>19.2</ele>
    <time>2026-04-19T17:18:53Z</time>
    <extensions>
     <power>143</power>
     <gpxtpx:TrackPointExtension>
      <gpxtpx:hr>179</gpxtpx:hr>
     </gpxtpx:TrackPointExtension>
    </extensions>
   </trkpt>
   <trkpt lat="49.2674980" lon="-123.1364190">
    <ele>19.2</ele>
    <time>2026-04-19T17:18:54Z</time>
    <extensions>
     <power>143</power>
     <gpxtpx:TrackPointExtension>
      <gpxtpx:hr>178</gpxtpx:hr>
     </gpxtpx:TrackPointExtension>
    </extensions>
   </trkpt>
   <trkpt lat="49.2674910" lon="-123.1364090">
    <ele>19.4</ele>
    <time>2026-04-19T17:18:55Z</time>
    <extensions>
     <power>146</power>
     <gpxtpx:TrackPointExtension>
      <gpxtpx:hr>178</gpxtpx:hr>
     </gpxtpx:TrackPointExtension>
    </extensions>
   </trkpt>
   <trkpt lat="49.2674700" lon="-123.1363760">
    <ele>19.4</ele>
    <time>2026-04-19T17:18:56Z</time>
    <extensions>
     <power>146</power>
     <gpxtpx:TrackPointExtension>
      <gpxtpx:hr>178</gpxtpx:hr>
     </gpxtpx:TrackPointExtension>
    </extensions>
   </trkpt>
   <trkpt lat="49.2674610" lon="-123.1363620">
    <ele>19.4</ele>
    <time>2026-04-19T17:18:57Z</time>
    <extensions>
     <power>146</power>
     <gpxtpx:TrackPointExtension>
      <gpxtpx:hr>178</gpxtpx:hr>
     </gpxtpx:TrackPointExtension>
    </extensions>
   </trkpt>
   <trkpt lat="49.2674530" lon="-123.1363490">
    <ele>19.6</ele>
    <time>2026-04-19T17:18:58Z</time>
    <extensions>
     <power>147</power>
     <gpxtpx:TrackPointExtension>
      <gpxtpx:hr>178</gpxtpx:hr>
     </gpxtpx:TrackPointExtension>
    </extensions>
   </trkpt>
   <trkpt lat="49.2674410" lon="-123.1363290">
    <ele>19.6</ele>
    <time>2026-04-19T17:18:59Z</time>
    <extensions>
     <power>147</power>
     <gpxtpx:TrackPointExtension>
      <gpxtpx:hr>178</gpxtpx:hr>
     </gpxtpx:TrackPointExtension>
    </extensions>
   </trkpt>
   <trkpt lat="49.2674290" lon="-123.1363080">
    <ele>19.6</ele>
    <time>2026-04-19T17:19:00Z</time>
    <extensions>
     <power>144</power>
     <gpxtpx:TrackPointExtension>
      <gpxtpx:hr>178</gpxtpx:hr>
     </gpxtpx:TrackPointExtension>
    </extensions>
   </trkpt>
   <trkpt lat="49.2674080" lon="-123.1362690">
    <ele>19.8</ele>
    <time>2026-04-19T17:19:01Z</time>
    <extensions>
     <power>144</power>
     <gpxtpx:TrackPointExtension>
      <gpxtpx:hr>178</gpxtpx:hr>
     </gpxtpx:TrackPointExtension>
    </extensions>
   </trkpt>
   <trkpt lat="49.2673990" lon="-123.1362530">
    <ele>19.8</ele>
    <time>2026-04-19T17:19:02Z</time>
    <extensions>
     <power>144</power>
     <gpxtpx:TrackPointExtension>
      <gpxtpx:hr>178</gpxtpx:hr>
     </gpxtpx:TrackPointExtension>
    </extensions>
   </trkpt>
   <trkpt lat="49.2673900" lon="-123.1362360">
    <ele>19.8</ele>
    <time>2026-04-19T17:19:03Z</time>
    <extensions>
     <power>146</power>
     <gpxtpx:TrackPointExtension>
      <gpxtpx:hr>178</gpxtpx:hr>
     </gpxtpx:TrackPointExtension>
    </extensions>
   </trkpt>
   <trkpt lat="49.2673690" lon="-123.1362000">
    <ele>20.0</ele>
    <time>2026-04-19T17:19:04Z</time>
    <extensions>
     <power>146</power>
     <gpxtpx:TrackPointExtension>
      <gpxtpx:hr>178</gpxtpx:hr>
     </gpxtpx:TrackPointExtension>
    </extensions>
   </trkpt>
   <trkpt lat="49.2673620" lon="-123.1361880">
    <ele>20.0</ele>
    <time>2026-04-19T17:19:05Z</time>
    <extensions>
     <power>147</power>
     <gpxtpx:TrackPointExtension>
      <gpxtpx:hr>177</gpxtpx:hr>
     </gpxtpx:TrackPointExtension>
    </extensions>
   </trkpt>
   <trkpt lat="49.2673410" lon="-123.1361540">
    <ele>20.0</ele>
    <time>2026-04-19T17:19:06Z</time>
    <extensions>
     <power>147</power>
     <gpxtpx:TrackPointExtension>
      <gpxtpx:hr>177</gpxtpx:hr>
     </gpxtpx:TrackPointExtension>
    </extensions>
   </trkpt>
   <trkpt lat="49.2673320" lon="-123.1361410">
    <ele>20.0</ele>
    <time>2026-04-19T17:19:07Z</time>
    <extensions>
     <power>147</power>
     <gpxtpx:TrackPointExtension>
      <gpxtpx:hr>177</gpxtpx:hr>
     </gpxtpx:TrackPointExtension>
    </extensions>
   </trkpt>
   <trkpt lat="49.2673240" lon="-123.1361280">
    <ele>20.2</ele>
    <time>2026-04-19T17:19:08Z</time>
    <extensions>
     <power>145</power>
     <gpxtpx:TrackPointExtension>
      <gpxtpx:hr>177</gpxtpx:hr>
     </gpxtpx:TrackPointExtension>
    </extensions>
   </trkpt>
   <trkpt lat="49.2673120" lon="-123.1361110">
    <ele>20.2</ele>
    <time>2026-04-19T17:19:09Z</time>
    <extensions>
     <power>145</power>
     <gpxtpx:TrackPointExtension>
      <gpxtpx:hr>177</gpxtpx:hr>
     </gpxtpx:TrackPointExtension>
    </extensions>
   </trkpt>
   <trkpt lat="49.2672990" lon="-123.1360940">
    <ele>20.2</ele>
    <time>2026-04-19T17:19:10Z</time>
    <extensions>
     <power>142</power>
     <gpxtpx:TrackPointExtension>
      <gpxtpx:hr>177</gpxtpx:hr>
     </gpxtpx:TrackPointExtension>
    </extensions>
   </trkpt>
   <trkpt lat="49.2672770" lon="-123.1360620">
    <ele>20.2</ele>
    <time>2026-04-19T17:19:11Z</time>
    <extensions>
     <power>142</power>
     <gpxtpx:TrackPointExtension>
      <gpxtpx:hr>177</gpxtpx:hr>
     </gpxtpx:TrackPointExtension>
    </extensions>
   </trkpt>
   <trkpt lat="49.2672690" lon="-123.1360500">
    <ele>20.4</ele>
    <time>2026-04-19T17:19:12Z</time>
    <extensions>
     <power>142</power>
     <gpxtpx:TrackPointExtension>
      <gpxtpx:hr>177</gpxtpx:hr>
     </gpxtpx:TrackPointExtension>
    </extensions>
   </trkpt>
   <trkpt lat="49.2672600" lon="-123.1360370">
    <ele>20.4</ele>
    <time>2026-04-19T17:19:13Z</time>
    <extensions>
     <power>142</power>
     <gpxtpx:TrackPointExtension>
      <gpxtpx:hr>177</gpxtpx:hr>
     </gpxtpx:TrackPointExtension>
    </extensions>
   </trkpt>
   <trkpt lat="49.2672390" lon="-123.1360050">
    <ele>20.4</ele>
    <time>2026-04-19T17:19:14Z</time>
    <extensions>
     <power>142</power>
     <gpxtpx:TrackPointExtension>
      <gpxtpx:hr>176</gpxtpx:hr>
     </gpxtpx:TrackPointExtension>
    </extensions>
   </trkpt>
   <trkpt lat="49.2672300" lon="-123.1359910">
    <ele>20.6</ele>
    <time>2026-04-19T17:19:15Z</time>
    <extensions>
     <power>142</power>
     <gpxtpx:TrackPointExtension>
      <gpxtpx:hr>176</gpxtpx:hr>
     </gpxtpx:TrackPointExtension>
    </extensions>
   </trkpt>
   <trkpt lat="49.2672220" lon="-123.1359780">
    <ele>20.6</ele>
    <time>2026-04-19T17:19:16Z</time>
    <extensions>
     <power>149</power>
     <gpxtpx:TrackPointExtension>
      <gpxtpx:hr>176</gpxtpx:hr>
     </gpxtpx:TrackPointExtension>
    </extensions>
   </trkpt>
   <trkpt lat="49.2672040" lon="-123.1359480">
    <ele>20.6</ele>
    <time>2026-04-19T17:19:17Z</time>
    <extensions>
     <power>149</power>
     <gpxtpx:TrackPointExtension>
      <gpxtpx:hr>176</gpxtpx:hr>
     </gpxtpx:TrackPointExtension>
    </extensions>
   </trkpt>
   <trkpt lat="49.2671980" lon="-123.1359390">
    <ele>20.6</ele>
    <time>2026-04-19T17:19:18Z</time>
    <extensions>
     <power>148</power>
     <gpxtpx:TrackPointExtension>
      <gpxtpx:hr>176</gpxtpx:hr>
     </gpxtpx:TrackPointExtension>
    </extensions>
   </trkpt>
   <trkpt lat="49.2671790" lon="-123.1359040">
    <ele>20.8</ele>
    <time>2026-04-19T17:19:19Z</time>
    <extensions>
     <power>148</power>
     <gpxtpx:TrackPointExtension>
      <gpxtpx:hr>176</gpxtpx:hr>
     </gpxtpx:TrackPointExtension>
    </extensions>
   </trkpt>
   <trkpt lat="49.2671700" lon="-123.1358890">
    <ele>20.8</ele>
    <time>2026-04-19T17:19:20Z</time>
    <extensions>
     <power>148</power>
     <gpxtpx:TrackPointExtension>
      <gpxtpx:hr>176</gpxtpx:hr>
     </gpxtpx:TrackPointExtension>
    </extensions>
   </trkpt>
   <trkpt lat="49.2671620" lon="-123.1358750">
    <ele>20.8</ele>
    <time>2026-04-19T17:19:21Z</time>
    <extensions>
     <power>148</power>
     <gpxtpx:TrackPointExtension>
      <gpxtpx:hr>176</gpxtpx:hr>
     </gpxtpx:TrackPointExtension>
    </extensions>
   </trkpt>
   <trkpt lat="49.2671480" lon="-123.1358520">
    <ele>21.0</ele>
    <time>2026-04-19T17:19:22Z</time>
    <extensions>
     <power>148</power>
     <gpxtpx:TrackPointExtension>
      <gpxtpx:hr>176</gpxtpx:hr>
     </gpxtpx:TrackPointExtension>
    </extensions>
   </trkpt>
   <trkpt lat="49.2671340" lon="-123.1358290">
    <ele>21.0</ele>
    <time>2026-04-19T17:19:23Z</time>
    <extensions>
     <power>151</power>
     <gpxtpx:TrackPointExtension>
      <gpxtpx:hr>176</gpxtpx:hr>
     </gpxtpx:TrackPointExtension>
    </extensions>
   </trkpt>
   <trkpt lat="49.2671110" lon="-123.1357920">
    <ele>21.2</ele>
    <time>2026-04-19T17:19:24Z</time>
    <extensions>
     <power>151</power>
     <gpxtpx:TrackPointExtension>
      <gpxtpx:hr>174</gpxtpx:hr>
     </gpxtpx:TrackPointExtension>
    </extensions>
   </trkpt>
   <trkpt lat="49.2671020" lon="-123.1357780">
    <ele>21.2</ele>
    <time>2026-04-19T17:19:25Z</time>
    <extensions>
     <power>151</power>
     <gpxtpx:TrackPointExtension>
      <gpxtpx:hr>174</gpxtpx:hr>
     </gpxtpx:TrackPointExtension>
    </extensions>
   </trkpt>
   <trkpt lat="49.2670940" lon="-123.1357640">
    <ele>21.4</ele>
    <time>2026-04-19T17:19:26Z</time>
    <extensions>
     <power>155</power>
     <gpxtpx:TrackPointExtension>
      <gpxtpx:hr>174</gpxtpx:hr>
     </gpxtpx:TrackPointExtension>
    </extensions>
   </trkpt>
   <trkpt lat="49.2670760" lon="-123.1357300">
    <ele>21.4</ele>
    <time>2026-04-19T17:19:27Z</time>
    <extensions>
     <power>155</power>
     <gpxtpx:TrackPointExtension>
      <gpxtpx:hr>174</gpxtpx:hr>
     </gpxtpx:TrackPointExtension>
    </extensions>
   </trkpt>
   <trkpt lat="49.2670690" lon="-123.1357190">
    <ele>21.6</ele>
    <time>2026-04-19T17:19:28Z</time>
    <extensions>
     <power>156</power>
     <gpxtpx:TrackPointExtension>
      <gpxtpx:hr>174</gpxtpx:hr>
     </gpxtpx:TrackPointExtension>
    </extensions>
   </trkpt>
   <trkpt lat="49.2670480" lon="-123.1356820">
    <ele>21.6</ele>
    <time>2026-04-19T17:19:29Z</time>
    <extensions>
     <power>156</power>
     <gpxtpx:TrackPointExtension>
      <gpxtpx:hr>174</gpxtpx:hr>
     </gpxtpx:TrackPointExtension>
    </extensions>
   </trkpt>
   <trkpt lat="49.2670390" lon="-123.1356680">
    <ele>21.6</ele>
    <time>2026-04-19T17:19:30Z</time>
    <extensions>
     <power>156</power>
     <gpxtpx:TrackPointExtension>
      <gpxtpx:hr>174</gpxtpx:hr>
     </gpxtpx:TrackPointExtension>
    </extensions>
   </trkpt>
   <trkpt lat="49.2670300" lon="-123.1356530">
    <ele>21.8</ele>
    <time>2026-04-19T17:19:31Z</time>
    <extensions>
     <power>159</power>
     <gpxtpx:TrackPointExtension>
      <gpxtpx:hr>174</gpxtpx:hr>
     </gpxtpx:TrackPointExtension>
    </extensions>
   </trkpt>
   <trkpt lat="49.2670080" lon="-123.1356210">
    <ele>21.8</ele>
    <time>2026-04-19T17:19:32Z</time>
    <extensions>
     <power>159</power>
     <gpxtpx:TrackPointExtension>
      <gpxtpx:hr>174</gpxtpx:hr>
     </gpxtpx:TrackPointExtension>
    </extensions>
   </trkpt>
   <trkpt lat="49.2670010" lon="-123.1356110">
    <ele>22.0</ele>
    <time>2026-04-19T17:19:33Z</time>
    <extensions>
     <power>162</power>
     <gpxtpx:TrackPointExtension>
      <gpxtpx:hr>174</gpxtpx:hr>
     </gpxtpx:TrackPointExtension>
    </extensions>
   </trkpt>
   <trkpt lat="49.2669780" lon="-123.1355800">
    <ele>22.0</ele>
    <time>2026-04-19T17:19:34Z</time>
    <extensions>
     <power>162</power>
     <gpxtpx:TrackPointExtension>
      <gpxtpx:hr>174</gpxtpx:hr>
     </gpxtpx:TrackPointExtension>
    </extensions>
   </trkpt>
   <trkpt lat="49.2669680" lon="-123.1355670">
    <ele>22.0</ele>
    <time>2026-04-19T17:19:35Z</time>
    <extensions>
     <power>162</power>
     <gpxtpx:TrackPointExtension>
      <gpxtpx:hr>174</gpxtpx:hr>
     </gpxtpx:TrackPointExtension>
    </extensions>
   </trkpt>
   <trkpt lat="49.2669590" lon="-123.1355550">
    <ele>22.0</ele>
    <time>2026-04-19T17:19:36Z</time>
    <extensions>
     <power>162</power>
     <gpxtpx:TrackPointExtension>
      <gpxtpx:hr>173</gpxtpx:hr>
     </gpxtpx:TrackPointExtension>
    </extensions>
   </trkpt>
   <trkpt lat="49.2669370" lon="-123.1355260">
    <ele>22.2</ele>
    <time>2026-04-19T17:19:37Z</time>
    <extensions>
     <power>162</power>
     <gpxtpx:TrackPointExtension>
      <gpxtpx:hr>173</gpxtpx:hr>
     </gpxtpx:TrackPointExtension>
    </extensions>
   </trkpt>
   <trkpt lat="49.2669290" lon="-123.1355140">
    <ele>22.2</ele>
    <time>2026-04-19T17:19:38Z</time>
    <extensions>
     <power>162</power>
     <gpxtpx:TrackPointExtension>
      <gpxtpx:hr>173</gpxtpx:hr>
     </gpxtpx:TrackPointExtension>
    </extensions>
   </trkpt>
   <trkpt lat="49.2669200" lon="-123.1355020">
    <ele>22.2</ele>
    <time>2026-04-19T17:19:39Z</time>
    <extensions>
     <power>160</power>
     <gpxtpx:TrackPointExtension>
      <gpxtpx:hr>173</gpxtpx:hr>
     </gpxtpx:TrackPointExtension>
    </extensions>
   </trkpt>
   <trkpt lat="49.2668990" lon="-123.1354690">
    <ele>22.2</ele>
    <time>2026-04-19T17:19:40Z</time>
    <extensions>
     <power>160</power>
     <gpxtpx:TrackPointExtension>
      <gpxtpx:hr>173</gpxtpx:hr>
     </gpxtpx:TrackPointExtension>
    </extensions>
   </trkpt>
   <trkpt lat="49.2668920" lon="-123.1354580">
    <ele>22.2</ele>
    <time>2026-04-19T17:19:41Z</time>
    <extensions>
     <power>163</power>
     <gpxtpx:TrackPointExtension>
      <gpxtpx:hr>173</gpxtpx:hr>
     </gpxtpx:TrackPointExtension>
    </extensions>
   </trkpt>
   <trkpt lat="49.2668680" lon="-123.1354210">
    <ele>22.2</ele>
    <time>2026-04-19T17:19:42Z</time>
    <extensions>
     <power>163</power>
     <gpxtpx:TrackPointExtension>
      <gpxtpx:hr>173</gpxtpx:hr>
     </gpxtpx:TrackPointExtension>
    </extensions>
   </trkpt>
   <trkpt lat="49.2668600" lon="-123.1354060">
    <ele>22.2</ele>
    <time>2026-04-19T17:19:43Z</time>
    <extensions>
     <power>163</power>
     <gpxtpx:TrackPointExtension>
      <gpxtpx:hr>173</gpxtpx:hr>
     </gpxtpx:TrackPointExtension>
    </extensions>
   </trkpt>
   <trkpt lat="49.2668510" lon="-123.1353920">
    <ele>22.4</ele>
    <time>2026-04-19T17:19:44Z</time>
    <extensions>
     <power>166</power>
     <gpxtpx:TrackPointExtension>
      <gpxtpx:hr>173</gpxtpx:hr>
     </gpxtpx:TrackPointExtension>
    </extensions>
   </trkpt>
   <trkpt lat="49.2668340" lon="-123.1353590">
    <ele>22.4</ele>
    <time>2026-04-19T17:19:45Z</time>
    <extensions>
     <power>166</power>
     <gpxtpx:TrackPointExtension>
      <gpxtpx:hr>172</gpxtpx:hr>
     </gpxtpx:TrackPointExtension>
    </extensions>
   </trkpt>
   <trkpt lat="49.2668280" lon="-123.1353480">
    <ele>22.4</ele>
    <time>2026-04-19T17:19:46Z</time>
    <extensions>
     <power>165</power>
     <gpxtpx:TrackPointExtension>
      <gpxtpx:hr>172</gpxtpx:hr>
     </gpxtpx:TrackPointExtension>
    </extensions>
   </trkpt>
   <trkpt lat="49.2668050" lon="-123.1353080">
    <ele>22.4</ele>
    <time>2026-04-19T17:19:47Z</time>
    <extensions>
     <power>165</power>
     <gpxtpx:TrackPointExtension>
      <gpxtpx:hr>172</gpxtpx:hr>
     </gpxtpx:TrackPointExtension>
    </extensions>
   </trkpt>
   <trkpt lat="49.2667950" lon="-123.1352910">
    <ele>22.4</ele>
    <time>2026-04-19T17:19:48Z</time>
    <extensions>
     <power>165</power>
     <gpxtpx:TrackPointExtension>
      <gpxtpx:hr>172</gpxtpx:hr>
     </gpxtpx:TrackPointExtension>
    </extensions>
   </trkpt>
   <trkpt lat="49.2667850" lon="-123.1352750">
    <ele>22.4</ele>
    <time>2026-04-19T17:19:49Z</time>
    <extensions>
     <power>169</power>
     <gpxtpx:TrackPointExtension>
      <gpxtpx:hr>172</gpxtpx:hr>
     </gpxtpx:TrackPointExtension>
    </extensions>
   </trkpt>
   <trkpt lat="49.2667640" lon="-123.1352410">
    <ele>22.4</ele>
    <time>2026-04-19T17:19:50Z</time>
    <extensions>
     <power>169</power>
     <gpxtpx:TrackPointExtension>
      <gpxtpx:hr>172</gpxtpx:hr>
     </gpxtpx:TrackPointExtension>
    </extensions>
   </trkpt>
   <trkpt lat="49.2667570" lon="-123.1352300">
    <ele>22.4</ele>
    <time>2026-04-19T17:19:51Z</time>
    <extensions>
     <power>164</power>
     <gpxtpx:TrackPointExtension>
      <gpxtpx:hr>172</gpxtpx:hr>
     </gpxtpx:TrackPointExtension>
    </extensions>
   </trkpt>
   <trkpt lat="49.2667370" lon="-123.1351960">
    <ele>22.4</ele>
    <time>2026-04-19T17:19:52Z</time>
    <extensions>
     <power>164</power>
     <gpxtpx:TrackPointExtension>
      <gpxtpx:hr>172</gpxtpx:hr>
     </gpxtpx:TrackPointExtension>
    </extensions>
   </trkpt>
   <trkpt lat="49.2667290" lon="-123.1351820">
    <ele>22.4</ele>
    <time>2026-04-19T17:19:53Z</time>
    <extensions>
     <power>164</power>
     <gpxtpx:TrackPointExtension>
      <gpxtpx:hr>172</gpxtpx:hr>
     </gpxtpx:TrackPointExtension>
    </extensions>
   </trkpt>
   <trkpt lat="49.2667210" lon="-123.1351690">
    <ele>22.4</ele>
    <time>2026-04-19T17:19:54Z</time>
    <extensions>
     <power>165</power>
     <gpxtpx:TrackPointExtension>
      <gpxtpx:hr>172</gpxtpx:hr>
     </gpxtpx:TrackPointExtension>
    </extensions>
   </trkpt>
   <trkpt lat="49.2667000" lon="-123.1351380">
    <ele>22.4</ele>
    <time>2026-04-19T17:19:55Z</time>
    <extensions>
     <power>165</power>
     <gpxtpx:TrackPointExtension>
      <gpxtpx:hr>172</gpxtpx:hr>
     </gpxtpx:TrackPointExtension>
    </extensions>
   </trkpt>
   <trkpt lat="49.2666920" lon="-123.1351270">
    <ele>22.4</ele>
    <time>2026-04-19T17:19:56Z</time>
    <extensions>
     <power>168</power>
     <gpxtpx:TrackPointExtension>
      <gpxtpx:hr>172</gpxtpx:hr>
     </gpxtpx:TrackPointExtension>
    </extensions>
   </trkpt>
   <trkpt lat="49.2666690" lon="-123.1350880">
    <ele>22.4</ele>
    <time>2026-04-19T17:19:57Z</time>
    <extensions>
     <power>168</power>
     <gpxtpx:TrackPointExtension>
      <gpxtpx:hr>172</gpxtpx:hr>
     </gpxtpx:TrackPointExtension>
    </extensions>
   </trkpt>
   <trkpt lat="49.2666590" lon="-123.1350710">
    <ele>22.6</ele>
    <time>2026-04-19T17:19:58Z</time>
    <extensions>
     <power>168</power>
     <gpxtpx:TrackPointExtension>
      <gpxtpx:hr>172</gpxtpx:hr>
     </gpxtpx:TrackPointExtension>
    </extensions>
   </trkpt>
   <trkpt lat="49.2666500" lon="-123.1350550">
    <ele>22.6</ele>
    <time>2026-04-19T17:19:59Z</time>
    <extensions>
     <power>170</power>
     <gpxtpx:TrackPointExtension>
      <gpxtpx:hr>172</gpxtpx:hr>
     </gpxtpx:TrackPointExtension>
    </extensions>
   </trkpt>
   <trkpt lat="49.2666230" lon="-123.1350150">
    <ele>22.6</ele>
    <time>2026-04-19T17:20:00Z</time>
    <extensions>
     <power>170</power>
     <gpxtpx:TrackPointExtension>
      <gpxtpx:hr>172</gpxtpx:hr>
     </gpxtpx:TrackPointExtension>
    </extensions>
   </trkpt>
   <trkpt lat="49.2666120" lon="-123.1349980">
    <ele>22.6</ele>
    <time>2026-04-19T17:20:01Z</time>
    <extensions>
     <power>170</power>
     <gpxtpx:TrackPointExtension>
      <gpxtpx:hr>172</gpxtpx:hr>
     </gpxtpx:TrackPointExtension>
    </extensions>
   </trkpt>
   <trkpt lat="49.2666010" lon="-123.1349820">
    <ele>22.6</ele>
    <time>2026-04-19T17:20:02Z</time>
    <extensions>
     <power>174</power>
     <gpxtpx:TrackPointExtension>
      <gpxtpx:hr>172</gpxtpx:hr>
     </gpxtpx:TrackPointExtension>
    </extensions>
   </trkpt>
   <trkpt lat="49.2665820" lon="-123.1349420">
    <ele>22.6</ele>
    <time>2026-04-19T17:20:03Z</time>
    <extensions>
     <power>174</power>
     <gpxtpx:TrackPointExtension>
      <gpxtpx:hr>172</gpxtpx:hr>
     </gpxtpx:TrackPointExtension>
    </extensions>
   </trkpt>
   <trkpt lat="49.2665750" lon="-123.1349290">
    <ele>22.6</ele>
    <time>2026-04-19T17:20:04Z</time>
    <extensions>
     <power>174</power>
     <gpxtpx:TrackPointExtension>
      <gpxtpx:hr>172</gpxtpx:hr>
     </gpxtpx:TrackPointExtension>
    </extensions>
   </trkpt>
   <trkpt lat="49.2665540" lon="-123.1348820">
    <ele>22.6</ele>
    <time>2026-04-19T17:20:05Z</time>
    <extensions>
     <power>174</power>
     <gpxtpx:TrackPointExtension>
      <gpxtpx:hr>172</gpxtpx:hr>
     </gpxtpx:TrackPointExtension>
    </extensions>
   </trkpt>
   <trkpt lat="49.2665450" lon="-123.1348630">
    <ele>22.6</ele>
    <time>2026-04-19T17:20:06Z</time>
    <extensions>
     <power>174</power>
     <gpxtpx:TrackPointExtension>
      <gpxtpx:hr>170</gpxtpx:hr>
     </gpxtpx:TrackPointExtension>
    </extensions>
   </trkpt>
   <trkpt lat="49.2665370" lon="-123.1348450">
    <ele>22.8</ele>
    <time>2026-04-19T17:20:07Z</time>
    <extensions>
     <power>174</power>
     <gpxtpx:TrackPointExtension>
      <gpxtpx:hr>170</gpxtpx:hr>
     </gpxtpx:TrackPointExtension>
    </extensions>
   </trkpt>
   <trkpt lat="49.2665210" lon="-123.1348090">
    <ele>22.8</ele>
    <time>2026-04-19T17:20:08Z</time>
    <extensions>
     <power>174</power>
     <gpxtpx:TrackPointExtension>
      <gpxtpx:hr>170</gpxtpx:hr>
     </gpxtpx:TrackPointExtension>
    </extensions>
   </trkpt>
   <trkpt lat="49.2665160" lon="-123.1347980">
    <ele>22.8</ele>
    <time>2026-04-19T17:20:09Z</time>
    <extensions>
     <power>151</power>
     <gpxtpx:TrackPointExtension>
      <gpxtpx:hr>170</gpxtpx:hr>
     </gpxtpx:TrackPointExtension>
    </extensions>
   </trkpt>
   <trkpt lat="49.2664970" lon="-123.1347570">
    <ele>22.8</ele>
    <time>2026-04-19T17:20:10Z</time>
    <extensions>
     <power>151</power>
     <gpxtpx:TrackPointExtension>
      <gpxtpx:hr>170</gpxtpx:hr>
     </gpxtpx:TrackPointExtension>
    </extensions>
   </trkpt>
   <trkpt lat="49.2664890" lon="-123.1347410">
    <ele>22.8</ele>
    <time>2026-04-19T17:20:11Z</time>
    <extensions>
     <power>151</power>
     <gpxtpx:TrackPointExtension>
      <gpxtpx:hr>170</gpxtpx:hr>
     </gpxtpx:TrackPointExtension>
    </extensions>
   </trkpt>
   <trkpt lat="49.2664800" lon="-123.1347240">
    <ele>22.8</ele>
    <time>2026-04-19T17:20:12Z</time>
    <extensions>
     <power>168</power>
     <gpxtpx:TrackPointExtension>
      <gpxtpx:hr>170</gpxtpx:hr>
     </gpxtpx:TrackPointExtension>
    </extensions>
   </trkpt>
   <trkpt lat="49.2664630" lon="-123.1346870">
    <ele>22.8</ele>
    <time>2026-04-19T17:20:13Z</time>
    <extensions>
     <power>168</power>
     <gpxtpx:TrackPointExtension>
      <gpxtpx:hr>170</gpxtpx:hr>
     </gpxtpx:TrackPointExtension>
    </extensions>
   </trkpt>
   <trkpt lat="49.2664570" lon="-123.1346740">
    <ele>22.8</ele>
    <time>2026-04-19T17:20:14Z</time>
    <extensions>
     <power>168</power>
     <gpxtpx:TrackPointExtension>
      <gpxtpx:hr>170</gpxtpx:hr>
     </gpxtpx:TrackPointExtension>
    </extensions>
   </trkpt>
   <trkpt lat="49.2664390" lon="-123.1346280">
    <ele>22.8</ele>
    <time>2026-04-19T17:20:15Z</time>
    <extensions>
     <power>168</power>
     <gpxtpx:TrackPointExtension>
      <gpxtpx:hr>170</gpxtpx:hr>
     </gpxtpx:TrackPointExtension>
    </extensions>
   </trkpt>
   <trkpt lat="49.2664310" lon="-123.1346100">
    <ele>22.8</ele>
    <time>2026-04-19T17:20:16Z</time>
    <extensions>
     <power>168</power>
     <gpxtpx:TrackPointExtension>
      <gpxtpx:hr>170</gpxtpx:hr>
     </gpxtpx:TrackPointExtension>
    </extensions>
   </trkpt>
   <trkpt lat="49.2664230" lon="-123.1345920">
    <ele>22.8</ele>
    <time>2026-04-19T17:20:17Z</time>
    <extensions>
     <power>172</power>
     <gpxtpx:TrackPointExtension>
      <gpxtpx:hr>170</gpxtpx:hr>
     </gpxtpx:TrackPointExtension>
    </extensions>
   </trkpt>
   <trkpt lat="49.2664060" lon="-123.1345510">
    <ele>22.8</ele>
    <time>2026-04-19T17:20:18Z</time>
    <extensions>
     <power>172</power>
     <gpxtpx:TrackPointExtension>
      <gpxtpx:hr>170</gpxtpx:hr>
     </gpxtpx:TrackPointExtension>
    </extensions>
   </trkpt>
   <trkpt lat="49.2664010" lon="-123.1345380">
    <ele>22.8</ele>
    <time>2026-04-19T17:20:19Z</time>
    <extensions>
     <power>175</power>
     <gpxtpx:TrackPointExtension>
      <gpxtpx:hr>171</gpxtpx:hr>
     </gpxtpx:TrackPointExtension>
    </extensions>
   </trkpt>
   <trkpt lat="49.2663860" lon="-123.1344910">
    <ele>22.8</ele>
    <time>2026-04-19T17:20:20Z</time>
    <extensions>
     <power>175</power>
     <gpxtpx:TrackPointExtension>
      <gpxtpx:hr>171</gpxtpx:hr>
     </gpxtpx:TrackPointExtension>
    </extensions>
   </trkpt>
   <trkpt lat="49.2663810" lon="-123.1344720">
    <ele>22.8</ele>
    <time>2026-04-19T17:20:21Z</time>
    <extensions>
     <power>175</power>
     <gpxtpx:TrackPointExtension>
      <gpxtpx:hr>171</gpxtpx:hr>
     </gpxtpx:TrackPointExtension>
    </extensions>
   </trkpt>
   <trkpt lat="49.2663750" lon="-123.1344530">
    <ele>22.8</ele>
    <time>2026-04-19T17:20:22Z</time>
    <extensions>
     <power>170</power>
     <gpxtpx:TrackPointExtension>
      <gpxtpx:hr>171</gpxtpx:hr>
     </gpxtpx:TrackPointExtension>
    </extensions>
   </trkpt>
   <trkpt lat="49.2663580" lon="-123.1344050">
    <ele>22.8</ele>
    <time>2026-04-19T17:20:23Z</time>
    <extensions>
     <power>170</power>
     <gpxtpx:TrackPointExtension>
      <gpxtpx:hr>170</gpxtpx:hr>
     </gpxtpx:TrackPointExtension>
    </extensions>
   </trkpt>
   <trkpt lat="49.2663520" lon="-123.1343860">
    <ele>22.8</ele>
    <time>2026-04-19T17:20:24Z</time>
    <extensions>
     <power>170</power>
     <gpxtpx:TrackPointExtension>
      <gpxtpx:hr>170</gpxtpx:hr>
     </gpxtpx:TrackPointExtension>
    </extensions>
   </trkpt>
   <trkpt lat="49.2663460" lon="-123.1343670">
    <ele>22.8</ele>
    <time>2026-04-19T17:20:25Z</time>
    <extensions>
     <power>173</power>
     <gpxtpx:TrackPointExtension>
      <gpxtpx:hr>170</gpxtpx:hr>
     </gpxtpx:TrackPointExtension>
    </extensions>
   </trkpt>
   <trkpt lat="49.2663340" lon="-123.1343240">
    <ele>22.8</ele>
    <time>2026-04-19T17:20:26Z</time>
    <extensions>
     <power>173</power>
     <gpxtpx:TrackPointExtension>
      <gpxtpx:hr>170</gpxtpx:hr>
     </gpxtpx:TrackPointExtension>
    </extensions>
   </trkpt>
   <trkpt lat="49.2663300" lon="-123.1343090">
    <ele>22.8</ele>
    <time>2026-04-19T17:20:27Z</time>
    <extensions>
     <power>173</power>
     <gpxtpx:TrackPointExtension>
      <gpxtpx:hr>170</gpxtpx:hr>
     </gpxtpx:TrackPointExtension>
    </extensions>
   </trkpt>
   <trkpt lat="49.2663160" lon="-123.1342570">
    <ele>22.8</ele>
    <time>2026-04-19T17:20:28Z</time>
    <extensions>
     <power>173</power>
     <gpxtpx:TrackPointExtension>
      <gpxtpx:hr>170</gpxtpx:hr>
     </gpxtpx:TrackPointExtension>
    </extensions>
   </trkpt>
   <trkpt lat="49.2663110" lon="-123.1342360">
    <ele>22.8</ele>
    <time>2026-04-19T17:20:29Z</time>
    <extensions>
     <power>173</power>
     <gpxtpx:TrackPointExtension>
      <gpxtpx:hr>170</gpxtpx:hr>
     </gpxtpx:TrackPointExtension>
    </extensions>
   </trkpt>
   <trkpt lat="49.2663050" lon="-123.1342150">
    <ele>22.8</ele>
    <time>2026-04-19T17:20:30Z</time>
    <extensions>
     <power>176</power>
     <gpxtpx:TrackPointExtension>
      <gpxtpx:hr>170</gpxtpx:hr>
     </gpxtpx:TrackPointExtension>
    </extensions>
   </trkpt>
   <trkpt lat="49.2662970" lon="-123.1341850">
    <ele>22.8</ele>
    <time>2026-04-19T17:20:31Z</time>
    <extensions>
     <power>176</power>
     <gpxtpx:TrackPointExtension>
      <gpxtpx:hr>170</gpxtpx:hr>
     </gpxtpx:TrackPointExtension>
    </extensions>
   </trkpt>
   <trkpt lat="49.2662900" lon="-123.1341530">
    <ele>22.8</ele>
    <time>2026-04-19T17:20:32Z</time>
    <extensions>
     <power>174</power>
     <gpxtpx:TrackPointExtension>
      <gpxtpx:hr>170</gpxtpx:hr>
     </gpxtpx:TrackPointExtension>
    </extensions>
   </trkpt>
   <trkpt lat="49.2662770" lon="-123.1340970">
    <ele>22.6</ele>
    <time>2026-04-19T17:20:33Z</time>
    <extensions>
     <power>174</power>
     <gpxtpx:TrackPointExtension>
      <gpxtpx:hr>170</gpxtpx:hr>
     </gpxtpx:TrackPointExtension>
    </extensions>
   </trkpt>
   <trkpt lat="49.2662710" lon="-123.1340720">
    <ele>22.6</ele>
    <time>2026-04-19T17:20:34Z</time>
    <extensions>
     <power>174</power>
     <gpxtpx:TrackPointExtension>
      <gpxtpx:hr>170</gpxtpx:hr>
     </gpxtpx:TrackPointExtension>
    </extensions>
   </trkpt>
   <trkpt lat="49.2662660" lon="-123.1340480">
    <ele>22.6</ele>
    <time>2026-04-19T17:20:35Z</time>
    <extensions>
     <power>182</power>
     <gpxtpx:TrackPointExtension>
      <gpxtpx:hr>170</gpxtpx:hr>
     </gpxtpx:TrackPointExtension>
    </extensions>
   </trkpt>
   <trkpt lat="49.2662530" lon="-123.1339840">
    <ele>22.4</ele>
    <time>2026-04-19T17:20:36Z</time>
    <extensions>
     <power>182</power>
     <gpxtpx:TrackPointExtension>
      <gpxtpx:hr>170</gpxtpx:hr>
     </gpxtpx:TrackPointExtension>
    </extensions>
   </trkpt>
   <trkpt lat="49.2662480" lon="-123.1339620">
    <ele>22.4</ele>
    <time>2026-04-19T17:20:37Z</time>
    <extensions>
     <power>199</power>
     <gpxtpx:TrackPointExtension>
      <gpxtpx:hr>170</gpxtpx:hr>
     </gpxtpx:TrackPointExtension>
    </extensions>
   </trkpt>
   <trkpt lat="49.2662350" lon="-123.1338880">
    <ele>22.2</ele>
    <time>2026-04-19T17:20:38Z</time>
    <extensions>
     <power>199</power>
     <gpxtpx:TrackPointExtension>
      <gpxtpx:hr>170</gpxtpx:hr>
     </gpxtpx:TrackPointExtension>
    </extensions>
   </trkpt>
   <trkpt lat="49.2662310" lon="-123.1338590">
    <ele>22.2</ele>
    <time>2026-04-19T17:20:39Z</time>
    <extensions>
     <power>199</power>
     <gpxtpx:TrackPointExtension>
      <gpxtpx:hr>169</gpxtpx:hr>
     </gpxtpx:TrackPointExtension>
    </extensions>
   </trkpt>
   <trkpt lat="49.2662270" lon="-123.1338290">
    <ele>22.0</ele>
    <time>2026-04-19T17:20:40Z</time>
    <extensions>
     <power>197</power>
     <gpxtpx:TrackPointExtension>
      <gpxtpx:hr>169</gpxtpx:hr>
     </gpxtpx:TrackPointExtension>
    </extensions>
   </trkpt>
   <trkpt lat="49.2662230" lon="-123.1337630">
    <ele>21.8</ele>
    <time>2026-04-19T17:20:41Z</time>
    <extensions>
     <power>197</power>
     <gpxtpx:TrackPointExtension>
      <gpxtpx:hr>169</gpxtpx:hr>
     </gpxtpx:TrackPointExtension>
    </extensions>
   </trkpt>
   <trkpt lat="49.2662220" lon="-123.1337420">
    <ele>21.8</ele>
    <time>2026-04-19T17:20:42Z</time>
    <extensions>
     <power>195</power>
     <gpxtpx:TrackPointExtension>
      <gpxtpx:hr>169</gpxtpx:hr>
     </gpxtpx:TrackPointExtension>
    </extensions>
   </trkpt>
   <trkpt lat="49.2662170" lon="-123.1336710">
    <ele>21.6</ele>
    <time>2026-04-19T17:20:43Z</time>
    <extensions>
     <power>195</power>
     <gpxtpx:TrackPointExtension>
      <gpxtpx:hr>169</gpxtpx:hr>
     </gpxtpx:TrackPointExtension>
    </extensions>
   </trkpt>
   <trkpt lat="49.2662140" lon="-123.1336420">
    <ele>21.4</ele>
    <time>2026-04-19T17:20:44Z</time>
    <extensions>
     <power>195</power>
     <gpxtpx:TrackPointExtension>
      <gpxtpx:hr>169</gpxtpx:hr>
     </gpxtpx:TrackPointExtension>
    </extensions>
   </trkpt>
   <trkpt lat="49.2662120" lon="-123.1336140">
    <ele>21.2</ele>
    <time>2026-04-19T17:20:45Z</time>
    <extensions>
     <power>197</power>
     <gpxtpx:TrackPointExtension>
      <gpxtpx:hr>171</gpxtpx:hr>
     </gpxtpx:TrackPointExtension>
    </extensions>
   </trkpt>
   <trkpt lat="49.2662050" lon="-123.1335420">
    <ele>21.2</ele>
    <time>2026-04-19T17:20:46Z</time>
    <extensions>
     <power>197</power>
     <gpxtpx:TrackPointExtension>
      <gpxtpx:hr>171</gpxtpx:hr>
     </gpxtpx:TrackPointExtension>
    </extensions>
   </trkpt>
   <trkpt lat="49.2662020" lon="-123.1335140">
    <ele>21.0</ele>
    <time>2026-04-19T17:20:47Z</time>
    <extensions>
     <power>197</power>
     <gpxtpx:TrackPointExtension>
      <gpxtpx:hr>171</gpxtpx:hr>
     </gpxtpx:TrackPointExtension>
    </extensions>
   </trkpt>
   <trkpt lat="49.2661990" lon="-123.1334850">
    <ele>20.8</ele>
    <time>2026-04-19T17:20:48Z</time>
    <extensions>
     <power>200</power>
     <gpxtpx:TrackPointExtension>
      <gpxtpx:hr>171</gpxtpx:hr>
     </gpxtpx:TrackPointExtension>
    </extensions>
   </trkpt>
   <trkpt lat="49.2661980" lon="-123.1334280">
    <ele>20.6</ele>
    <time>2026-04-19T17:20:49Z</time>
    <extensions>
     <power>200</power>
     <gpxtpx:TrackPointExtension>
      <gpxtpx:hr>171</gpxtpx:hr>
     </gpxtpx:TrackPointExtension>
    </extensions>
   </trkpt>
   <trkpt lat="49.2661980" lon="-123.1334100">
    <ele>20.4</ele>
    <time>2026-04-19T17:20:50Z</time>
    <extensions>
     <power>180</power>
     <gpxtpx:TrackPointExtension>
      <gpxtpx:hr>171</gpxtpx:hr>
     </gpxtpx:TrackPointExtension>
    </extensions>
   </trkpt>
   <trkpt lat="49.2662000" lon="-123.1333510">
    <ele>20.4</ele>
    <time>2026-04-19T17:20:51Z</time>
    <extensions>
     <power>180</power>
     <gpxtpx:TrackPointExtension>
      <gpxtpx:hr>171</gpxtpx:hr>
     </gpxtpx:TrackPointExtension>
    </extensions>
   </trkpt>
   <trkpt lat="49.2662020" lon="-123.1333280">
    <ele>20.2</ele>
    <time>2026-04-19T17:20:52Z</time>
    <extensions>
     <power>180</power>
     <gpxtpx:TrackPointExtension>
      <gpxtpx:hr>171</gpxtpx:hr>
     </gpxtpx:TrackPointExtension>
    </extensions>
   </trkpt>
   <trkpt lat="49.2662030" lon="-123.1333040">
    <ele>20.0</ele>
    <time>2026-04-19T17:20:53Z</time>
    <extensions>
     <power>176</power>
     <gpxtpx:TrackPointExtension>
      <gpxtpx:hr>171</gpxtpx:hr>
     </gpxtpx:TrackPointExtension>
    </extensions>
   </trkpt>
   <trkpt lat="49.2662060" lon="-123.1332500">
    <ele>20.0</ele>
    <time>2026-04-19T17:20:54Z</time>
    <extensions>
     <power>176</power>
     <gpxtpx:TrackPointExtension>
      <gpxtpx:hr>171</gpxtpx:hr>
     </gpxtpx:TrackPointExtension>
    </extensions>
   </trkpt>
   <trkpt lat="49.2662070" lon="-123.1332320">
    <ele>19.8</ele>
    <time>2026-04-19T17:20:55Z</time>
    <extensions>
     <power>172</power>
     <gpxtpx:TrackPointExtension>
      <gpxtpx:hr>171</gpxtpx:hr>
     </gpxtpx:TrackPointExtension>
    </extensions>
   </trkpt>
   <trkpt lat="49.2662090" lon="-123.1331750">
    <ele>19.8</ele>
    <time>2026-04-19T17:20:56Z</time>
    <extensions>
     <power>172</power>
     <gpxtpx:TrackPointExtension>
      <gpxtpx:hr>171</gpxtpx:hr>
     </gpxtpx:TrackPointExtension>
    </extensions>
   </trkpt>
   <trkpt lat="49.2662090" lon="-123.1331530">
    <ele>19.6</ele>
    <time>2026-04-19T17:20:57Z</time>
    <extensions>
     <power>172</power>
     <gpxtpx:TrackPointExtension>
      <gpxtpx:hr>173</gpxtpx:hr>
     </gpxtpx:TrackPointExtension>
    </extensions>
   </trkpt>
   <trkpt lat="49.2662090" lon="-123.1331310">
    <ele>19.6</ele>
    <time>2026-04-19T17:20:58Z</time>
    <extensions>
     <power>165</power>
     <gpxtpx:TrackPointExtension>
      <gpxtpx:hr>173</gpxtpx:hr>
     </gpxtpx:TrackPointExtension>
    </extensions>
   </trkpt>
   <trkpt lat="49.2662050" lon="-123.1330770">
    <ele>19.4</ele>
    <time>2026-04-19T17:20:59Z</time>
    <extensions>
     <power>165</power>
     <gpxtpx:TrackPointExtension>
      <gpxtpx:hr>173</gpxtpx:hr>
     </gpxtpx:TrackPointExtension>
    </extensions>
   </trkpt>
   <trkpt lat="49.2662030" lon="-123.1330570">
    <ele>19.2</ele>
    <time>2026-04-19T17:21:00Z</time>
    <extensions>
     <power>166</power>
     <gpxtpx:TrackPointExtension>
      <gpxtpx:hr>173</gpxtpx:hr>
     </gpxtpx:TrackPointExtension>
    </extensions>
   </trkpt>
   <trkpt lat="49.2661950" lon="-123.1329840">
    <ele>19.2</ele>
    <time>2026-04-19T17:21:01Z</time>
    <extensions>
     <power>166</power>
     <gpxtpx:TrackPointExtension>
      <gpxtpx:hr>173</gpxtpx:hr>
     </gpxtpx:TrackPointExtension>
    </extensions>
   </trkpt>
   <trkpt lat="49.2661930" lon="-123.1329550">
    <ele>19.0</ele>
    <time>2026-04-19T17:21:02Z</time>
    <extensions>
     <power>166</power>
     <gpxtpx:TrackPointExtension>
      <gpxtpx:hr>173</gpxtpx:hr>
     </gpxtpx:TrackPointExtension>
    </extensions>
   </trkpt>
   <trkpt lat="49.2661900" lon="-123.1329250">
    <ele>18.8</ele>
    <time>2026-04-19T17:21:03Z</time>
    <extensions>
     <power>169</power>
     <gpxtpx:TrackPointExtension>
      <gpxtpx:hr>173</gpxtpx:hr>
     </gpxtpx:TrackPointExtension>
    </extensions>
   </trkpt>
   <trkpt lat="49.2661860" lon="-123.1328590">
    <ele>18.6</ele>
    <time>2026-04-19T17:21:04Z</time>
    <extensions>
     <power>169</power>
     <gpxtpx:TrackPointExtension>
      <gpxtpx:hr>173</gpxtpx:hr>
     </gpxtpx:TrackPointExtension>
    </extensions>
   </trkpt>
   <trkpt lat="49.2661850" lon="-123.1328380">
    <ele>18.4</ele>
    <time>2026-04-19T17:21:05Z</time>
    <extensions>
     <power>171</power>
     <gpxtpx:TrackPointExtension>
      <gpxtpx:hr>173</gpxtpx:hr>
     </gpxtpx:TrackPointExtension>
    </extensions>
   </trkpt>
   <trkpt lat="49.2661830" lon="-123.1327690">
    <ele>18.4</ele>
    <time>2026-04-19T17:21:06Z</time>
    <extensions>
     <power>171</power>
     <gpxtpx:TrackPointExtension>
      <gpxtpx:hr>173</gpxtpx:hr>
     </gpxtpx:TrackPointExtension>
    </extensions>
   </trkpt>
   <trkpt lat="49.2661820" lon="-123.1327430">
    <ele>18.2</ele>
    <time>2026-04-19T17:21:07Z</time>
    <extensions>
     <power>171</power>
     <gpxtpx:TrackPointExtension>
      <gpxtpx:hr>173</gpxtpx:hr>
     </gpxtpx:TrackPointExtension>
    </extensions>
   </trkpt>
   <trkpt lat="49.2661810" lon="-123.1327160">
    <ele>18.0</ele>
    <time>2026-04-19T17:21:08Z</time>
    <extensions>
     <power>169</power>
     <gpxtpx:TrackPointExtension>
      <gpxtpx:hr>173</gpxtpx:hr>
     </gpxtpx:TrackPointExtension>
    </extensions>
   </trkpt>
   <trkpt lat="49.2661810" lon="-123.1326510">
    <ele>17.8</ele>
    <time>2026-04-19T17:21:09Z</time>
    <extensions>
     <power>169</power>
     <gpxtpx:TrackPointExtension>
      <gpxtpx:hr>173</gpxtpx:hr>
     </gpxtpx:TrackPointExtension>
    </extensions>
   </trkpt>
   <trkpt lat="49.2661810" lon="-123.1326240">
    <ele>17.6</ele>
    <time>2026-04-19T17:21:10Z</time>
    <extensions>
     <power>169</power>
     <gpxtpx:TrackPointExtension>
      <gpxtpx:hr>173</gpxtpx:hr>
     </gpxtpx:TrackPointExtension>
    </extensions>
   </trkpt>
   <trkpt lat="49.2661810" lon="-123.1325980">
    <ele>17.6</ele>
    <time>2026-04-19T17:21:11Z</time>
    <extensions>
     <power>169</power>
     <gpxtpx:TrackPointExtension>
      <gpxtpx:hr>174</gpxtpx:hr>
     </gpxtpx:TrackPointExtension>
    </extensions>
   </trkpt>
   <trkpt lat="49.2661830" lon="-123.1325390">
    <ele>17.4</ele>
    <time>2026-04-19T17:21:12Z</time>
    <extensions>
     <power>169</power>
     <gpxtpx:TrackPointExtension>
      <gpxtpx:hr>174</gpxtpx:hr>
     </gpxtpx:TrackPointExtension>
    </extensions>
   </trkpt>
   <trkpt lat="49.2661830" lon="-123.1325180">
    <ele>17.2</ele>
    <time>2026-04-19T17:21:13Z</time>
    <extensions>
     <power>169</power>
     <gpxtpx:TrackPointExtension>
      <gpxtpx:hr>174</gpxtpx:hr>
     </gpxtpx:TrackPointExtension>
    </extensions>
   </trkpt>
   <trkpt lat="49.2661850" lon="-123.1324510">
    <ele>17.0</ele>
    <time>2026-04-19T17:21:14Z</time>
    <extensions>
     <power>169</power>
     <gpxtpx:TrackPointExtension>
      <gpxtpx:hr>174</gpxtpx:hr>
     </gpxtpx:TrackPointExtension>
    </extensions>
   </trkpt>
   <trkpt lat="49.2661850" lon="-123.1324230">
    <ele>17.0</ele>
    <time>2026-04-19T17:21:15Z</time>
    <extensions>
     <power>169</power>
     <gpxtpx:TrackPointExtension>
      <gpxtpx:hr>174</gpxtpx:hr>
     </gpxtpx:TrackPointExtension>
    </extensions>
   </trkpt>
   <trkpt lat="49.2661860" lon="-123.1323960">
    <ele>16.8</ele>
    <time>2026-04-19T17:21:16Z</time>
    <extensions>
     <power>170</power>
     <gpxtpx:TrackPointExtension>
      <gpxtpx:hr>174</gpxtpx:hr>
     </gpxtpx:TrackPointExtension>
    </extensions>
   </trkpt>
   <trkpt lat="49.2661870" lon="-123.1323360">
    <ele>16.8</ele>
    <time>2026-04-19T17:21:17Z</time>
    <extensions>
     <power>170</power>
     <gpxtpx:TrackPointExtension>
      <gpxtpx:hr>174</gpxtpx:hr>
     </gpxtpx:TrackPointExtension>
    </extensions>
   </trkpt>
   <trkpt lat="49.2661870" lon="-123.1323150">
    <ele>16.6</ele>
    <time>2026-04-19T17:21:18Z</time>
    <extensions>
     <power>170</power>
     <gpxtpx:TrackPointExtension>
      <gpxtpx:hr>174</gpxtpx:hr>
     </gpxtpx:TrackPointExtension>
    </extensions>
   </trkpt>
   <trkpt lat="49.2661880" lon="-123.1322460">
    <ele>16.4</ele>
    <time>2026-04-19T17:21:19Z</time>
    <extensions>
     <power>170</power>
     <gpxtpx:TrackPointExtension>
      <gpxtpx:hr>174</gpxtpx:hr>
     </gpxtpx:TrackPointExtension>
    </extensions>
   </trkpt>
   <trkpt lat="49.2661880" lon="-123.1322180">
    <ele>16.4</ele>
    <time>2026-04-19T17:21:20Z</time>
    <extensions>
     <power>170</power>
     <gpxtpx:TrackPointExtension>
      <gpxtpx:hr>174</gpxtpx:hr>
     </gpxtpx:TrackPointExtension>
    </extensions>
   </trkpt>
   <trkpt lat="49.2661880" lon="-123.1321910">
    <ele>16.2</ele>
    <time>2026-04-19T17:21:21Z</time>
    <extensions>
     <power>171</power>
     <gpxtpx:TrackPointExtension>
      <gpxtpx:hr>174</gpxtpx:hr>
     </gpxtpx:TrackPointExtension>
    </extensions>
   </trkpt>
   <trkpt lat="49.2661880" lon="-123.1321320">
    <ele>16.2</ele>
    <time>2026-04-19T17:21:22Z</time>
    <extensions>
     <power>171</power>
     <gpxtpx:TrackPointExtension>
      <gpxtpx:hr>174</gpxtpx:hr>
     </gpxtpx:TrackPointExtension>
    </extensions>
   </trkpt>
   <trkpt lat="49.2661880" lon="-123.1321120">
    <ele>16.0</ele>
    <time>2026-04-19T17:21:23Z</time>
    <extensions>
     <power>169</power>
     <gpxtpx:TrackPointExtension>
      <gpxtpx:hr>174</gpxtpx:hr>
     </gpxtpx:TrackPointExtension>
    </extensions>
   </trkpt>
   <trkpt lat="49.2661880" lon="-123.1320460">
    <ele>16.0</ele>
    <time>2026-04-19T17:21:24Z</time>
    <extensions>
     <power>169</power>
     <gpxtpx:TrackPointExtension>
      <gpxtpx:hr>175</gpxtpx:hr>
     </gpxtpx:TrackPointExtension>
    </extensions>
   </trkpt>
   <trkpt lat="49.2661870" lon="-123.1320190">
    <ele>15.8</ele>
    <time>2026-04-19T17:21:25Z</time>
    <extensions>
     <power>169</power>
     <gpxtpx:TrackPointExtension>
      <gpxtpx:hr>175</gpxtpx:hr>
     </gpxtpx:TrackPointExtension>
    </extensions>
   </trkpt>
   <trkpt lat="49.2661870" lon="-123.1319930">
    <ele>15.8</ele>
    <time>2026-04-19T17:21:26Z</time>
    <extensions>
     <power>165</power>
     <gpxtpx:TrackPointExtension>
      <gpxtpx:hr>175</gpxtpx:hr>
     </gpxtpx:TrackPointExtension>
    </extensions>
   </trkpt>
   <trkpt lat="49.2661860" lon="-123.1319350">
    <ele>15.6</ele>
    <time>2026-04-19T17:21:27Z</time>
    <extensions>
     <power>165</power>
     <gpxtpx:TrackPointExtension>
      <gpxtpx:hr>175</gpxtpx:hr>
     </gpxtpx:TrackPointExtension>
    </extensions>
   </trkpt>
   <trkpt lat="49.2661850" lon="-123.1319160">
    <ele>15.6</ele>
    <time>2026-04-19T17:21:28Z</time>
    <extensions>
     <power>161</power>
     <gpxtpx:TrackPointExtension>
      <gpxtpx:hr>175</gpxtpx:hr>
     </gpxtpx:TrackPointExtension>
    </extensions>
   </trkpt>
   <trkpt lat="49.2661830" lon="-123.1318470">
    <ele>15.4</ele>
    <time>2026-04-19T17:21:29Z</time>
    <extensions>
     <power>161</power>
     <gpxtpx:TrackPointExtension>
      <gpxtpx:hr>175</gpxtpx:hr>
     </gpxtpx:TrackPointExtension>
    </extensions>
   </trkpt>
   <trkpt lat="49.2661830" lon="-123.1318190">
    <ele>15.4</ele>
    <time>2026-04-19T17:21:30Z</time>
    <extensions>
     <power>161</power>
     <gpxtpx:TrackPointExtension>
      <gpxtpx:hr>175</gpxtpx:hr>
     </gpxtpx:TrackPointExtension>
    </extensions>
   </trkpt>
   <trkpt lat="49.2661820" lon="-123.1317910">
    <ele>15.4</ele>
    <time>2026-04-19T17:21:31Z</time>
    <extensions>
     <power>165</power>
     <gpxtpx:TrackPointExtension>
      <gpxtpx:hr>175</gpxtpx:hr>
     </gpxtpx:TrackPointExtension>
    </extensions>
   </trkpt>
   <trkpt lat="49.2661800" lon="-123.1317270">
    <ele>15.2</ele>
    <time>2026-04-19T17:21:32Z</time>
    <extensions>
     <power>165</power>
     <gpxtpx:TrackPointExtension>
      <gpxtpx:hr>175</gpxtpx:hr>
     </gpxtpx:TrackPointExtension>
    </extensions>
   </trkpt>
   <trkpt lat="49.2661780" lon="-123.1317030">
    <ele>15.2</ele>
    <time>2026-04-19T17:21:33Z</time>
    <extensions>
     <power>165</power>
     <gpxtpx:TrackPointExtension>
      <gpxtpx:hr>175</gpxtpx:hr>
     </gpxtpx:TrackPointExtension>
    </extensions>
   </trkpt>
   <trkpt lat="49.2661770" lon="-123.1316790">
    <ele>15.2</ele>
    <time>2026-04-19T17:21:34Z</time>
    <extensions>
     <power>162</power>
     <gpxtpx:TrackPointExtension>
      <gpxtpx:hr>175</gpxtpx:hr>
     </gpxtpx:TrackPointExtension>
    </extensions>
   </trkpt>
   <trkpt lat="49.2661740" lon="-123.1316250">
    <ele>15.0</ele>
    <time>2026-04-19T17:21:35Z</time>
    <extensions>
     <power>162</power>
     <gpxtpx:TrackPointExtension>
      <gpxtpx:hr>176</gpxtpx:hr>
     </gpxtpx:TrackPointExtension>
    </extensions>
   </trkpt>
   <trkpt lat="49.2661720" lon="-123.1316070">
    <ele>15.0</ele>
    <time>2026-04-19T17:21:36Z</time>
    <extensions>
     <power>159</power>
     <gpxtpx:TrackPointExtension>
      <gpxtpx:hr>176</gpxtpx:hr>
     </gpxtpx:TrackPointExtension>
    </extensions>
   </trkpt>
   <trkpt lat="49.2661680" lon="-123.1315450">
    <ele>15.0</ele>
    <time>2026-04-19T17:21:37Z</time>
    <extensions>
     <power>159</power>
     <gpxtpx:TrackPointExtension>
      <gpxtpx:hr>176</gpxtpx:hr>
     </gpxtpx:TrackPointExtension>
    </extensions>
   </trkpt>
   <trkpt lat="49.2661660" lon="-123.1315210">
    <ele>15.0</ele>
    <time>2026-04-19T17:21:38Z</time>
    <extensions>
     <power>159</power>
     <gpxtpx:TrackPointExtension>
      <gpxtpx:hr>176</gpxtpx:hr>
     </gpxtpx:TrackPointExtension>
    </extensions>
   </trkpt>
   <trkpt lat="49.2661640" lon="-123.1314960">
    <ele>14.8</ele>
    <time>2026-04-19T17:21:39Z</time>
    <extensions>
     <power>159</power>
     <gpxtpx:TrackPointExtension>
      <gpxtpx:hr>176</gpxtpx:hr>
     </gpxtpx:TrackPointExtension>
    </extensions>
   </trkpt>
   <trkpt lat="49.2661610" lon="-123.1314440">
    <ele>14.8</ele>
    <time>2026-04-19T17:21:40Z</time>
    <extensions>
     <power>159</power>
     <gpxtpx:TrackPointExtension>
      <gpxtpx:hr>176</gpxtpx:hr>
     </gpxtpx:TrackPointExtension>
    </extensions>
   </trkpt>
   <trkpt lat="49.2661590" lon="-123.1314280">
    <ele>14.8</ele>
    <time>2026-04-19T17:21:41Z</time>
    <extensions>
     <power>155</power>
     <gpxtpx:TrackPointExtension>
      <gpxtpx:hr>176</gpxtpx:hr>
     </gpxtpx:TrackPointExtension>
    </extensions>
   </trkpt>
   <trkpt lat="49.2661550" lon="-123.1313730">
    <ele>14.8</ele>
    <time>2026-04-19T17:21:42Z</time>
    <extensions>
     <power>155</power>
     <gpxtpx:TrackPointExtension>
      <gpxtpx:hr>176</gpxtpx:hr>
     </gpxtpx:TrackPointExtension>
    </extensions>
   </trkpt>
   <trkpt lat="49.2661540" lon="-123.1313510">
    <ele>14.8</ele>
    <time>2026-04-19T17:21:43Z</time>
    <extensions>
     <power>155</power>
     <gpxtpx:TrackPointExtension>
      <gpxtpx:hr>176</gpxtpx:hr>
     </gpxtpx:TrackPointExtension>
    </extensions>
   </trkpt>
   <trkpt lat="49.2661520" lon="-123.1313290">
    <ele>14.6</ele>
    <time>2026-04-19T17:21:44Z</time>
    <extensions>
     <power>151</power>
     <gpxtpx:TrackPointExtension>
      <gpxtpx:hr>176</gpxtpx:hr>
     </gpxtpx:TrackPointExtension>
    </extensions>
   </trkpt>
   <trkpt lat="49.2661480" lon="-123.1312710">
    <ele>14.6</ele>
    <time>2026-04-19T17:21:45Z</time>
    <extensions>
     <power>151</power>
     <gpxtpx:TrackPointExtension>
      <gpxtpx:hr>176</gpxtpx:hr>
     </gpxtpx:TrackPointExtension>
    </extensions>
   </trkpt>
   <trkpt lat="49.2661460" lon="-123.1312510">
    <ele>14.6</ele>
    <time>2026-04-19T17:21:46Z</time>
    <extensions>
     <power>158</power>
     <gpxtpx:TrackPointExtension>
      <gpxtpx:hr>176</gpxtpx:hr>
     </gpxtpx:TrackPointExtension>
    </extensions>
   </trkpt>
   <trkpt lat="49.2661410" lon="-123.1311820">
    <ele>14.6</ele>
    <time>2026-04-19T17:21:47Z</time>
    <extensions>
     <power>158</power>
     <gpxtpx:TrackPointExtension>
      <gpxtpx:hr>176</gpxtpx:hr>
     </gpxtpx:TrackPointExtension>
    </extensions>
   </trkpt>
   <trkpt lat="49.2661400" lon="-123.1311550">
    <ele>14.6</ele>
    <time>2026-04-19T17:21:48Z</time>
    <extensions>
     <power>158</power>
     <gpxtpx:TrackPointExtension>
      <gpxtpx:hr>176</gpxtpx:hr>
     </gpxtpx:TrackPointExtension>
    </extensions>
   </trkpt>
   <trkpt lat="49.2661380" lon="-123.1311290">
    <ele>14.4</ele>
    <time>2026-04-19T17:21:49Z</time>
    <extensions>
     <power>157</power>
     <gpxtpx:TrackPointExtension>
      <gpxtpx:hr>176</gpxtpx:hr>
     </gpxtpx:TrackPointExtension>
    </extensions>
   </trkpt>
   <trkpt lat="49.2661360" lon="-123.1310710">
    <ele>14.4</ele>
    <time>2026-04-19T17:21:50Z</time>
    <extensions>
     <power>157</power>
     <gpxtpx:TrackPointExtension>
      <gpxtpx:hr>176</gpxtpx:hr>
     </gpxtpx:TrackPointExtension>
    </extensions>
   </trkpt>
   <trkpt lat="49.2661350" lon="-123.1310510">
    <ele>14.4</ele>
    <time>2026-04-19T17:21:51Z</time>
    <extensions>
     <power>159</power>
     <gpxtpx:TrackPointExtension>
      <gpxtpx:hr>176</gpxtpx:hr>
     </gpxtpx:TrackPointExtension>
    </extensions>
   </trkpt>
   <trkpt lat="49.2661320" lon="-123.1309860">
    <ele>14.4</ele>
    <time>2026-04-19T17:21:52Z</time>
    <extensions>
     <power>159</power>
     <gpxtpx:TrackPointExtension>
      <gpxtpx:hr>176</gpxtpx:hr>
     </gpxtpx:TrackPointExtension>
    </extensions>
   </trkpt>
   <trkpt lat="49.2661320" lon="-123.1309590">
    <ele>14.4</ele>
    <time>2026-04-19T17:21:53Z</time>
    <extensions>
     <power>159</power>
     <gpxtpx:TrackPointExtension>
      <gpxtpx:hr>175</gpxtpx:hr>
     </gpxtpx:TrackPointExtension>
    </extensions>
   </trkpt>
   <trkpt lat="49.2661310" lon="-123.1309330">
    <ele>14.2</ele>
    <time>2026-04-19T17:21:54Z</time>
    <extensions>
     <power>159</power>
     <gpxtpx:TrackPointExtension>
      <gpxtpx:hr>175</gpxtpx:hr>
     </gpxtpx:TrackPointExtension>
    </extensions>
   </trkpt>
   <trkpt lat="49.2661290" lon="-123.1308680">
    <ele>14.2</ele>
    <time>2026-04-19T17:21:55Z</time>
    <extensions>
     <power>159</power>
     <gpxtpx:TrackPointExtension>
      <gpxtpx:hr>175</gpxtpx:hr>
     </gpxtpx:TrackPointExtension>
    </extensions>
   </trkpt>
   <trkpt lat="49.2661290" lon="-123.1308430">
    <ele>14.2</ele>
    <time>2026-04-19T17:21:56Z</time>
    <extensions>
     <power>159</power>
     <gpxtpx:TrackPointExtension>
      <gpxtpx:hr>175</gpxtpx:hr>
     </gpxtpx:TrackPointExtension>
    </extensions>
   </trkpt>
   <trkpt lat="49.2661280" lon="-123.1308170">
    <ele>14.2</ele>
    <time>2026-04-19T17:21:57Z</time>
    <extensions>
     <power>158</power>
     <gpxtpx:TrackPointExtension>
      <gpxtpx:hr>175</gpxtpx:hr>
     </gpxtpx:TrackPointExtension>
    </extensions>
   </trkpt>
   <trkpt lat="49.2661270" lon="-123.1307610">
    <ele>14.2</ele>
    <time>2026-04-19T17:21:58Z</time>
    <extensions>
     <power>158</power>
     <gpxtpx:TrackPointExtension>
      <gpxtpx:hr>175</gpxtpx:hr>
     </gpxtpx:TrackPointExtension>
    </extensions>
   </trkpt>
   <trkpt lat="49.2661270" lon="-123.1307430">
    <ele>14.0</ele>
    <time>2026-04-19T17:21:59Z</time>
    <extensions>
     <power>157</power>
     <gpxtpx:TrackPointExtension>
      <gpxtpx:hr>176</gpxtpx:hr>
     </gpxtpx:TrackPointExtension>
    </extensions>
   </trkpt>
   <trkpt lat="49.2661250" lon="-123.1306830">
    <ele>14.0</ele>
    <time>2026-04-19T17:22:00Z</time>
    <extensions>
     <power>157</power>
     <gpxtpx:TrackPointExtension>
      <gpxtpx:hr>176</gpxtpx:hr>
     </gpxtpx:TrackPointExtension>
    </extensions>
   </trkpt>
   <trkpt lat="49.2661250" lon="-123.1306580">
    <ele>14.0</ele>
    <time>2026-04-19T17:22:01Z</time>
    <extensions>
     <power>157</power>
     <gpxtpx:TrackPointExtension>
      <gpxtpx:hr>176</gpxtpx:hr>
     </gpxtpx:TrackPointExtension>
    </extensions>
   </trkpt>
   <trkpt lat="49.2661240" lon="-123.1306340">
    <ele>14.0</ele>
    <time>2026-04-19T17:22:02Z</time>
    <extensions>
     <power>155</power>
     <gpxtpx:TrackPointExtension>
      <gpxtpx:hr>176</gpxtpx:hr>
     </gpxtpx:TrackPointExtension>
    </extensions>
   </trkpt>
   <trkpt lat="49.2661240" lon="-123.1305750">
    <ele>13.8</ele>
    <time>2026-04-19T17:22:03Z</time>
    <extensions>
     <power>155</power>
     <gpxtpx:TrackPointExtension>
      <gpxtpx:hr>176</gpxtpx:hr>
     </gpxtpx:TrackPointExtension>
    </extensions>
   </trkpt>
   <trkpt lat="49.2661230" lon="-123.1305550">
    <ele>13.8</ele>
    <time>2026-04-19T17:22:04Z</time>
    <extensions>
     <power>158</power>
     <gpxtpx:TrackPointExtension>
      <gpxtpx:hr>176</gpxtpx:hr>
     </gpxtpx:TrackPointExtension>
    </extensions>
   </trkpt>
   <trkpt lat="49.2661230" lon="-123.1304850">
    <ele>13.8</ele>
    <time>2026-04-19T17:22:05Z</time>
    <extensions>
     <power>158</power>
     <gpxtpx:TrackPointExtension>
      <gpxtpx:hr>176</gpxtpx:hr>
     </gpxtpx:TrackPointExtension>
    </extensions>
   </trkpt>
   <trkpt lat="49.2661220" lon="-123.1304580">
    <ele>13.8</ele>
    <time>2026-04-19T17:22:06Z</time>
    <extensions>
     <power>158</power>
     <gpxtpx:TrackPointExtension>
      <gpxtpx:hr>176</gpxtpx:hr>
     </gpxtpx:TrackPointExtension>
    </extensions>
   </trkpt>
   <trkpt lat="49.2661220" lon="-123.1304300">
    <ele>13.6</ele>
    <time>2026-04-19T17:22:07Z</time>
    <extensions>
     <power>160</power>
     <gpxtpx:TrackPointExtension>
      <gpxtpx:hr>176</gpxtpx:hr>
     </gpxtpx:TrackPointExtension>
    </extensions>
   </trkpt>
   <trkpt lat="49.2661210" lon="-123.1303680">
    <ele>13.6</ele>
    <time>2026-04-19T17:22:08Z</time>
    <extensions>
     <power>160</power>
     <gpxtpx:TrackPointExtension>
      <gpxtpx:hr>176</gpxtpx:hr>
     </gpxtpx:TrackPointExtension>
    </extensions>
   </trkpt>
   <trkpt lat="49.2661200" lon="-123.1303480">
    <ele>13.6</ele>
    <time>2026-04-19T17:22:09Z</time>
    <extensions>
     <power>165</power>
     <gpxtpx:TrackPointExtension>
      <gpxtpx:hr>176</gpxtpx:hr>
     </gpxtpx:TrackPointExtension>
    </extensions>
   </trkpt>
   <trkpt lat="49.2661200" lon="-123.1302810">
    <ele>13.4</ele>
    <time>2026-04-19T17:22:10Z</time>
    <extensions>
     <power>165</power>
     <gpxtpx:TrackPointExtension>
      <gpxtpx:hr>176</gpxtpx:hr>
     </gpxtpx:TrackPointExtension>
    </extensions>
   </trkpt>
   <trkpt lat="49.2661190" lon="-123.1302540">
    <ele>13.4</ele>
    <time>2026-04-19T17:22:11Z</time>
    <extensions>
     <power>165</power>
     <gpxtpx:TrackPointExtension>
      <gpxtpx:hr>176</gpxtpx:hr>
     </gpxtpx:TrackPointExtension>
    </extensions>
   </trkpt>
   <trkpt lat="49.2661190" lon="-123.1302270">
    <ele>13.4</ele>
    <time>2026-04-19T17:22:12Z</time>
    <extensions>
     <power>165</power>
     <gpxtpx:TrackPointExtension>
      <gpxtpx:hr>176</gpxtpx:hr>
     </gpxtpx:TrackPointExtension>
    </extensions>
   </trkpt>
   <trkpt lat="49.2661190" lon="-123.1301650">
    <ele>13.2</ele>
    <time>2026-04-19T17:22:13Z</time>
    <extensions>
     <power>165</power>
     <gpxtpx:TrackPointExtension>
      <gpxtpx:hr>176</gpxtpx:hr>
     </gpxtpx:TrackPointExtension>
    </extensions>
   </trkpt>
   <trkpt lat="49.2661180" lon="-123.1301450">
    <ele>13.2</ele>
    <time>2026-04-19T17:22:14Z</time>
    <extensions>
     <power>167</power>
     <gpxtpx:TrackPointExtension>
      <gpxtpx:hr>176</gpxtpx:hr>
     </gpxtpx:TrackPointExtension>
    </extensions>
   </trkpt>
   <trkpt lat="49.2661180" lon="-123.1300780">
    <ele>13.2</ele>
    <time>2026-04-19T17:22:15Z</time>
    <extensions>
     <power>167</power>
     <gpxtpx:TrackPointExtension>
      <gpxtpx:hr>176</gpxtpx:hr>
     </gpxtpx:TrackPointExtension>
    </extensions>
   </trkpt>
   <trkpt lat="49.2661170" lon="-123.1300510">
    <ele>13.0</ele>
    <time>2026-04-19T17:22:16Z</time>
    <extensions>
     <power>167</power>
     <gpxtpx:TrackPointExtension>
      <gpxtpx:hr>176</gpxtpx:hr>
     </gpxtpx:TrackPointExtension>
    </extensions>
   </trkpt>
   <trkpt lat="49.2661170" lon="-123.1300240">
    <ele>13.0</ele>
    <time>2026-04-19T17:22:17Z</time>
    <extensions>
     <power>168</power>
     <gpxtpx:TrackPointExtension>
      <gpxtpx:hr>176</gpxtpx:hr>
     </gpxtpx:TrackPointExtension>
    </extensions>
   </trkpt>
   <trkpt lat="49.2661170" lon="-123.1299550">
    <ele>13.0</ele>
    <time>2026-04-19T17:22:18Z</time>
    <extensions>
     <power>168</power>
     <gpxtpx:TrackPointExtension>
      <gpxtpx:hr>176</gpxtpx:hr>
     </gpxtpx:TrackPointExtension>
    </extensions>
   </trkpt>
   <trkpt lat="49.2661160" lon="-123.1299280">
    <ele>13.0</ele>
    <time>2026-04-19T17:22:19Z</time>
    <extensions>
     <power>168</power>
     <gpxtpx:TrackPointExtension>
      <gpxtpx:hr>176</gpxtpx:hr>
     </gpxtpx:TrackPointExtension>
    </extensions>
   </trkpt>
   <trkpt lat="49.2661160" lon="-123.1299000">
    <ele>12.8</ele>
    <time>2026-04-19T17:22:20Z</time>
    <extensions>
     <power>167</power>
     <gpxtpx:TrackPointExtension>
      <gpxtpx:hr>176</gpxtpx:hr>
     </gpxtpx:TrackPointExtension>
    </extensions>
   </trkpt>
   <trkpt lat="49.2661150" lon="-123.1298380">
    <ele>12.8</ele>
    <time>2026-04-19T17:22:21Z</time>
    <extensions>
     <power>167</power>
     <gpxtpx:TrackPointExtension>
      <gpxtpx:hr>176</gpxtpx:hr>
     </gpxtpx:TrackPointExtension>
    </extensions>
   </trkpt>
   <trkpt lat="49.2661150" lon="-123.1298170">
    <ele>12.8</ele>
    <time>2026-04-19T17:22:22Z</time>
    <extensions>
     <power>171</power>
     <gpxtpx:TrackPointExtension>
      <gpxtpx:hr>176</gpxtpx:hr>
     </gpxtpx:TrackPointExtension>
    </extensions>
   </trkpt>
   <trkpt lat="49.2661140" lon="-123.1297460">
    <ele>12.6</ele>
    <time>2026-04-19T17:22:23Z</time>
    <extensions>
     <power>171</power>
     <gpxtpx:TrackPointExtension>
      <gpxtpx:hr>176</gpxtpx:hr>
     </gpxtpx:TrackPointExtension>
    </extensions>
   </trkpt>
   <trkpt lat="49.2661130" lon="-123.1297180">
    <ele>12.6</ele>
    <time>2026-04-19T17:22:24Z</time>
    <extensions>
     <power>171</power>
     <gpxtpx:TrackPointExtension>
      <gpxtpx:hr>176</gpxtpx:hr>
     </gpxtpx:TrackPointExtension>
    </extensions>
   </trkpt>
   <trkpt lat="49.2661130" lon="-123.1296890">
    <ele>12.6</ele>
    <time>2026-04-19T17:22:25Z</time>
    <extensions>
     <power>175</power>
     <gpxtpx:TrackPointExtension>
      <gpxtpx:hr>176</gpxtpx:hr>
     </gpxtpx:TrackPointExtension>
    </extensions>
   </trkpt>
   <trkpt lat="49.2661130" lon="-123.1296250">
    <ele>12.6</ele>
    <time>2026-04-19T17:22:26Z</time>
    <extensions>
     <power>175</power>
     <gpxtpx:TrackPointExtension>
      <gpxtpx:hr>176</gpxtpx:hr>
     </gpxtpx:TrackPointExtension>
    </extensions>
   </trkpt>
   <trkpt lat="49.2661120" lon="-123.1296050">
    <ele>12.4</ele>
    <time>2026-04-19T17:22:27Z</time>
    <extensions>
     <power>165</power>
     <gpxtpx:TrackPointExtension>
      <gpxtpx:hr>176</gpxtpx:hr>
     </gpxtpx:TrackPointExtension>
    </extensions>
   </trkpt>
   <trkpt lat="49.2661110" lon="-123.1295410">
    <ele>12.4</ele>
    <time>2026-04-19T17:22:28Z</time>
    <extensions>
     <power>165</power>
     <gpxtpx:TrackPointExtension>
      <gpxtpx:hr>176</gpxtpx:hr>
     </gpxtpx:TrackPointExtension>
    </extensions>
   </trkpt>
   <trkpt lat="49.2661110" lon="-123.1295150">
    <ele>12.4</ele>
    <time>2026-04-19T17:22:29Z</time>
    <extensions>
     <power>165</power>
     <gpxtpx:TrackPointExtension>
      <gpxtpx:hr>176</gpxtpx:hr>
     </gpxtpx:TrackPointExtension>
    </extensions>
   </trkpt>
   <trkpt lat="49.2661100" lon="-123.1294890">
    <ele>12.4</ele>
    <time>2026-04-19T17:22:30Z</time>
    <extensions>
     <power>167</power>
     <gpxtpx:TrackPointExtension>
      <gpxtpx:hr>176</gpxtpx:hr>
     </gpxtpx:TrackPointExtension>
    </extensions>
   </trkpt>
   <trkpt lat="49.2661090" lon="-123.1294290">
    <ele>12.2</ele>
    <time>2026-04-19T17:22:31Z</time>
    <extensions>
     <power>167</power>
     <gpxtpx:TrackPointExtension>
      <gpxtpx:hr>176</gpxtpx:hr>
     </gpxtpx:TrackPointExtension>
    </extensions>
   </trkpt>
   <trkpt lat="49.2661080" lon="-123.1294100">
    <ele>12.2</ele>
    <time>2026-04-19T17:22:32Z</time>
    <extensions>
     <power>166</power>
     <gpxtpx:TrackPointExtension>
      <gpxtpx:hr>176</gpxtpx:hr>
     </gpxtpx:TrackPointExtension>
    </extensions>
   </trkpt>
   <trkpt lat="49.2661060" lon="-123.1293400">
    <ele>12.2</ele>
    <time>2026-04-19T17:22:33Z</time>
    <extensions>
     <power>166</power>
     <gpxtpx:TrackPointExtension>
      <gpxtpx:hr>176</gpxtpx:hr>
     </gpxtpx:TrackPointExtension>
    </extensions>
   </trkpt>
   <trkpt lat="49.2661060" lon="-123.1293120">
    <ele>12.0</ele>
    <time>2026-04-19T17:22:34Z</time>
    <extensions>
     <power>166</power>
     <gpxtpx:TrackPointExtension>
      <gpxtpx:hr>176</gpxtpx:hr>
     </gpxtpx:TrackPointExtension>
    </extensions>
   </trkpt>
   <trkpt lat="49.2661050" lon="-123.1292830">
    <ele>12.0</ele>
    <time>2026-04-19T17:22:35Z</time>
    <extensions>
     <power>173</power>
     <gpxtpx:TrackPointExtension>
      <gpxtpx:hr>176</gpxtpx:hr>
     </gpxtpx:TrackPointExtension>
    </extensions>
   </trkpt>
   <trkpt lat="49.2661050" lon="-123.1292180">
    <ele>12.0</ele>
    <time>2026-04-19T17:22:36Z</time>
    <extensions>
     <power>173</power>
     <gpxtpx:TrackPointExtension>
      <gpxtpx:hr>176</gpxtpx:hr>
     </gpxtpx:TrackPointExtension>
    </extensions>
   </trkpt>
   <trkpt lat="49.2661040" lon="-123.1291970">
    <ele>11.8</ele>
    <time>2026-04-19T17:22:37Z</time>
    <extensions>
     <power>176</power>
     <gpxtpx:TrackPointExtension>
      <gpxtpx:hr>176</gpxtpx:hr>
     </gpxtpx:TrackPointExtension>
    </extensions>
   </trkpt>
   <trkpt lat="49.2661030" lon="-123.1291280">
    <ele>11.8</ele>
    <time>2026-04-19T17:22:38Z</time>
    <extensions>
     <power>176</power>
     <gpxtpx:TrackPointExtension>
      <gpxtpx:hr>176</gpxtpx:hr>
     </gpxtpx:TrackPointExtension>
    </extensions>
   </trkpt>
   <trkpt lat="49.2661020" lon="-123.1291010">
    <ele>11.6</ele>
    <time>2026-04-19T17:22:39Z</time>
    <extensions>
     <power>176</power>
     <gpxtpx:TrackPointExtension>
      <gpxtpx:hr>176</gpxtpx:hr>
     </gpxtpx:TrackPointExtension>
    </extensions>
   </trkpt>
   <trkpt lat="49.2661020" lon="-123.1290730">
    <ele>11.6</ele>
    <time>2026-04-19T17:22:40Z</time>
    <extensions>
     <power>179</power>
     <gpxtpx:TrackPointExtension>
      <gpxtpx:hr>176</gpxtpx:hr>
     </gpxtpx:TrackPointExtension>
    </extensions>
   </trkpt>
   <trkpt lat="49.2661000" lon="-123.1290020">
    <ele>11.6</ele>
    <time>2026-04-19T17:22:41Z</time>
    <extensions>
     <power>179</power>
     <gpxtpx:TrackPointExtension>
      <gpxtpx:hr>176</gpxtpx:hr>
     </gpxtpx:TrackPointExtension>
    </extensions>
   </trkpt>
   <trkpt lat="49.2661000" lon="-123.1289730">
    <ele>11.4</ele>
    <time>2026-04-19T17:22:42Z</time>
    <extensions>
     <power>179</power>
     <gpxtpx:TrackPointExtension>
      <gpxtpx:hr>176</gpxtpx:hr>
     </gpxtpx:TrackPointExtension>
    </extensions>
   </trkpt>
   <trkpt lat="49.2660990" lon="-123.1289440">
    <ele>11.4</ele>
    <time>2026-04-19T17:22:43Z</time>
    <extensions>
     <power>184</power>
     <gpxtpx:TrackPointExtension>
      <gpxtpx:hr>176</gpxtpx:hr>
     </gpxtpx:TrackPointExtension>
    </extensions>
   </trkpt>
   <trkpt lat="49.2660990" lon="-123.1288830">
    <ele>11.4</ele>
    <time>2026-04-19T17:22:44Z</time>
    <extensions>
     <power>184</power>
     <gpxtpx:TrackPointExtension>
      <gpxtpx:hr>176</gpxtpx:hr>
     </gpxtpx:TrackPointExtension>
    </extensions>
   </trkpt>
   <trkpt lat="49.2660980" lon="-123.1288630">
    <ele>11.2</ele>
    <time>2026-04-19T17:22:45Z</time>
    <extensions>
     <power>183</power>
     <gpxtpx:TrackPointExtension>
      <gpxtpx:hr>176</gpxtpx:hr>
     </gpxtpx:TrackPointExtension>
    </extensions>
   </trkpt>
   <trkpt lat="49.2660960" lon="-123.1287970">
    <ele>11.2</ele>
    <time>2026-04-19T17:22:46Z</time>
    <extensions>
     <power>183</power>
     <gpxtpx:TrackPointExtension>
      <gpxtpx:hr>176</gpxtpx:hr>
     </gpxtpx:TrackPointExtension>
    </extensions>
   </trkpt>
   <trkpt lat="49.2660960" lon="-123.1287700">
    <ele>11.2</ele>
    <time>2026-04-19T17:22:47Z</time>
    <extensions>
     <power>183</power>
     <gpxtpx:TrackPointExtension>
      <gpxtpx:hr>177</gpxtpx:hr>
     </gpxtpx:TrackPointExtension>
    </extensions>
   </trkpt>
   <trkpt lat="49.2660950" lon="-123.1287440">
    <ele>11.0</ele>
    <time>2026-04-19T17:22:48Z</time>
    <extensions>
     <power>184</power>
     <gpxtpx:TrackPointExtension>
      <gpxtpx:hr>177</gpxtpx:hr>
     </gpxtpx:TrackPointExtension>
    </extensions>
   </trkpt>
   <trkpt lat="49.2660940" lon="-123.1286860">
    <ele>11.0</ele>
    <time>2026-04-19T17:22:49Z</time>
    <extensions>
     <power>184</power>
     <gpxtpx:TrackPointExtension>
      <gpxtpx:hr>177</gpxtpx:hr>
     </gpxtpx:TrackPointExtension>
    </extensions>
   </trkpt>
   <trkpt lat="49.2660930" lon="-123.1286680">
    <ele>11.0</ele>
    <time>2026-04-19T17:22:50Z</time>
    <extensions>
     <power>177</power>
     <gpxtpx:TrackPointExtension>
      <gpxtpx:hr>177</gpxtpx:hr>
     </gpxtpx:TrackPointExtension>
    </extensions>
   </trkpt>
   <trkpt lat="49.2660920" lon="-123.1286150">
    <ele>10.8</ele>
    <time>2026-04-19T17:22:51Z</time>
    <extensions>
     <power>177</power>
     <gpxtpx:TrackPointExtension>
      <gpxtpx:hr>177</gpxtpx:hr>
     </gpxtpx:TrackPointExtension>
    </extensions>
   </trkpt>
   <trkpt lat="49.2660910" lon="-123.1285950">
    <ele>10.8</ele>
    <time>2026-04-19T17:22:52Z</time>
    <extensions>
     <power>177</power>
     <gpxtpx:TrackPointExtension>
      <gpxtpx:hr>177</gpxtpx:hr>
     </gpxtpx:TrackPointExtension>
    </extensions>
   </trkpt>
   <trkpt lat="49.2660910" lon="-123.1285760">
    <ele>10.8</ele>
    <time>2026-04-19T17:22:53Z</time>
    <extensions>
     <power>162</power>
     <gpxtpx:TrackPointExtension>
      <gpxtpx:hr>176</gpxtpx:hr>
     </gpxtpx:TrackPointExtension>
    </extensions>
   </trkpt>
   <trkpt lat="49.2660900" lon="-123.1285310">
    <ele>10.8</ele>
    <time>2026-04-19T17:22:54Z</time>
    <extensions>
     <power>162</power>
     <gpxtpx:TrackPointExtension>
      <gpxtpx:hr>176</gpxtpx:hr>
     </gpxtpx:TrackPointExtension>
    </extensions>
   </trkpt>
   <trkpt lat="49.2660890" lon="-123.1285160">
    <ele>10.6</ele>
    <time>2026-04-19T17:22:55Z</time>
    <extensions>
     <power>126</power>
     <gpxtpx:TrackPointExtension>
      <gpxtpx:hr>176</gpxtpx:hr>
     </gpxtpx:TrackPointExtension>
    </extensions>
   </trkpt>
   <trkpt lat="49.2660860" lon="-123.1284660">
    <ele>10.6</ele>
    <time>2026-04-19T17:22:56Z</time>
    <extensions>
     <power>126</power>
     <gpxtpx:TrackPointExtension>
      <gpxtpx:hr>176</gpxtpx:hr>
     </gpxtpx:TrackPointExtension>
    </extensions>
   </trkpt>
   <trkpt lat="49.2660860" lon="-123.1284460">
    <ele>10.6</ele>
    <time>2026-04-19T17:22:57Z</time>
    <extensions>
     <power>126</power>
     <gpxtpx:TrackPointExtension>
      <gpxtpx:hr>176</gpxtpx:hr>
     </gpxtpx:TrackPointExtension>
    </extensions>
   </trkpt>
   <trkpt lat="49.2660850" lon="-123.1284260">
    <ele>10.6</ele>
    <time>2026-04-19T17:22:58Z</time>
    <extensions>
     <power>125</power>
     <gpxtpx:TrackPointExtension>
      <gpxtpx:hr>176</gpxtpx:hr>
     </gpxtpx:TrackPointExtension>
    </extensions>
   </trkpt>
   <trkpt lat="49.2660840" lon="-123.1283810">
    <ele>10.4</ele>
    <time>2026-04-19T17:22:59Z</time>
    <extensions>
     <power>125</power>
     <gpxtpx:TrackPointExtension>
      <gpxtpx:hr>174</gpxtpx:hr>
     </gpxtpx:TrackPointExtension>
    </extensions>
   </trkpt>
   <trkpt lat="49.2660830" lon="-123.1283670">
    <ele>10.4</ele>
    <time>2026-04-19T17:23:00Z</time>
    <extensions>
     <power>124</power>
     <gpxtpx:TrackPointExtension>
      <gpxtpx:hr>174</gpxtpx:hr>
     </gpxtpx:TrackPointExtension>
    </extensions>
   </trkpt>
   <trkpt lat="49.2660820" lon="-123.1283230">
    <ele>10.4</ele>
    <time>2026-04-19T17:23:01Z</time>
    <extensions>
     <power>124</power>
     <gpxtpx:TrackPointExtension>
      <gpxtpx:hr>174</gpxtpx:hr>
     </gpxtpx:TrackPointExtension>
    </extensions>
   </trkpt>
   <trkpt lat="49.2660810" lon="-123.1283070">
    <ele>10.4</ele>
    <time>2026-04-19T17:23:02Z</time>
    <extensions>
     <power>124</power>
     <gpxtpx:TrackPointExtension>
      <gpxtpx:hr>174</gpxtpx:hr>
     </gpxtpx:TrackPointExtension>
    </extensions>
   </trkpt>
   <trkpt lat="49.2660810" lon="-123.1282900">
    <ele>10.4</ele>
    <time>2026-04-19T17:23:03Z</time>
    <extensions>
     <power>114</power>
     <gpxtpx:TrackPointExtension>
      <gpxtpx:hr>174</gpxtpx:hr>
     </gpxtpx:TrackPointExtension>
    </extensions>
   </trkpt>
   <trkpt lat="49.2660790" lon="-123.1282450">
    <ele>10.4</ele>
    <time>2026-04-19T17:23:04Z</time>
    <extensions>
     <power>114</power>
     <gpxtpx:TrackPointExtension>
      <gpxtpx:hr>175</gpxtpx:hr>
     </gpxtpx:TrackPointExtension>
    </extensions>
   </trkpt>
   <trkpt lat="49.2660790" lon="-123.1282270">
    <ele>10.2</ele>
    <time>2026-04-19T17:23:05Z</time>
    <extensions>
     <power>114</power>
     <gpxtpx:TrackPointExtension>
      <gpxtpx:hr>175</gpxtpx:hr>
     </gpxtpx:TrackPointExtension>
    </extensions>
   </trkpt>
   <trkpt lat="49.2660780" lon="-123.1282080">
    <ele>10.2</ele>
    <time>2026-04-19T17:23:06Z</time>
    <extensions>
     <power>117</power>
     <gpxtpx:TrackPointExtension>
      <gpxtpx:hr>175</gpxtpx:hr>
     </gpxtpx:TrackPointExtension>
    </extensions>
   </trkpt>
   <trkpt lat="49.2660770" lon="-123.1281660">
    <ele>10.2</ele>
    <time>2026-04-19T17:23:07Z</time>
    <extensions>
     <power>117</power>
     <gpxtpx:TrackPointExtension>
      <gpxtpx:hr>175</gpxtpx:hr>
     </gpxtpx:TrackPointExtension>
    </extensions>
   </trkpt>
   <trkpt lat="49.2660760" lon="-123.1281520">
    <ele>10.2</ele>
    <time>2026-04-19T17:23:08Z</time>
    <extensions>
     <power>116</power>
     <gpxtpx:TrackPointExtension>
      <gpxtpx:hr>175</gpxtpx:hr>
     </gpxtpx:TrackPointExtension>
    </extensions>
   </trkpt>
   <trkpt lat="49.2660750" lon="-123.1281240">
    <ele>10.2</ele>
    <time>2026-04-19T17:23:09Z</time>
    <extensions>
     <power>116</power>
     <gpxtpx:TrackPointExtension>
      <gpxtpx:hr>174</gpxtpx:hr>
     </gpxtpx:TrackPointExtension>
    </extensions>
   </trkpt>
   <trkpt lat="49.2660750" lon="-123.1280960">
    <ele>10.2</ele>
    <time>2026-04-19T17:23:10Z</time>
    <extensions>
     <power>116</power>
     <gpxtpx:TrackPointExtension>
      <gpxtpx:hr>174</gpxtpx:hr>
     </gpxtpx:TrackPointExtension>
    </extensions>
   </trkpt>
   <trkpt lat="49.2660740" lon="-123.1280700">
    <ele>10.0</ele>
    <time>2026-04-19T17:23:11Z</time>
    <extensions>
     <power>113</power>
     <gpxtpx:TrackPointExtension>
      <gpxtpx:hr>174</gpxtpx:hr>
     </gpxtpx:TrackPointExtension>
    </extensions>
   </trkpt>
   <trkpt lat="49.2660730" lon="-123.1280310">
    <ele>10.0</ele>
    <time>2026-04-19T17:23:12Z</time>
    <extensions>
     <power>113</power>
     <gpxtpx:TrackPointExtension>
      <gpxtpx:hr>174</gpxtpx:hr>
     </gpxtpx:TrackPointExtension>
    </extensions>
   </trkpt>
   <trkpt lat="49.2660730" lon="-123.1280170">
    <ele>10.0</ele>
    <time>2026-04-19T17:23:13Z</time>
    <extensions>
     <power>112</power>
     <gpxtpx:TrackPointExtension>
      <gpxtpx:hr>174</gpxtpx:hr>
     </gpxtpx:TrackPointExtension>
    </extensions>
   </trkpt>
   <trkpt lat="49.2660710" lon="-123.1279700">
    <ele>10.0</ele>
    <time>2026-04-19T17:23:14Z</time>
    <extensions>
     <power>112</power>
     <gpxtpx:TrackPointExtension>
      <gpxtpx:hr>174</gpxtpx:hr>
     </gpxtpx:TrackPointExtension>
    </extensions>
   </trkpt>
   <trkpt lat="49.2660690" lon="-123.1279500">
    <ele>10.0</ele>
    <time>2026-04-19T17:23:15Z</time>
    <extensions>
     <power>112</power>
     <gpxtpx:TrackPointExtension>
      <gpxtpx:hr>174</gpxtpx:hr>
     </gpxtpx:TrackPointExtension>
    </extensions>
   </trkpt>
   <trkpt lat="49.2660680" lon="-123.1279310">
    <ele>10.0</ele>
    <time>2026-04-19T17:23:16Z</time>
    <extensions>
     <power>115</power>
     <gpxtpx:TrackPointExtension>
      <gpxtpx:hr>174</gpxtpx:hr>
     </gpxtpx:TrackPointExtension>
    </extensions>
   </trkpt>
   <trkpt lat="49.2660650" lon="-123.1278860">
    <ele>9.8</ele>
    <time>2026-04-19T17:23:17Z</time>
    <extensions>
     <power>115</power>
     <gpxtpx:TrackPointExtension>
      <gpxtpx:hr>172</gpxtpx:hr>
     </gpxtpx:TrackPointExtension>
    </extensions>
   </trkpt>
   <trkpt lat="49.2660630" lon="-123.1278710">
    <ele>9.8</ele>
    <time>2026-04-19T17:23:18Z</time>
    <extensions>
     <power>124</power>
     <gpxtpx:TrackPointExtension>
      <gpxtpx:hr>172</gpxtpx:hr>
     </gpxtpx:TrackPointExtension>
    </extensions>
   </trkpt>
   <trkpt lat="49.2660600" lon="-123.1278230">
    <ele>9.8</ele>
    <time>2026-04-19T17:23:19Z</time>
    <extensions>
     <power>124</power>
     <gpxtpx:TrackPointExtension>
      <gpxtpx:hr>172</gpxtpx:hr>
     </gpxtpx:TrackPointExtension>
    </extensions>
   </trkpt>
   <trkpt lat="49.2660590" lon="-123.1278040">
    <ele>9.8</ele>
    <time>2026-04-19T17:23:20Z</time>
    <extensions>
     <power>124</power>
     <gpxtpx:TrackPointExtension>
      <gpxtpx:hr>171</gpxtpx:hr>
     </gpxtpx:TrackPointExtension>
    </extensions>
   </trkpt>
   <trkpt lat="49.2660580" lon="-123.1277850">
    <ele>9.8</ele>
    <time>2026-04-19T17:23:21Z</time>
    <extensions>
     <power>124</power>
     <gpxtpx:TrackPointExtension>
      <gpxtpx:hr>171</gpxtpx:hr>
     </gpxtpx:TrackPointExtension>
    </extensions>
   </trkpt>
   <trkpt lat="49.2660570" lon="-123.1277580">
    <ele>9.8</ele>
    <time>2026-04-19T17:23:22Z</time>
    <extensions>
     <power>124</power>
     <gpxtpx:TrackPointExtension>
      <gpxtpx:hr>171</gpxtpx:hr>
     </gpxtpx:TrackPointExtension>
    </extensions>
   </trkpt>
   <trkpt lat="49.2660560" lon="-123.1277310">
    <ele>9.8</ele>
    <time>2026-04-19T17:23:23Z</time>
    <extensions>
     <power>116</power>
     <gpxtpx:TrackPointExtension>
      <gpxtpx:hr>171</gpxtpx:hr>
     </gpxtpx:TrackPointExtension>
    </extensions>
   </trkpt>
   <trkpt lat="49.2660550" lon="-123.1276870">
    <ele>9.6</ele>
    <time>2026-04-19T17:23:24Z</time>
    <extensions>
     <power>116</power>
     <gpxtpx:TrackPointExtension>
      <gpxtpx:hr>171</gpxtpx:hr>
     </gpxtpx:TrackPointExtension>
    </extensions>
   </trkpt>
   <trkpt lat="49.2660560" lon="-123.1276690">
    <ele>9.6</ele>
    <time>2026-04-19T17:23:25Z</time>
    <extensions>
     <power>116</power>
     <gpxtpx:TrackPointExtension>
      <gpxtpx:hr>171</gpxtpx:hr>
     </gpxtpx:TrackPointExtension>
    </extensions>
   </trkpt>
   <trkpt lat="49.2660560" lon="-123.1276520">
    <ele>9.6</ele>
    <time>2026-04-19T17:23:26Z</time>
    <extensions>
     <power>114</power>
     <gpxtpx:TrackPointExtension>
      <gpxtpx:hr>169</gpxtpx:hr>
     </gpxtpx:TrackPointExtension>
    </extensions>
   </trkpt>
   <trkpt lat="49.2660570" lon="-123.1276080">
    <ele>9.6</ele>
    <time>2026-04-19T17:23:27Z</time>
    <extensions>
     <power>114</power>
     <gpxtpx:TrackPointExtension>
      <gpxtpx:hr>169</gpxtpx:hr>
     </gpxtpx:TrackPointExtension>
    </extensions>
   </trkpt>
   <trkpt lat="49.2660570" lon="-123.1275890">
    <ele>9.6</ele>
    <time>2026-04-19T17:23:28Z</time>
    <extensions>
     <power>114</power>
     <gpxtpx:TrackPointExtension>
      <gpxtpx:hr>169</gpxtpx:hr>
     </gpxtpx:TrackPointExtension>
    </extensions>
   </trkpt>
   <trkpt lat="49.2660570" lon="-123.1275710">
    <ele>9.6</ele>
    <time>2026-04-19T17:23:29Z</time>
    <extensions>
     <power>114</power>
     <gpxtpx:TrackPointExtension>
      <gpxtpx:hr>169</gpxtpx:hr>
     </gpxtpx:TrackPointExtension>
    </extensions>
   </trkpt>
   <trkpt lat="49.2660570" lon="-123.1275290">
    <ele>9.6</ele>
    <time>2026-04-19T17:23:30Z</time>
    <extensions>
     <power>114</power>
     <gpxtpx:TrackPointExtension>
      <gpxtpx:hr>169</gpxtpx:hr>
     </gpxtpx:TrackPointExtension>
    </extensions>
   </trkpt>
   <trkpt lat="49.2660560" lon="-123.1275150">
    <ele>9.4</ele>
    <time>2026-04-19T17:23:31Z</time>
    <extensions>
     <power>114</power>
     <gpxtpx:TrackPointExtension>
      <gpxtpx:hr>169</gpxtpx:hr>
     </gpxtpx:TrackPointExtension>
    </extensions>
   </trkpt>
   <trkpt lat="49.2660550" lon="-123.1274870">
    <ele>9.4</ele>
    <time>2026-04-19T17:23:32Z</time>
    <extensions>
     <power>114</power>
     <gpxtpx:TrackPointExtension>
      <gpxtpx:hr>169</gpxtpx:hr>
     </gpxtpx:TrackPointExtension>
    </extensions>
   </trkpt>
   <trkpt lat="49.2660550" lon="-123.1274590">
    <ele>9.4</ele>
    <time>2026-04-19T17:23:33Z</time>
    <extensions>
     <power>114</power>
     <gpxtpx:TrackPointExtension>
      <gpxtpx:hr>168</gpxtpx:hr>
     </gpxtpx:TrackPointExtension>
    </extensions>
   </trkpt>
   <trkpt lat="49.2660550" lon="-123.1274310">
    <ele>9.4</ele>
    <time>2026-04-19T17:23:34Z</time>
    <extensions>
     <power>112</power>
     <gpxtpx:TrackPointExtension>
      <gpxtpx:hr>168</gpxtpx:hr>
     </gpxtpx:TrackPointExtension>
    </extensions>
   </trkpt>
   <trkpt lat="49.2660540" lon="-123.1273860">
    <ele>9.4</ele>
    <time>2026-04-19T17:23:35Z</time>
    <extensions>
     <power>112</power>
     <gpxtpx:TrackPointExtension>
      <gpxtpx:hr>168</gpxtpx:hr>
     </gpxtpx:TrackPointExtension>
    </extensions>
   </trkpt>
   <trkpt lat="49.2660530" lon="-123.1273710">
    <ele>9.4</ele>
    <time>2026-04-19T17:23:36Z</time>
    <extensions>
     <power>101</power>
     <gpxtpx:TrackPointExtension>
      <gpxtpx:hr>168</gpxtpx:hr>
     </gpxtpx:TrackPointExtension>
    </extensions>
   </trkpt>
   <trkpt lat="49.2660530" lon="-123.1273200">
    <ele>9.4</ele>
    <time>2026-04-19T17:23:37Z</time>
    <extensions>
     <power>101</power>
     <gpxtpx:TrackPointExtension>
      <gpxtpx:hr>168</gpxtpx:hr>
     </gpxtpx:TrackPointExtension>
    </extensions>
   </trkpt>
   <trkpt lat="49.2660530" lon="-123.1273000">
    <ele>9.2</ele>
    <time>2026-04-19T17:23:38Z</time>
    <extensions>
     <power>101</power>
     <gpxtpx:TrackPointExtension>
      <gpxtpx:hr>168</gpxtpx:hr>
     </gpxtpx:TrackPointExtension>
    </extensions>
   </trkpt>
   <trkpt lat="49.2660540" lon="-123.1272790">
    <ele>9.2</ele>
    <time>2026-04-19T17:23:39Z</time>
    <extensions>
     <power>133</power>
     <gpxtpx:TrackPointExtension>
      <gpxtpx:hr>167</gpxtpx:hr>
     </gpxtpx:TrackPointExtension>
    </extensions>
   </trkpt>
   <trkpt lat="49.2660560" lon="-123.1272320">
    <ele>9.2</ele>
    <time>2026-04-19T17:23:40Z</time>
    <extensions>
     <power>133</power>
     <gpxtpx:TrackPointExtension>
      <gpxtpx:hr>168</gpxtpx:hr>
     </gpxtpx:TrackPointExtension>
    </extensions>
   </trkpt>
   <trkpt lat="49.2660560" lon="-123.1272160">
    <ele>9.2</ele>
    <time>2026-04-19T17:23:41Z</time>
    <extensions>
     <power>135</power>
     <gpxtpx:TrackPointExtension>
      <gpxtpx:hr>168</gpxtpx:hr>
     </gpxtpx:TrackPointExtension>
    </extensions>
   </trkpt>
   <trkpt lat="49.2660550" lon="-123.1271640">
    <ele>9.2</ele>
    <time>2026-04-19T17:23:42Z</time>
    <extensions>
     <power>135</power>
     <gpxtpx:TrackPointExtension>
      <gpxtpx:hr>168</gpxtpx:hr>
     </gpxtpx:TrackPointExtension>
    </extensions>
   </trkpt>
   <trkpt lat="49.2660540" lon="-123.1271430">
    <ele>9.0</ele>
    <time>2026-04-19T17:23:43Z</time>
    <extensions>
     <power>135</power>
     <gpxtpx:TrackPointExtension>
      <gpxtpx:hr>168</gpxtpx:hr>
     </gpxtpx:TrackPointExtension>
    </extensions>
   </trkpt>
   <trkpt lat="49.2660540" lon="-123.1271220">
    <ele>9.0</ele>
    <time>2026-04-19T17:23:44Z</time>
    <extensions>
     <power>134</power>
     <gpxtpx:TrackPointExtension>
      <gpxtpx:hr>168</gpxtpx:hr>
     </gpxtpx:TrackPointExtension>
    </extensions>
   </trkpt>
   <trkpt lat="49.2660530" lon="-123.1270750">
    <ele>9.0</ele>
    <time>2026-04-19T17:23:45Z</time>
    <extensions>
     <power>134</power>
     <gpxtpx:TrackPointExtension>
      <gpxtpx:hr>168</gpxtpx:hr>
     </gpxtpx:TrackPointExtension>
    </extensions>
   </trkpt>
   <trkpt lat="49.2660530" lon="-123.1270590">
    <ele>9.0</ele>
    <time>2026-04-19T17:23:46Z</time>
    <extensions>
     <power>140</power>
     <gpxtpx:TrackPointExtension>
      <gpxtpx:hr>168</gpxtpx:hr>
     </gpxtpx:TrackPointExtension>
    </extensions>
   </trkpt>
   <trkpt lat="49.2660530" lon="-123.1270100">
    <ele>9.0</ele>
    <time>2026-04-19T17:23:47Z</time>
    <extensions>
     <power>140</power>
     <gpxtpx:TrackPointExtension>
      <gpxtpx:hr>168</gpxtpx:hr>
     </gpxtpx:TrackPointExtension>
    </extensions>
   </trkpt>
   <trkpt lat="49.2660540" lon="-123.1269910">
    <ele>8.8</ele>
    <time>2026-04-19T17:23:48Z</time>
    <extensions>
     <power>140</power>
     <gpxtpx:TrackPointExtension>
      <gpxtpx:hr>168</gpxtpx:hr>
     </gpxtpx:TrackPointExtension>
    </extensions>
   </trkpt>
   <trkpt lat="49.2660540" lon="-123.1269710">
    <ele>8.8</ele>
    <time>2026-04-19T17:23:49Z</time>
    <extensions>
     <power>136</power>
     <gpxtpx:TrackPointExtension>
      <gpxtpx:hr>168</gpxtpx:hr>
     </gpxtpx:TrackPointExtension>
    </extensions>
   </trkpt>
   <trkpt lat="49.2660530" lon="-123.1269210">
    <ele>8.8</ele>
    <time>2026-04-19T17:23:50Z</time>
    <extensions>
     <power>136</power>
     <gpxtpx:TrackPointExtension>
      <gpxtpx:hr>168</gpxtpx:hr>
     </gpxtpx:TrackPointExtension>
    </extensions>
   </trkpt>
   <trkpt lat="49.2660530" lon="-123.1269020">
    <ele>8.8</ele>
    <time>2026-04-19T17:23:51Z</time>
    <extensions>
     <power>136</power>
     <gpxtpx:TrackPointExtension>
      <gpxtpx:hr>168</gpxtpx:hr>
     </gpxtpx:TrackPointExtension>
    </extensions>
   </trkpt>
   <trkpt lat="49.2660520" lon="-123.1268820">
    <ele>8.8</ele>
    <time>2026-04-19T17:23:52Z</time>
    <extensions>
     <power>134</power>
     <gpxtpx:TrackPointExtension>
      <gpxtpx:hr>168</gpxtpx:hr>
     </gpxtpx:TrackPointExtension>
    </extensions>
   </trkpt>
   <trkpt lat="49.2660490" lon="-123.1268380">
    <ele>8.8</ele>
    <time>2026-04-19T17:23:53Z</time>
    <extensions>
     <power>134</power>
     <gpxtpx:TrackPointExtension>
      <gpxtpx:hr>168</gpxtpx:hr>
     </gpxtpx:TrackPointExtension>
    </extensions>
   </trkpt>
   <trkpt lat="49.2660480" lon="-123.1268240">
    <ele>8.6</ele>
    <time>2026-04-19T17:23:54Z</time>
    <extensions>
     <power>133</power>
     <gpxtpx:TrackPointExtension>
      <gpxtpx:hr>167</gpxtpx:hr>
     </gpxtpx:TrackPointExtension>
    </extensions>
   </trkpt>
   <trkpt lat="49.2660440" lon="-123.1267760">
    <ele>8.6</ele>
    <time>2026-04-19T17:23:55Z</time>
    <extensions>
     <power>133</power>
     <gpxtpx:TrackPointExtension>
      <gpxtpx:hr>167</gpxtpx:hr>
     </gpxtpx:TrackPointExtension>
    </extensions>
   </trkpt>
   <trkpt lat="49.2660420" lon="-123.1267570">
    <ele>8.6</ele>
    <time>2026-04-19T17:23:56Z</time>
    <extensions>
     <power>133</power>
     <gpxtpx:TrackPointExtension>
      <gpxtpx:hr>168</gpxtpx:hr>
     </gpxtpx:TrackPointExtension>
    </extensions>
   </trkpt>
   <trkpt lat="49.2660410" lon="-123.1267380">
    <ele>8.6</ele>
    <time>2026-04-19T17:23:57Z</time>
    <extensions>
     <power>133</power>
     <gpxtpx:TrackPointExtension>
      <gpxtpx:hr>168</gpxtpx:hr>
     </gpxtpx:TrackPointExtension>
    </extensions>
   </trkpt>
   <trkpt lat="49.2660410" lon="-123.1266980">
    <ele>8.6</ele>
    <time>2026-04-19T17:23:58Z</time>
    <extensions>
     <power>133</power>
     <gpxtpx:TrackPointExtension>
      <gpxtpx:hr>168</gpxtpx:hr>
     </gpxtpx:TrackPointExtension>
    </extensions>
   </trkpt>
   <trkpt lat="49.2660410" lon="-123.1266850">
    <ele>8.6</ele>
    <time>2026-04-19T17:23:59Z</time>
    <extensions>
     <power>128</power>
     <gpxtpx:TrackPointExtension>
      <gpxtpx:hr>168</gpxtpx:hr>
     </gpxtpx:TrackPointExtension>
    </extensions>
   </trkpt>
   <trkpt lat="49.2660430" lon="-123.1266430">
    <ele>8.6</ele>
    <time>2026-04-19T17:24:00Z</time>
    <extensions>
     <power>128</power>
     <gpxtpx:TrackPointExtension>
      <gpxtpx:hr>166</gpxtpx:hr>
     </gpxtpx:TrackPointExtension>
    </extensions>
   </trkpt>
   <trkpt lat="49.2660440" lon="-123.1266260">
    <ele>8.4</ele>
    <time>2026-04-19T17:24:01Z</time>
    <extensions>
     <power>128</power>
     <gpxtpx:TrackPointExtension>
      <gpxtpx:hr>166</gpxtpx:hr>
     </gpxtpx:TrackPointExtension>
    </extensions>
   </trkpt>
   <trkpt lat="49.2660450" lon="-123.1266090">
    <ele>8.4</ele>
    <time>2026-04-19T17:24:02Z</time>
    <extensions>
     <power>117</power>
     <gpxtpx:TrackPointExtension>
      <gpxtpx:hr>166</gpxtpx:hr>
     </gpxtpx:TrackPointExtension>
    </extensions>
   </trkpt>
   <trkpt lat="49.2660450" lon="-123.1265820">
    <ele>8.4</ele>
    <time>2026-04-19T17:24:03Z</time>
    <extensions>
     <power>117</power>
     <gpxtpx:TrackPointExtension>
      <gpxtpx:hr>166</gpxtpx:hr>
     </gpxtpx:TrackPointExtension>
    </extensions>
   </trkpt>
   <trkpt lat="49.2660440" lon="-123.1265530">
    <ele>8.4</ele>
    <time>2026-04-19T17:24:04Z</time>
    <extensions>
     <power>120</power>
     <gpxtpx:TrackPointExtension>
      <gpxtpx:hr>166</gpxtpx:hr>
     </gpxtpx:TrackPointExtension>
    </extensions>
   </trkpt>
   <trkpt lat="49.2660430" lon="-123.1265040">
    <ele>8.4</ele>
    <time>2026-04-19T17:24:05Z</time>
    <extensions>
     <power>120</power>
     <gpxtpx:TrackPointExtension>
      <gpxtpx:hr>166</gpxtpx:hr>
     </gpxtpx:TrackPointExtension>
    </extensions>
   </trkpt>
   <trkpt lat="49.2660430" lon="-123.1264850">
    <ele>8.4</ele>
    <time>2026-04-19T17:24:06Z</time>
    <extensions>
     <power>120</power>
     <gpxtpx:TrackPointExtension>
      <gpxtpx:hr>166</gpxtpx:hr>
     </gpxtpx:TrackPointExtension>
    </extensions>
   </trkpt>
   <trkpt lat="49.2660420" lon="-123.1264660">
    <ele>8.4</ele>
    <time>2026-04-19T17:24:07Z</time>
    <extensions>
     <power>128</power>
     <gpxtpx:TrackPointExtension>
      <gpxtpx:hr>166</gpxtpx:hr>
     </gpxtpx:TrackPointExtension>
    </extensions>
   </trkpt>
   <trkpt lat="49.2660390" lon="-123.1264220">
    <ele>8.4</ele>
    <time>2026-04-19T17:24:08Z</time>
    <extensions>
     <power>128</power>
     <gpxtpx:TrackPointExtension>
      <gpxtpx:hr>166</gpxtpx:hr>
     </gpxtpx:TrackPointExtension>
    </extensions>
   </trkpt>
   <trkpt lat="49.2660380" lon="-123.1264080">
    <ele>8.4</ele>
    <time>2026-04-19T17:24:09Z</time>
    <extensions>
     <power>129</power>
     <gpxtpx:TrackPointExtension>
      <gpxtpx:hr>161</gpxtpx:hr>
     </gpxtpx:TrackPointExtension>
    </extensions>
   </trkpt>
   <trkpt lat="49.2660340" lon="-123.1263600">
    <ele>8.4</ele>
    <time>2026-04-19T17:24:10Z</time>
    <extensions>
     <power>129</power>
     <gpxtpx:TrackPointExtension>
      <gpxtpx:hr>161</gpxtpx:hr>
     </gpxtpx:TrackPointExtension>
    </extensions>
   </trkpt>
   <trkpt lat="49.2660330" lon="-123.1263420">
    <ele>8.4</ele>
    <time>2026-04-19T17:24:11Z</time>
    <extensions>
     <power>129</power>
     <gpxtpx:TrackPointExtension>
      <gpxtpx:hr>161</gpxtpx:hr>
     </gpxtpx:TrackPointExtension>
    </extensions>
   </trkpt>
   <trkpt lat="49.2660310" lon="-123.1263230">
    <ele>8.6</ele>
    <time>2026-04-19T17:24:12Z</time>
    <extensions>
     <power>129</power>
     <gpxtpx:TrackPointExtension>
      <gpxtpx:hr>161</gpxtpx:hr>
     </gpxtpx:TrackPointExtension>
    </extensions>
   </trkpt>
   <trkpt lat="49.2660300" lon="-123.1262950">
    <ele>8.6</ele>
    <time>2026-04-19T17:24:13Z</time>
    <extensions>
     <power>129</power>
     <gpxtpx:TrackPointExtension>
      <gpxtpx:hr>161</gpxtpx:hr>
     </gpxtpx:TrackPointExtension>
    </extensions>
   </trkpt>
   <trkpt lat="49.2660310" lon="-123.1262680">
    <ele>8.6</ele>
    <time>2026-04-19T17:24:14Z</time>
    <extensions>
     <power>129</power>
     <gpxtpx:TrackPointExtension>
      <gpxtpx:hr>161</gpxtpx:hr>
     </gpxtpx:TrackPointExtension>
    </extensions>
   </trkpt>
   <trkpt lat="49.2660310" lon="-123.1262410">
    <ele>8.6</ele>
    <time>2026-04-19T17:24:15Z</time>
    <extensions>
     <power>123</power>
     <gpxtpx:TrackPointExtension>
      <gpxtpx:hr>161</gpxtpx:hr>
     </gpxtpx:TrackPointExtension>
    </extensions>
   </trkpt>
   <trkpt lat="49.2660310" lon="-123.1262010">
    <ele>8.6</ele>
    <time>2026-04-19T17:24:16Z</time>
    <extensions>
     <power>123</power>
     <gpxtpx:TrackPointExtension>
      <gpxtpx:hr>161</gpxtpx:hr>
     </gpxtpx:TrackPointExtension>
    </extensions>
   </trkpt>
   <trkpt lat="49.2660310" lon="-123.1261870">
    <ele>8.6</ele>
    <time>2026-04-19T17:24:17Z</time>
    <extensions>
     <power>124</power>
     <gpxtpx:TrackPointExtension>
      <gpxtpx:hr>161</gpxtpx:hr>
     </gpxtpx:TrackPointExtension>
    </extensions>
   </trkpt>
   <trkpt lat="49.2660290" lon="-123.1261430">
    <ele>8.8</ele>
    <time>2026-04-19T17:24:18Z</time>
    <extensions>
     <power>124</power>
     <gpxtpx:TrackPointExtension>
      <gpxtpx:hr>160</gpxtpx:hr>
     </gpxtpx:TrackPointExtension>
    </extensions>
   </trkpt>
   <trkpt lat="49.2660290" lon="-123.1261260">
    <ele>8.8</ele>
    <time>2026-04-19T17:24:19Z</time>
    <extensions>
     <power>124</power>
     <gpxtpx:TrackPointExtension>
      <gpxtpx:hr>160</gpxtpx:hr>
     </gpxtpx:TrackPointExtension>
    </extensions>
   </trkpt>
   <trkpt lat="49.2660280" lon="-123.1261080">
    <ele>8.8</ele>
    <time>2026-04-19T17:24:20Z</time>
    <extensions>
     <power>122</power>
     <gpxtpx:TrackPointExtension>
      <gpxtpx:hr>160</gpxtpx:hr>
     </gpxtpx:TrackPointExtension>
    </extensions>
   </trkpt>
   <trkpt lat="49.2660270" lon="-123.1260680">
    <ele>8.8</ele>
    <time>2026-04-19T17:24:21Z</time>
    <extensions>
     <power>122</power>
     <gpxtpx:TrackPointExtension>
      <gpxtpx:hr>160</gpxtpx:hr>
     </gpxtpx:TrackPointExtension>
    </extensions>
   </trkpt>
   <trkpt lat="49.2660270" lon="-123.1260540">
    <ele>8.8</ele>
    <time>2026-04-19T17:24:22Z</time>
    <extensions>
     <power>123</power>
     <gpxtpx:TrackPointExtension>
      <gpxtpx:hr>160</gpxtpx:hr>
     </gpxtpx:TrackPointExtension>
    </extensions>
   </trkpt>
   <trkpt lat="49.2660260" lon="-123.1260070">
    <ele>8.8</ele>
    <time>2026-04-19T17:24:23Z</time>
    <extensions>
     <power>123</power>
     <gpxtpx:TrackPointExtension>
      <gpxtpx:hr>162</gpxtpx:hr>
     </gpxtpx:TrackPointExtension>
    </extensions>
   </trkpt>
   <trkpt lat="49.2660260" lon="-123.1259880">
    <ele>8.8</ele>
    <time>2026-04-19T17:24:24Z</time>
    <extensions>
     <power>123</power>
     <gpxtpx:TrackPointExtension>
      <gpxtpx:hr>162</gpxtpx:hr>
     </gpxtpx:TrackPointExtension>
    </extensions>
   </trkpt>
   <trkpt lat="49.2660260" lon="-123.1259690">
    <ele>8.8</ele>
    <time>2026-04-19T17:24:25Z</time>
    <extensions>
     <power>125</power>
     <gpxtpx:TrackPointExtension>
      <gpxtpx:hr>162</gpxtpx:hr>
     </gpxtpx:TrackPointExtension>
    </extensions>
   </trkpt>
   <trkpt lat="49.2660260" lon="-123.1259410">
    <ele>8.8</ele>
    <time>2026-04-19T17:24:26Z</time>
    <extensions>
     <power>125</power>
     <gpxtpx:TrackPointExtension>
      <gpxtpx:hr>162</gpxtpx:hr>
     </gpxtpx:TrackPointExtension>
    </extensions>
   </trkpt>
   <trkpt lat="49.2660250" lon="-123.1259130">
    <ele>8.8</ele>
    <time>2026-04-19T17:24:27Z</time>
    <extensions>
     <power>126</power>
     <gpxtpx:TrackPointExtension>
      <gpxtpx:hr>162</gpxtpx:hr>
     </gpxtpx:TrackPointExtension>
    </extensions>
   </trkpt>
   <trkpt lat="49.2660250" lon="-123.1258650">
    <ele>8.8</ele>
    <time>2026-04-19T17:24:28Z</time>
    <extensions>
     <power>126</power>
     <gpxtpx:TrackPointExtension>
      <gpxtpx:hr>162</gpxtpx:hr>
     </gpxtpx:TrackPointExtension>
    </extensions>
   </trkpt>
   <trkpt lat="49.2660240" lon="-123.1258460">
    <ele>8.8</ele>
    <time>2026-04-19T17:24:29Z</time>
    <extensions>
     <power>126</power>
     <gpxtpx:TrackPointExtension>
      <gpxtpx:hr>160</gpxtpx:hr>
     </gpxtpx:TrackPointExtension>
    </extensions>
   </trkpt>
   <trkpt lat="49.2660240" lon="-123.1258260">
    <ele>8.8</ele>
    <time>2026-04-19T17:24:30Z</time>
    <extensions>
     <power>120</power>
     <gpxtpx:TrackPointExtension>
      <gpxtpx:hr>160</gpxtpx:hr>
     </gpxtpx:TrackPointExtension>
    </extensions>
   </trkpt>
   <trkpt lat="49.2660240" lon="-123.1257800">
    <ele>8.8</ele>
    <time>2026-04-19T17:24:31Z</time>
    <extensions>
     <power>120</power>
     <gpxtpx:TrackPointExtension>
      <gpxtpx:hr>160</gpxtpx:hr>
     </gpxtpx:TrackPointExtension>
    </extensions>
   </trkpt>
   <trkpt lat="49.2660240" lon="-123.1257650">
    <ele>8.8</ele>
    <time>2026-04-19T17:24:32Z</time>
    <extensions>
     <power>118</power>
     <gpxtpx:TrackPointExtension>
      <gpxtpx:hr>160</gpxtpx:hr>
     </gpxtpx:TrackPointExtension>
    </extensions>
   </trkpt>
   <trkpt lat="49.2660230" lon="-123.1257190">
    <ele>8.8</ele>
    <time>2026-04-19T17:24:33Z</time>
    <extensions>
     <power>118</power>
     <gpxtpx:TrackPointExtension>
      <gpxtpx:hr>160</gpxtpx:hr>
     </gpxtpx:TrackPointExtension>
    </extensions>
   </trkpt>
   <trkpt lat="49.2660230" lon="-123.1257000">
    <ele>8.8</ele>
    <time>2026-04-19T17:24:34Z</time>
    <extensions>
     <power>118</power>
     <gpxtpx:TrackPointExtension>
      <gpxtpx:hr>160</gpxtpx:hr>
     </gpxtpx:TrackPointExtension>
    </extensions>
   </trkpt>
   <trkpt lat="49.2660230" lon="-123.1256820">
    <ele>8.8</ele>
    <time>2026-04-19T17:24:35Z</time>
    <extensions>
     <power>119</power>
     <gpxtpx:TrackPointExtension>
      <gpxtpx:hr>160</gpxtpx:hr>
     </gpxtpx:TrackPointExtension>
    </extensions>
   </trkpt>
   <trkpt lat="49.2660250" lon="-123.1256340">
    <ele>8.8</ele>
    <time>2026-04-19T17:24:36Z</time>
    <extensions>
     <power>119</power>
     <gpxtpx:TrackPointExtension>
      <gpxtpx:hr>160</gpxtpx:hr>
     </gpxtpx:TrackPointExtension>
    </extensions>
   </trkpt>
   <trkpt lat="49.2660250" lon="-123.1256140">
    <ele>8.8</ele>
    <time>2026-04-19T17:24:37Z</time>
    <extensions>
     <power>119</power>
     <gpxtpx:TrackPointExtension>
      <gpxtpx:hr>161</gpxtpx:hr>
     </gpxtpx:TrackPointExtension>
    </extensions>
   </trkpt>
   <trkpt lat="49.2660260" lon="-123.1255940">
    <ele>8.8</ele>
    <time>2026-04-19T17:24:38Z</time>
    <extensions>
     <power>136</power>
     <gpxtpx:TrackPointExtension>
      <gpxtpx:hr>161</gpxtpx:hr>
     </gpxtpx:TrackPointExtension>
    </extensions>
   </trkpt>
   <trkpt lat="49.2660260" lon="-123.1255470">
    <ele>8.8</ele>
    <time>2026-04-19T17:24:39Z</time>
    <extensions>
     <power>136</power>
     <gpxtpx:TrackPointExtension>
      <gpxtpx:hr>161</gpxtpx:hr>
     </gpxtpx:TrackPointExtension>
    </extensions>
   </trkpt>
   <trkpt lat="49.2660260" lon="-123.1255310">
    <ele>8.8</ele>
    <time>2026-04-19T17:24:40Z</time>
    <extensions>
     <power>141</power>
     <gpxtpx:TrackPointExtension>
      <gpxtpx:hr>161</gpxtpx:hr>
     </gpxtpx:TrackPointExtension>
    </extensions>
   </trkpt>
   <trkpt lat="49.2660250" lon="-123.1254820">
    <ele>8.8</ele>
    <time>2026-04-19T17:24:41Z</time>
    <extensions>
     <power>141</power>
     <gpxtpx:TrackPointExtension>
      <gpxtpx:hr>161</gpxtpx:hr>
     </gpxtpx:TrackPointExtension>
    </extensions>
   </trkpt>
   <trkpt lat="49.2660240" lon="-123.1254620">
    <ele>8.8</ele>
    <time>2026-04-19T17:24:42Z</time>
    <extensions>
     <power>141</power>
     <gpxtpx:TrackPointExtension>
      <gpxtpx:hr>160</gpxtpx:hr>
     </gpxtpx:TrackPointExtension>
    </extensions>
   </trkpt>
   <trkpt lat="49.2660230" lon="-123.1254430">
    <ele>8.8</ele>
    <time>2026-04-19T17:24:43Z</time>
    <extensions>
     <power>140</power>
     <gpxtpx:TrackPointExtension>
      <gpxtpx:hr>160</gpxtpx:hr>
     </gpxtpx:TrackPointExtension>
    </extensions>
   </trkpt>
   <trkpt lat="49.2660230" lon="-123.1254140">
    <ele>8.8</ele>
    <time>2026-04-19T17:24:44Z</time>
    <extensions>
     <power>140</power>
     <gpxtpx:TrackPointExtension>
      <gpxtpx:hr>160</gpxtpx:hr>
     </gpxtpx:TrackPointExtension>
    </extensions>
   </trkpt>
   <trkpt lat="49.2660230" lon="-123.1253860">
    <ele>8.8</ele>
    <time>2026-04-19T17:24:45Z</time>
    <extensions>
     <power>139</power>
     <gpxtpx:TrackPointExtension>
      <gpxtpx:hr>160</gpxtpx:hr>
     </gpxtpx:TrackPointExtension>
    </extensions>
   </trkpt>
   <trkpt lat="49.2660240" lon="-123.1253360">
    <ele>8.8</ele>
    <time>2026-04-19T17:24:46Z</time>
    <extensions>
     <power>139</power>
     <gpxtpx:TrackPointExtension>
      <gpxtpx:hr>160</gpxtpx:hr>
     </gpxtpx:TrackPointExtension>
    </extensions>
   </trkpt>
   <trkpt lat="49.2660250" lon="-123.1253160">
    <ele>8.8</ele>
    <time>2026-04-19T17:24:47Z</time>
    <extensions>
     <power>139</power>
     <gpxtpx:TrackPointExtension>
      <gpxtpx:hr>160</gpxtpx:hr>
     </gpxtpx:TrackPointExtension>
    </extensions>
   </trkpt>
   <trkpt lat="49.2660250" lon="-123.1252960">
    <ele>8.8</ele>
    <time>2026-04-19T17:24:48Z</time>
    <extensions>
     <power>141</power>
     <gpxtpx:TrackPointExtension>
      <gpxtpx:hr>161</gpxtpx:hr>
     </gpxtpx:TrackPointExtension>
    </extensions>
   </trkpt>
   <trkpt lat="49.2660250" lon="-123.1252480">
    <ele>8.8</ele>
    <time>2026-04-19T17:24:49Z</time>
    <extensions>
     <power>141</power>
     <gpxtpx:TrackPointExtension>
      <gpxtpx:hr>161</gpxtpx:hr>
     </gpxtpx:TrackPointExtension>
    </extensions>
   </trkpt>
   <trkpt lat="49.2660240" lon="-123.1252320">
    <ele>8.8</ele>
    <time>2026-04-19T17:24:50Z</time>
    <extensions>
     <power>144</power>
     <gpxtpx:TrackPointExtension>
      <gpxtpx:hr>161</gpxtpx:hr>
     </gpxtpx:TrackPointExtension>
    </extensions>
   </trkpt>
   <trkpt lat="49.2660220" lon="-123.1251800">
    <ele>8.8</ele>
    <time>2026-04-19T17:24:51Z</time>
    <extensions>
     <power>144</power>
     <gpxtpx:TrackPointExtension>
      <gpxtpx:hr>161</gpxtpx:hr>
     </gpxtpx:TrackPointExtension>
    </extensions>
   </trkpt>
   <trkpt lat="49.2660220" lon="-123.1251590">
    <ele>8.8</ele>
    <time>2026-04-19T17:24:52Z</time>
    <extensions>
     <power>144</power>
     <gpxtpx:TrackPointExtension>
      <gpxtpx:hr>161</gpxtpx:hr>
     </gpxtpx:TrackPointExtension>
    </extensions>
   </trkpt>
   <trkpt lat="49.2660210" lon="-123.1251380">
    <ele>9.0</ele>
    <time>2026-04-19T17:24:53Z</time>
    <extensions>
     <power>143</power>
     <gpxtpx:TrackPointExtension>
      <gpxtpx:hr>161</gpxtpx:hr>
     </gpxtpx:TrackPointExtension>
    </extensions>
   </trkpt>
   <trkpt lat="49.2660180" lon="-123.1250890">
    <ele>9.0</ele>
    <time>2026-04-19T17:24:54Z</time>
    <extensions>
     <power>143</power>
     <gpxtpx:TrackPointExtension>
      <gpxtpx:hr>161</gpxtpx:hr>
     </gpxtpx:TrackPointExtension>
    </extensions>
   </trkpt>
   <trkpt lat="49.2660170" lon="-123.1250730">
    <ele>9.0</ele>
    <time>2026-04-19T17:24:55Z</time>
    <extensions>
     <power>147</power>
     <gpxtpx:TrackPointExtension>
      <gpxtpx:hr>161</gpxtpx:hr>
     </gpxtpx:TrackPointExtension>
    </extensions>
   </trkpt>
   <trkpt lat="49.2660150" lon="-123.1250210">
    <ele>9.0</ele>
    <time>2026-04-19T17:24:56Z</time>
    <extensions>
     <power>147</power>
     <gpxtpx:TrackPointExtension>
      <gpxtpx:hr>161</gpxtpx:hr>
     </gpxtpx:TrackPointExtension>
    </extensions>
   </trkpt>
   <trkpt lat="49.2660150" lon="-123.1250010">
    <ele>9.0</ele>
    <time>2026-04-19T17:24:57Z</time>
    <extensions>
     <power>147</power>
     <gpxtpx:TrackPointExtension>
      <gpxtpx:hr>161</gpxtpx:hr>
     </gpxtpx:TrackPointExtension>
    </extensions>
   </trkpt>
   <trkpt lat="49.2660150" lon="-123.1249810">
    <ele>9.0</ele>
    <time>2026-04-19T17:24:58Z</time>
    <extensions>
     <power>143</power>
     <gpxtpx:TrackPointExtension>
      <gpxtpx:hr>161</gpxtpx:hr>
     </gpxtpx:TrackPointExtension>
    </extensions>
   </trkpt>
   <trkpt lat="49.2660160" lon="-123.1249530">
    <ele>9.0</ele>
    <time>2026-04-19T17:24:59Z</time>
    <extensions>
     <power>143</power>
     <gpxtpx:TrackPointExtension>
      <gpxtpx:hr>160</gpxtpx:hr>
     </gpxtpx:TrackPointExtension>
    </extensions>
   </trkpt>
   <trkpt lat="49.2660170" lon="-123.1249270">
    <ele>9.0</ele>
    <time>2026-04-19T17:25:00Z</time>
    <extensions>
     <power>143</power>
     <gpxtpx:TrackPointExtension>
      <gpxtpx:hr>160</gpxtpx:hr>
     </gpxtpx:TrackPointExtension>
    </extensions>
   </trkpt>
   <trkpt lat="49.2660180" lon="-123.1249000">
    <ele>9.0</ele>
    <time>2026-04-19T17:25:01Z</time>
    <extensions>
     <power>141</power>
     <gpxtpx:TrackPointExtension>
      <gpxtpx:hr>160</gpxtpx:hr>
     </gpxtpx:TrackPointExtension>
    </extensions>
   </trkpt>
   <trkpt lat="49.2660180" lon="-123.1248580">
    <ele>9.0</ele>
    <time>2026-04-19T17:25:02Z</time>
    <extensions>
     <power>141</power>
     <gpxtpx:TrackPointExtension>
      <gpxtpx:hr>160</gpxtpx:hr>
     </gpxtpx:TrackPointExtension>
    </extensions>
   </trkpt>
   <trkpt lat="49.2660170" lon="-123.1248440">
    <ele>9.0</ele>
    <time>2026-04-19T17:25:03Z</time>
    <extensions>
     <power>142</power>
     <gpxtpx:TrackPointExtension>
      <gpxtpx:hr>160</gpxtpx:hr>
     </gpxtpx:TrackPointExtension>
    </extensions>
   </trkpt>
   <trkpt lat="49.2660130" lon="-123.1247970">
    <ele>9.0</ele>
    <time>2026-04-19T17:25:04Z</time>
    <extensions>
     <power>142</power>
     <gpxtpx:TrackPointExtension>
      <gpxtpx:hr>160</gpxtpx:hr>
     </gpxtpx:TrackPointExtension>
    </extensions>
   </trkpt>
   <trkpt lat="49.2660120" lon="-123.1247780">
    <ele>9.0</ele>
    <time>2026-04-19T17:25:05Z</time>
    <extensions>
     <power>142</power>
     <gpxtpx:TrackPointExtension>
      <gpxtpx:hr>160</gpxtpx:hr>
     </gpxtpx:TrackPointExtension>
    </extensions>
   </trkpt>
   <trkpt lat="49.2660100" lon="-123.1247590">
    <ele>9.0</ele>
    <time>2026-04-19T17:25:06Z</time>
    <extensions>
     <power>141</power>
     <gpxtpx:TrackPointExtension>
      <gpxtpx:hr>160</gpxtpx:hr>
     </gpxtpx:TrackPointExtension>
    </extensions>
   </trkpt>
   <trkpt lat="49.2660090" lon="-123.1247150">
    <ele>9.0</ele>
    <time>2026-04-19T17:25:07Z</time>
    <extensions>
     <power>141</power>
     <gpxtpx:TrackPointExtension>
      <gpxtpx:hr>160</gpxtpx:hr>
     </gpxtpx:TrackPointExtension>
    </extensions>
   </trkpt>
   <trkpt lat="49.2660090" lon="-123.1247000">
    <ele>9.2</ele>
    <time>2026-04-19T17:25:08Z</time>
    <extensions>
     <power>144</power>
     <gpxtpx:TrackPointExtension>
      <gpxtpx:hr>160</gpxtpx:hr>
     </gpxtpx:TrackPointExtension>
    </extensions>
   </trkpt>
   <trkpt lat="49.2660110" lon="-123.1246540">
    <ele>9.2</ele>
    <time>2026-04-19T17:25:09Z</time>
    <extensions>
     <power>144</power>
     <gpxtpx:TrackPointExtension>
      <gpxtpx:hr>158</gpxtpx:hr>
     </gpxtpx:TrackPointExtension>
    </extensions>
   </trkpt>
   <trkpt lat="49.2660110" lon="-123.1246360">
    <ele>9.2</ele>
    <time>2026-04-19T17:25:10Z</time>
    <extensions>
     <power>144</power>
     <gpxtpx:TrackPointExtension>
      <gpxtpx:hr>158</gpxtpx:hr>
     </gpxtpx:TrackPointExtension>
    </extensions>
   </trkpt>
   <trkpt lat="49.2660120" lon="-123.1246180">
    <ele>9.2</ele>
    <time>2026-04-19T17:25:11Z</time>
    <extensions>
     <power>143</power>
     <gpxtpx:TrackPointExtension>
      <gpxtpx:hr>158</gpxtpx:hr>
     </gpxtpx:TrackPointExtension>
    </extensions>
   </trkpt>
   <trkpt lat="49.2660100" lon="-123.1245740">
    <ele>9.2</ele>
    <time>2026-04-19T17:25:12Z</time>
    <extensions>
     <power>143</power>
     <gpxtpx:TrackPointExtension>
      <gpxtpx:hr>158</gpxtpx:hr>
     </gpxtpx:TrackPointExtension>
    </extensions>
   </trkpt>
   <trkpt lat="49.2660080" lon="-123.1245590">
    <ele>9.2</ele>
    <time>2026-04-19T17:25:13Z</time>
    <extensions>
     <power>147</power>
     <gpxtpx:TrackPointExtension>
      <gpxtpx:hr>158</gpxtpx:hr>
     </gpxtpx:TrackPointExtension>
    </extensions>
   </trkpt>
   <trkpt lat="49.2660030" lon="-123.1245100">
    <ele>9.2</ele>
    <time>2026-04-19T17:25:14Z</time>
    <extensions>
     <power>147</power>
     <gpxtpx:TrackPointExtension>
      <gpxtpx:hr>159</gpxtpx:hr>
     </gpxtpx:TrackPointExtension>
    </extensions>
   </trkpt>
   <trkpt lat="49.2660010" lon="-123.1244910">
    <ele>9.2</ele>
    <time>2026-04-19T17:25:15Z</time>
    <extensions>
     <power>147</power>
     <gpxtpx:TrackPointExtension>
      <gpxtpx:hr>159</gpxtpx:hr>
     </gpxtpx:TrackPointExtension>
    </extensions>
   </trkpt>
   <trkpt lat="49.2659990" lon="-123.1244720">
    <ele>9.2</ele>
    <time>2026-04-19T17:25:16Z</time>
    <extensions>
     <power>148</power>
     <gpxtpx:TrackPointExtension>
      <gpxtpx:hr>159</gpxtpx:hr>
     </gpxtpx:TrackPointExtension>
    </extensions>
   </trkpt>
   <trkpt lat="49.2659990" lon="-123.1244320">
    <ele>9.2</ele>
    <time>2026-04-19T17:25:17Z</time>
    <extensions>
     <power>148</power>
     <gpxtpx:TrackPointExtension>
      <gpxtpx:hr>159</gpxtpx:hr>
     </gpxtpx:TrackPointExtension>
    </extensions>
   </trkpt>
   <trkpt lat="49.2659990" lon="-123.1244190">
    <ele>9.2</ele>
    <time>2026-04-19T17:25:18Z</time>
    <extensions>
     <power>147</power>
     <gpxtpx:TrackPointExtension>
      <gpxtpx:hr>160</gpxtpx:hr>
     </gpxtpx:TrackPointExtension>
    </extensions>
   </trkpt>
   <trkpt lat="49.2660000" lon="-123.1243910">
    <ele>9.2</ele>
    <time>2026-04-19T17:25:19Z</time>
    <extensions>
     <power>147</power>
     <gpxtpx:TrackPointExtension>
      <gpxtpx:hr>160</gpxtpx:hr>
     </gpxtpx:TrackPointExtension>
    </extensions>
   </trkpt>
   <trkpt lat="49.2660020" lon="-123.1243600">
    <ele>9.4</ele>
    <time>2026-04-19T17:25:20Z</time>
    <extensions>
     <power>147</power>
     <gpxtpx:TrackPointExtension>
      <gpxtpx:hr>160</gpxtpx:hr>
     </gpxtpx:TrackPointExtension>
    </extensions>
   </trkpt>
   <trkpt lat="49.2660030" lon="-123.1243280">
    <ele>9.4</ele>
    <time>2026-04-19T17:25:21Z</time>
    <extensions>
     <power>148</power>
     <gpxtpx:TrackPointExtension>
      <gpxtpx:hr>160</gpxtpx:hr>
     </gpxtpx:TrackPointExtension>
    </extensions>
   </trkpt>
   <trkpt lat="49.2660060" lon="-123.1242730">
    <ele>9.4</ele>
    <time>2026-04-19T17:25:22Z</time>
    <extensions>
     <power>148</power>
     <gpxtpx:TrackPointExtension>
      <gpxtpx:hr>160</gpxtpx:hr>
     </gpxtpx:TrackPointExtension>
    </extensions>
   </trkpt>
   <trkpt lat="49.2660070" lon="-123.1242510">
    <ele>9.4</ele>
    <time>2026-04-19T17:25:23Z</time>
    <extensions>
     <power>148</power>
     <gpxtpx:TrackPointExtension>
      <gpxtpx:hr>161</gpxtpx:hr>
     </gpxtpx:TrackPointExtension>
    </extensions>
   </trkpt>
   <trkpt lat="49.2660090" lon="-123.1242290">
    <ele>9.4</ele>
    <time>2026-04-19T17:25:24Z</time>
    <extensions>
     <power>150</power>
     <gpxtpx:TrackPointExtension>
      <gpxtpx:hr>161</gpxtpx:hr>
     </gpxtpx:TrackPointExtension>
    </extensions>
   </trkpt>
   <trkpt lat="49.2660130" lon="-123.1241820">
    <ele>9.4</ele>
    <time>2026-04-19T17:25:25Z</time>
    <extensions>
     <power>150</power>
     <gpxtpx:TrackPointExtension>
      <gpxtpx:hr>161</gpxtpx:hr>
     </gpxtpx:TrackPointExtension>
    </extensions>
   </trkpt>
   <trkpt lat="49.2660140" lon="-123.1241660">
    <ele>9.4</ele>
    <time>2026-04-19T17:25:26Z</time>
    <extensions>
     <power>153</power>
     <gpxtpx:TrackPointExtension>
      <gpxtpx:hr>161</gpxtpx:hr>
     </gpxtpx:TrackPointExtension>
    </extensions>
   </trkpt>
   <trkpt lat="49.2660120" lon="-123.1241130">
    <ele>9.4</ele>
    <time>2026-04-19T17:25:27Z</time>
    <extensions>
     <power>153</power>
     <gpxtpx:TrackPointExtension>
      <gpxtpx:hr>161</gpxtpx:hr>
     </gpxtpx:TrackPointExtension>
    </extensions>
   </trkpt>
   <trkpt lat="49.2660110" lon="-123.1240920">
    <ele>9.4</ele>
    <time>2026-04-19T17:25:28Z</time>
    <extensions>
     <power>153</power>
     <gpxtpx:TrackPointExtension>
      <gpxtpx:hr>163</gpxtpx:hr>
     </gpxtpx:TrackPointExtension>
    </extensions>
   </trkpt>
   <trkpt lat="49.2660090" lon="-123.1240710">
    <ele>9.4</ele>
    <time>2026-04-19T17:25:29Z</time>
    <extensions>
     <power>156</power>
     <gpxtpx:TrackPointExtension>
      <gpxtpx:hr>163</gpxtpx:hr>
     </gpxtpx:TrackPointExtension>
    </extensions>
   </trkpt>
   <trkpt lat="49.2660060" lon="-123.1240230">
    <ele>9.4</ele>
    <time>2026-04-19T17:25:30Z</time>
    <extensions>
     <power>156</power>
     <gpxtpx:TrackPointExtension>
      <gpxtpx:hr>163</gpxtpx:hr>
     </gpxtpx:TrackPointExtension>
    </extensions>
   </trkpt>
   <trkpt lat="49.2660050" lon="-123.1240070">
    <ele>9.4</ele>
    <time>2026-04-19T17:25:31Z</time>
    <extensions>
     <power>150</power>
     <gpxtpx:TrackPointExtension>
      <gpxtpx:hr>163</gpxtpx:hr>
     </gpxtpx:TrackPointExtension>
    </extensions>
   </trkpt>
   <trkpt lat="49.2660040" lon="-123.1239550">
    <ele>9.4</ele>
    <time>2026-04-19T17:25:32Z</time>
    <extensions>
     <power>150</power>
     <gpxtpx:TrackPointExtension>
      <gpxtpx:hr>162</gpxtpx:hr>
     </gpxtpx:TrackPointExtension>
    </extensions>
   </trkpt>
   <trkpt lat="49.2660030" lon="-123.1239330">
    <ele>9.4</ele>
    <time>2026-04-19T17:25:33Z</time>
    <extensions>
     <power>150</power>
     <gpxtpx:TrackPointExtension>
      <gpxtpx:hr>162</gpxtpx:hr>
     </gpxtpx:TrackPointExtension>
    </extensions>
   </trkpt>
   <trkpt lat="49.2660030" lon="-123.1239120">
    <ele>9.4</ele>
    <time>2026-04-19T17:25:34Z</time>
    <extensions>
     <power>150</power>
     <gpxtpx:TrackPointExtension>
      <gpxtpx:hr>162</gpxtpx:hr>
     </gpxtpx:TrackPointExtension>
    </extensions>
   </trkpt>
   <trkpt lat="49.2660020" lon="-123.1238630">
    <ele>9.4</ele>
    <time>2026-04-19T17:25:35Z</time>
    <extensions>
     <power>150</power>
     <gpxtpx:TrackPointExtension>
      <gpxtpx:hr>162</gpxtpx:hr>
     </gpxtpx:TrackPointExtension>
    </extensions>
   </trkpt>
   <trkpt lat="49.2660010" lon="-123.1238480">
    <ele>9.4</ele>
    <time>2026-04-19T17:25:36Z</time>
    <extensions>
     <power>152</power>
     <gpxtpx:TrackPointExtension>
      <gpxtpx:hr>162</gpxtpx:hr>
     </gpxtpx:TrackPointExtension>
    </extensions>
   </trkpt>
   <trkpt lat="49.2659970" lon="-123.1237940">
    <ele>9.4</ele>
    <time>2026-04-19T17:25:37Z</time>
    <extensions>
     <power>152</power>
     <gpxtpx:TrackPointExtension>
      <gpxtpx:hr>162</gpxtpx:hr>
     </gpxtpx:TrackPointExtension>
    </extensions>
   </trkpt>
   <trkpt lat="49.2659940" lon="-123.1237720">
    <ele>9.6</ele>
    <time>2026-04-19T17:25:38Z</time>
    <extensions>
     <power>152</power>
     <gpxtpx:TrackPointExtension>
      <gpxtpx:hr>161</gpxtpx:hr>
     </gpxtpx:TrackPointExtension>
    </extensions>
   </trkpt>
   <trkpt lat="49.2659920" lon="-123.1237500">
    <ele>9.6</ele>
    <time>2026-04-19T17:25:39Z</time>
    <extensions>
     <power>154</power>
     <gpxtpx:TrackPointExtension>
      <gpxtpx:hr>161</gpxtpx:hr>
     </gpxtpx:TrackPointExtension>
    </extensions>
   </trkpt>
   <trkpt lat="49.2659900" lon="-123.1236990">
    <ele>9.6</ele>
    <time>2026-04-19T17:25:40Z</time>
    <extensions>
     <power>154</power>
     <gpxtpx:TrackPointExtension>
      <gpxtpx:hr>161</gpxtpx:hr>
     </gpxtpx:TrackPointExtension>
    </extensions>
   </trkpt>
   <trkpt lat="49.2659900" lon="-123.1236820">
    <ele>9.6</ele>
    <time>2026-04-19T17:25:41Z</time>
    <extensions>
     <power>158</power>
     <gpxtpx:TrackPointExtension>
      <gpxtpx:hr>161</gpxtpx:hr>
     </gpxtpx:TrackPointExtension>
    </extensions>
   </trkpt>
   <trkpt lat="49.2659920" lon="-123.1236270">
    <ele>9.6</ele>
    <time>2026-04-19T17:25:42Z</time>
    <extensions>
     <power>158</power>
     <gpxtpx:TrackPointExtension>
      <gpxtpx:hr>161</gpxtpx:hr>
     </gpxtpx:TrackPointExtension>
    </extensions>
   </trkpt>
   <trkpt lat="49.2659940" lon="-123.1236050">
    <ele>9.6</ele>
    <time>2026-04-19T17:25:43Z</time>
    <extensions>
     <power>158</power>
     <gpxtpx:TrackPointExtension>
      <gpxtpx:hr>161</gpxtpx:hr>
     </gpxtpx:TrackPointExtension>
    </extensions>
   </trkpt>
   <trkpt lat="49.2659950" lon="-123.1235820">
    <ele>9.6</ele>
    <time>2026-04-19T17:25:44Z</time>
    <extensions>
     <power>159</power>
     <gpxtpx:TrackPointExtension>
      <gpxtpx:hr>161</gpxtpx:hr>
     </gpxtpx:TrackPointExtension>
    </extensions>
   </trkpt>
   <trkpt lat="49.2659950" lon="-123.1235270">
    <ele>9.6</ele>
    <time>2026-04-19T17:25:45Z</time>
    <extensions>
     <power>159</power>
     <gpxtpx:TrackPointExtension>
      <gpxtpx:hr>161</gpxtpx:hr>
     </gpxtpx:TrackPointExtension>
    </extensions>
   </trkpt>
   <trkpt lat="49.2659940" lon="-123.1235060">
    <ele>9.6</ele>
    <time>2026-04-19T17:25:46Z</time>
    <extensions>
     <power>159</power>
     <gpxtpx:TrackPointExtension>
      <gpxtpx:hr>161</gpxtpx:hr>
     </gpxtpx:TrackPointExtension>
    </extensions>
   </trkpt>
   <trkpt lat="49.2659940" lon="-123.1234860">
    <ele>9.6</ele>
    <time>2026-04-19T17:25:47Z</time>
    <extensions>
     <power>159</power>
     <gpxtpx:TrackPointExtension>
      <gpxtpx:hr>162</gpxtpx:hr>
     </gpxtpx:TrackPointExtension>
    </extensions>
   </trkpt>
   <trkpt lat="49.2659910" lon="-123.1234420">
    <ele>9.6</ele>
    <time>2026-04-19T17:25:48Z</time>
    <extensions>
     <power>159</power>
     <gpxtpx:TrackPointExtension>
      <gpxtpx:hr>162</gpxtpx:hr>
     </gpxtpx:TrackPointExtension>
    </extensions>
   </trkpt>
   <trkpt lat="49.2659900" lon="-123.1234270">
    <ele>9.6</ele>
    <time>2026-04-19T17:25:49Z</time>
    <extensions>
     <power>157</power>
     <gpxtpx:TrackPointExtension>
      <gpxtpx:hr>162</gpxtpx:hr>
     </gpxtpx:TrackPointExtension>
    </extensions>
   </trkpt>
   <trkpt lat="49.2659870" lon="-123.1233750">
    <ele>9.6</ele>
    <time>2026-04-19T17:25:50Z</time>
    <extensions>
     <power>157</power>
     <gpxtpx:TrackPointExtension>
      <gpxtpx:hr>162</gpxtpx:hr>
     </gpxtpx:TrackPointExtension>
    </extensions>
   </trkpt>
   <trkpt lat="49.2659870" lon="-123.1233550">
    <ele>9.6</ele>
    <time>2026-04-19T17:25:51Z</time>
    <extensions>
     <power>157</power>
     <gpxtpx:TrackPointExtension>
      <gpxtpx:hr>162</gpxtpx:hr>
     </gpxtpx:TrackPointExtension>
    </extensions>
   </trkpt>
   <trkpt lat="49.2659860" lon="-123.1233350">
    <ele>9.6</ele>
    <time>2026-04-19T17:25:52Z</time>
    <extensions>
     <power>157</power>
     <gpxtpx:TrackPointExtension>
      <gpxtpx:hr>162</gpxtpx:hr>
     </gpxtpx:TrackPointExtension>
    </extensions>
   </trkpt>
   <trkpt lat="49.2659840" lon="-123.1232870">
    <ele>9.6</ele>
    <time>2026-04-19T17:25:53Z</time>
    <extensions>
     <power>157</power>
     <gpxtpx:TrackPointExtension>
      <gpxtpx:hr>162</gpxtpx:hr>
     </gpxtpx:TrackPointExtension>
    </extensions>
   </trkpt>
   <trkpt lat="49.2659830" lon="-123.1232710">
    <ele>9.6</ele>
    <time>2026-04-19T17:25:54Z</time>
    <extensions>
     <power>157</power>
     <gpxtpx:TrackPointExtension>
      <gpxtpx:hr>163</gpxtpx:hr>
     </gpxtpx:TrackPointExtension>
    </extensions>
   </trkpt>
   <trkpt lat="49.2659780" lon="-123.1232170">
    <ele>9.6</ele>
    <time>2026-04-19T17:25:55Z</time>
    <extensions>
     <power>157</power>
     <gpxtpx:TrackPointExtension>
      <gpxtpx:hr>163</gpxtpx:hr>
     </gpxtpx:TrackPointExtension>
    </extensions>
   </trkpt>
   <trkpt lat="49.2659760" lon="-123.1231960">
    <ele>9.6</ele>
    <time>2026-04-19T17:25:56Z</time>
    <extensions>
     <power>157</power>
     <gpxtpx:TrackPointExtension>
      <gpxtpx:hr>163</gpxtpx:hr>
     </gpxtpx:TrackPointExtension>
    </extensions>
   </trkpt>
   <trkpt lat="49.2659740" lon="-123.1231760">
    <ele>9.6</ele>
    <time>2026-04-19T17:25:57Z</time>
    <extensions>
     <power>158</power>
     <gpxtpx:TrackPointExtension>
      <gpxtpx:hr>163</gpxtpx:hr>
     </gpxtpx:TrackPointExtension>
    </extensions>
   </trkpt>
   <trkpt lat="49.2659720" lon="-123.1231320">
    <ele>9.6</ele>
    <time>2026-04-19T17:25:58Z</time>
    <extensions>
     <power>158</power>
     <gpxtpx:TrackPointExtension>
      <gpxtpx:hr>163</gpxtpx:hr>
     </gpxtpx:TrackPointExtension>
    </extensions>
   </trkpt>
   <trkpt lat="49.2659710" lon="-123.1231170">
    <ele>9.8</ele>
    <time>2026-04-19T17:25:59Z</time>
    <extensions>
     <power>158</power>
     <gpxtpx:TrackPointExtension>
      <gpxtpx:hr>165</gpxtpx:hr>
     </gpxtpx:TrackPointExtension>
    </extensions>
   </trkpt>
   <trkpt lat="49.2659710" lon="-123.1230610">
    <ele>9.8</ele>
    <time>2026-04-19T17:26:00Z</time>
    <extensions>
     <power>158</power>
     <gpxtpx:TrackPointExtension>
      <gpxtpx:hr>165</gpxtpx:hr>
     </gpxtpx:TrackPointExtension>
    </extensions>
   </trkpt>
   <trkpt lat="49.2659720" lon="-123.1230390">
    <ele>9.8</ele>
    <time>2026-04-19T17:26:01Z</time>
    <extensions>
     <power>158</power>
     <gpxtpx:TrackPointExtension>
      <gpxtpx:hr>165</gpxtpx:hr>
     </gpxtpx:TrackPointExtension>
    </extensions>
   </trkpt>
   <trkpt lat="49.2659730" lon="-123.1230160">
    <ele>9.8</ele>
    <time>2026-04-19T17:26:02Z</time>
    <extensions>
     <power>161</power>
     <gpxtpx:TrackPointExtension>
      <gpxtpx:hr>165</gpxtpx:hr>
     </gpxtpx:TrackPointExtension>
    </extensions>
   </trkpt>
   <trkpt lat="49.2659770" lon="-123.1229710">
    <ele>9.8</ele>
    <time>2026-04-19T17:26:03Z</time>
    <extensions>
     <power>161</power>
     <gpxtpx:TrackPointExtension>
      <gpxtpx:hr>165</gpxtpx:hr>
     </gpxtpx:TrackPointExtension>
    </extensions>
   </trkpt>
   <trkpt lat="49.2659780" lon="-123.1229560">
    <ele>9.8</ele>
    <time>2026-04-19T17:26:04Z</time>
    <extensions>
     <power>158</power>
     <gpxtpx:TrackPointExtension>
      <gpxtpx:hr>165</gpxtpx:hr>
     </gpxtpx:TrackPointExtension>
    </extensions>
   </trkpt>
   <trkpt lat="49.2659780" lon="-123.1229070">
    <ele>9.8</ele>
    <time>2026-04-19T17:26:05Z</time>
    <extensions>
     <power>158</power>
     <gpxtpx:TrackPointExtension>
      <gpxtpx:hr>165</gpxtpx:hr>
     </gpxtpx:TrackPointExtension>
    </extensions>
   </trkpt>
   <trkpt lat="49.2659780" lon="-123.1228880">
    <ele>9.8</ele>
    <time>2026-04-19T17:26:06Z</time>
    <extensions>
     <power>158</power>
     <gpxtpx:TrackPointExtension>
      <gpxtpx:hr>165</gpxtpx:hr>
     </gpxtpx:TrackPointExtension>
    </extensions>
   </trkpt>
   <trkpt lat="49.2659780" lon="-123.1228690">
    <ele>9.8</ele>
    <time>2026-04-19T17:26:07Z</time>
    <extensions>
     <power>157</power>
     <gpxtpx:TrackPointExtension>
      <gpxtpx:hr>166</gpxtpx:hr>
     </gpxtpx:TrackPointExtension>
    </extensions>
   </trkpt>
   <trkpt lat="49.2659780" lon="-123.1228400">
    <ele>9.8</ele>
    <time>2026-04-19T17:26:08Z</time>
    <extensions>
     <power>157</power>
     <gpxtpx:TrackPointExtension>
      <gpxtpx:hr>166</gpxtpx:hr>
     </gpxtpx:TrackPointExtension>
    </extensions>
   </trkpt>
   <trkpt lat="49.2659790" lon="-123.1228120">
    <ele>9.8</ele>
    <time>2026-04-19T17:26:09Z</time>
    <extensions>
     <power>157</power>
     <gpxtpx:TrackPointExtension>
      <gpxtpx:hr>166</gpxtpx:hr>
     </gpxtpx:TrackPointExtension>
    </extensions>
   </trkpt>
   <trkpt lat="49.2659790" lon="-123.1227830">
    <ele>9.8</ele>
    <time>2026-04-19T17:26:10Z</time>
    <extensions>
     <power>155</power>
     <gpxtpx:TrackPointExtension>
      <gpxtpx:hr>166</gpxtpx:hr>
     </gpxtpx:TrackPointExtension>
    </extensions>
   </trkpt>
   <trkpt lat="49.2659790" lon="-123.1227370">
    <ele>9.8</ele>
    <time>2026-04-19T17:26:11Z</time>
    <extensions>
     <power>155</power>
     <gpxtpx:TrackPointExtension>
      <gpxtpx:hr>166</gpxtpx:hr>
     </gpxtpx:TrackPointExtension>
    </extensions>
   </trkpt>
   <trkpt lat="49.2659790" lon="-123.1227210">
    <ele>9.8</ele>
    <time>2026-04-19T17:26:12Z</time>
    <extensions>
     <power>155</power>
     <gpxtpx:TrackPointExtension>
      <gpxtpx:hr>166</gpxtpx:hr>
     </gpxtpx:TrackPointExtension>
    </extensions>
   </trkpt>
   <trkpt lat="49.2659790" lon="-123.1226660">
    <ele>9.8</ele>
    <time>2026-04-19T17:26:13Z</time>
    <extensions>
     <power>155</power>
     <gpxtpx:TrackPointExtension>
      <gpxtpx:hr>166</gpxtpx:hr>
     </gpxtpx:TrackPointExtension>
    </extensions>
   </trkpt>
   <trkpt lat="49.2659800" lon="-123.1226430">
    <ele>9.8</ele>
    <time>2026-04-19T17:26:14Z</time>
    <extensions>
     <power>155</power>
     <gpxtpx:TrackPointExtension>
      <gpxtpx:hr>166</gpxtpx:hr>
     </gpxtpx:TrackPointExtension>
    </extensions>
   </trkpt>
   <trkpt lat="49.2659800" lon="-123.1226210">
    <ele>9.8</ele>
    <time>2026-04-19T17:26:15Z</time>
    <extensions>
     <power>158</power>
     <gpxtpx:TrackPointExtension>
      <gpxtpx:hr>166</gpxtpx:hr>
     </gpxtpx:TrackPointExtension>
    </extensions>
   </trkpt>
   <trkpt lat="49.2659830" lon="-123.1225740">
    <ele>9.8</ele>
    <time>2026-04-19T17:26:16Z</time>
    <extensions>
     <power>158</power>
     <gpxtpx:TrackPointExtension>
      <gpxtpx:hr>166</gpxtpx:hr>
     </gpxtpx:TrackPointExtension>
    </extensions>
   </trkpt>
   <trkpt lat="49.2659830" lon="-123.1225580">
    <ele>10.0</ele>
    <time>2026-04-19T17:26:17Z</time>
    <extensions>
     <power>157</power>
     <gpxtpx:TrackPointExtension>
      <gpxtpx:hr>166</gpxtpx:hr>
     </gpxtpx:TrackPointExtension>
    </extensions>
   </trkpt>
   <trkpt lat="49.2659850" lon="-123.1225020">
    <ele>10.0</ele>
    <time>2026-04-19T17:26:18Z</time>
    <extensions>
     <power>157</power>
     <gpxtpx:TrackPointExtension>
      <gpxtpx:hr>166</gpxtpx:hr>
     </gpxtpx:TrackPointExtension>
    </extensions>
   </trkpt>
   <trkpt lat="49.2659860" lon="-123.1224800">
    <ele>10.0</ele>
    <time>2026-04-19T17:26:19Z</time>
    <extensions>
     <power>157</power>
     <gpxtpx:TrackPointExtension>
      <gpxtpx:hr>166</gpxtpx:hr>
     </gpxtpx:TrackPointExtension>
    </extensions>
   </trkpt>
   <trkpt lat="49.2659870" lon="-123.1224580">
    <ele>10.0</ele>
    <time>2026-04-19T17:26:20Z</time>
    <extensions>
     <power>160</power>
     <gpxtpx:TrackPointExtension>
      <gpxtpx:hr>167</gpxtpx:hr>
     </gpxtpx:TrackPointExtension>
    </extensions>
   </trkpt>
   <trkpt lat="49.2659890" lon="-123.1224120">
    <ele>10.0</ele>
    <time>2026-04-19T17:26:21Z</time>
    <extensions>
     <power>160</power>
     <gpxtpx:TrackPointExtension>
      <gpxtpx:hr>167</gpxtpx:hr>
     </gpxtpx:TrackPointExtension>
    </extensions>
   </trkpt>
   <trkpt lat="49.2659890" lon="-123.1223960">
    <ele>10.0</ele>
    <time>2026-04-19T17:26:22Z</time>
    <extensions>
     <power>159</power>
     <gpxtpx:TrackPointExtension>
      <gpxtpx:hr>167</gpxtpx:hr>
     </gpxtpx:TrackPointExtension>
    </extensions>
   </trkpt>
   <trkpt lat="49.2659890" lon="-123.1223440">
    <ele>10.0</ele>
    <time>2026-04-19T17:26:23Z</time>
    <extensions>
     <power>159</power>
     <gpxtpx:TrackPointExtension>
      <gpxtpx:hr>167</gpxtpx:hr>
     </gpxtpx:TrackPointExtension>
    </extensions>
   </trkpt>
   <trkpt lat="49.2659900" lon="-123.1223230">
    <ele>10.0</ele>
    <time>2026-04-19T17:26:24Z</time>
    <extensions>
     <power>159</power>
     <gpxtpx:TrackPointExtension>
      <gpxtpx:hr>167</gpxtpx:hr>
     </gpxtpx:TrackPointExtension>
    </extensions>
   </trkpt>
   <trkpt lat="49.2659900" lon="-123.1223030">
    <ele>10.0</ele>
    <time>2026-04-19T17:26:25Z</time>
    <extensions>
     <power>158</power>
     <gpxtpx:TrackPointExtension>
      <gpxtpx:hr>167</gpxtpx:hr>
     </gpxtpx:TrackPointExtension>
    </extensions>
   </trkpt>
   <trkpt lat="49.2659920" lon="-123.1222600">
    <ele>10.0</ele>
    <time>2026-04-19T17:26:26Z</time>
    <extensions>
     <power>158</power>
     <gpxtpx:TrackPointExtension>
      <gpxtpx:hr>167</gpxtpx:hr>
     </gpxtpx:TrackPointExtension>
    </extensions>
   </trkpt>
   <trkpt lat="49.2659930" lon="-123.1222440">
    <ele>10.0</ele>
    <time>2026-04-19T17:26:27Z</time>
    <extensions>
     <power>159</power>
     <gpxtpx:TrackPointExtension>
      <gpxtpx:hr>167</gpxtpx:hr>
     </gpxtpx:TrackPointExtension>
    </extensions>
   </trkpt>
   <trkpt lat="49.2659920" lon="-123.1221850">
    <ele>10.0</ele>
    <time>2026-04-19T17:26:28Z</time>
    <extensions>
     <power>159</power>
     <gpxtpx:TrackPointExtension>
      <gpxtpx:hr>167</gpxtpx:hr>
     </gpxtpx:TrackPointExtension>
    </extensions>
   </trkpt>
   <trkpt lat="49.2659910" lon="-123.1221630">
    <ele>10.0</ele>
    <time>2026-04-19T17:26:29Z</time>
    <extensions>
     <power>159</power>
     <gpxtpx:TrackPointExtension>
      <gpxtpx:hr>168</gpxtpx:hr>
     </gpxtpx:TrackPointExtension>
    </extensions>
   </trkpt>
   <trkpt lat="49.2659900" lon="-123.1221400">
    <ele>10.0</ele>
    <time>2026-04-19T17:26:30Z</time>
    <extensions>
     <power>160</power>
     <gpxtpx:TrackPointExtension>
      <gpxtpx:hr>168</gpxtpx:hr>
     </gpxtpx:TrackPointExtension>
    </extensions>
   </trkpt>
   <trkpt lat="49.2659880" lon="-123.1220890">
    <ele>10.0</ele>
    <time>2026-04-19T17:26:31Z</time>
    <extensions>
     <power>160</power>
     <gpxtpx:TrackPointExtension>
      <gpxtpx:hr>168</gpxtpx:hr>
     </gpxtpx:TrackPointExtension>
    </extensions>
   </trkpt>
   <trkpt lat="49.2659880" lon="-123.1220680">
    <ele>10.0</ele>
    <time>2026-04-19T17:26:32Z</time>
    <extensions>
     <power>160</power>
     <gpxtpx:TrackPointExtension>
      <gpxtpx:hr>168</gpxtpx:hr>
     </gpxtpx:TrackPointExtension>
    </extensions>
   </trkpt>
   <trkpt lat="49.2659870" lon="-123.1220470">
    <ele>10.0</ele>
    <time>2026-04-19T17:26:33Z</time>
    <extensions>
     <power>159</power>
     <gpxtpx:TrackPointExtension>
      <gpxtpx:hr>168</gpxtpx:hr>
     </gpxtpx:TrackPointExtension>
    </extensions>
   </trkpt>
   <trkpt lat="49.2659860" lon="-123.1219940">
    <ele>10.0</ele>
    <time>2026-04-19T17:26:34Z</time>
    <extensions>
     <power>159</power>
     <gpxtpx:TrackPointExtension>
      <gpxtpx:hr>167</gpxtpx:hr>
     </gpxtpx:TrackPointExtension>
    </extensions>
   </trkpt>
   <trkpt lat="49.2659850" lon="-123.1219760">
    <ele>10.0</ele>
    <time>2026-04-19T17:26:35Z</time>
    <extensions>
     <power>162</power>
     <gpxtpx:TrackPointExtension>
      <gpxtpx:hr>167</gpxtpx:hr>
     </gpxtpx:TrackPointExtension>
    </extensions>
   </trkpt>
   <trkpt lat="49.2659850" lon="-123.1219210">
    <ele>10.2</ele>
    <time>2026-04-19T17:26:36Z</time>
    <extensions>
     <power>162</power>
     <gpxtpx:TrackPointExtension>
      <gpxtpx:hr>167</gpxtpx:hr>
     </gpxtpx:TrackPointExtension>
    </extensions>
   </trkpt>
   <trkpt lat="49.2659860" lon="-123.1219010">
    <ele>10.2</ele>
    <time>2026-04-19T17:26:37Z</time>
    <extensions>
     <power>162</power>
     <gpxtpx:TrackPointExtension>
      <gpxtpx:hr>167</gpxtpx:hr>
     </gpxtpx:TrackPointExtension>
    </extensions>
   </trkpt>
   <trkpt lat="49.2659860" lon="-123.1218810">
    <ele>10.2</ele>
    <time>2026-04-19T17:26:38Z</time>
    <extensions>
     <power>158</power>
     <gpxtpx:TrackPointExtension>
      <gpxtpx:hr>167</gpxtpx:hr>
     </gpxtpx:TrackPointExtension>
    </extensions>
   </trkpt>
   <trkpt lat="49.2659860" lon="-123.1218400">
    <ele>10.2</ele>
    <time>2026-04-19T17:26:39Z</time>
    <extensions>
     <power>158</power>
     <gpxtpx:TrackPointExtension>
      <gpxtpx:hr>167</gpxtpx:hr>
     </gpxtpx:TrackPointExtension>
    </extensions>
   </trkpt>
   <trkpt lat="49.2659860" lon="-123.1218260">
    <ele>10.2</ele>
    <time>2026-04-19T17:26:40Z</time>
    <extensions>
     <power>146</power>
     <gpxtpx:TrackPointExtension>
      <gpxtpx:hr>167</gpxtpx:hr>
     </gpxtpx:TrackPointExtension>
    </extensions>
   </trkpt>
   <trkpt lat="49.2659860" lon="-123.1217810">
    <ele>10.2</ele>
    <time>2026-04-19T17:26:41Z</time>
    <extensions>
     <power>146</power>
     <gpxtpx:TrackPointExtension>
      <gpxtpx:hr>167</gpxtpx:hr>
     </gpxtpx:TrackPointExtension>
    </extensions>
   </trkpt>
   <trkpt lat="49.2659870" lon="-123.1217620">
    <ele>10.2</ele>
    <time>2026-04-19T17:26:42Z</time>
    <extensions>
     <power>146</power>
     <gpxtpx:TrackPointExtension>
      <gpxtpx:hr>167</gpxtpx:hr>
     </gpxtpx:TrackPointExtension>
    </extensions>
   </trkpt>
   <trkpt lat="49.2659880" lon="-123.1217430">
    <ele>10.2</ele>
    <time>2026-04-19T17:26:43Z</time>
    <extensions>
     <power>152</power>
     <gpxtpx:TrackPointExtension>
      <gpxtpx:hr>167</gpxtpx:hr>
     </gpxtpx:TrackPointExtension>
    </extensions>
   </trkpt>
   <trkpt lat="49.2659900" lon="-123.1217130">
    <ele>10.2</ele>
    <time>2026-04-19T17:26:44Z</time>
    <extensions>
     <power>152</power>
     <gpxtpx:TrackPointExtension>
      <gpxtpx:hr>168</gpxtpx:hr>
     </gpxtpx:TrackPointExtension>
    </extensions>
   </trkpt>
   <trkpt lat="49.2659910" lon="-123.1216820">
    <ele>10.2</ele>
    <time>2026-04-19T17:26:45Z</time>
    <extensions>
     <power>149</power>
     <gpxtpx:TrackPointExtension>
      <gpxtpx:hr>168</gpxtpx:hr>
     </gpxtpx:TrackPointExtension>
    </extensions>
   </trkpt>
   <trkpt lat="49.2659920" lon="-123.1216250">
    <ele>10.2</ele>
    <time>2026-04-19T17:26:46Z</time>
    <extensions>
     <power>149</power>
     <gpxtpx:TrackPointExtension>
      <gpxtpx:hr>168</gpxtpx:hr>
     </gpxtpx:TrackPointExtension>
    </extensions>
   </trkpt>
   <trkpt lat="49.2659910" lon="-123.1216030">
    <ele>10.2</ele>
    <time>2026-04-19T17:26:47Z</time>
    <extensions>
     <power>149</power>
     <gpxtpx:TrackPointExtension>
      <gpxtpx:hr>168</gpxtpx:hr>
     </gpxtpx:TrackPointExtension>
    </extensions>
   </trkpt>
   <trkpt lat="49.2659910" lon="-123.1215800">
    <ele>10.2</ele>
    <time>2026-04-19T17:26:48Z</time>
    <extensions>
     <power>161</power>
     <gpxtpx:TrackPointExtension>
      <gpxtpx:hr>168</gpxtpx:hr>
     </gpxtpx:TrackPointExtension>
    </extensions>
   </trkpt>
   <trkpt lat="49.2659910" lon="-123.1215340">
    <ele>10.2</ele>
    <time>2026-04-19T17:26:49Z</time>
    <extensions>
     <power>161</power>
     <gpxtpx:TrackPointExtension>
      <gpxtpx:hr>168</gpxtpx:hr>
     </gpxtpx:TrackPointExtension>
    </extensions>
   </trkpt>
   <trkpt lat="49.2659910" lon="-123.1215190">
    <ele>10.2</ele>
    <time>2026-04-19T17:26:50Z</time>
    <extensions>
     <power>157</power>
     <gpxtpx:TrackPointExtension>
      <gpxtpx:hr>168</gpxtpx:hr>
     </gpxtpx:TrackPointExtension>
    </extensions>
   </trkpt>
   <trkpt lat="49.2659910" lon="-123.1214660">
    <ele>10.2</ele>
    <time>2026-04-19T17:26:51Z</time>
    <extensions>
     <power>157</power>
     <gpxtpx:TrackPointExtension>
      <gpxtpx:hr>168</gpxtpx:hr>
     </gpxtpx:TrackPointExtension>
    </extensions>
   </trkpt>
   <trkpt lat="49.2659910" lon="-123.1214440">
    <ele>10.2</ele>
    <time>2026-04-19T17:26:52Z</time>
    <extensions>
     <power>157</power>
     <gpxtpx:TrackPointExtension>
      <gpxtpx:hr>168</gpxtpx:hr>
     </gpxtpx:TrackPointExtension>
    </extensions>
   </trkpt>
   <trkpt lat="49.2659910" lon="-123.1214220">
    <ele>10.2</ele>
    <time>2026-04-19T17:26:53Z</time>
    <extensions>
     <power>157</power>
     <gpxtpx:TrackPointExtension>
      <gpxtpx:hr>168</gpxtpx:hr>
     </gpxtpx:TrackPointExtension>
    </extensions>
   </trkpt>
   <trkpt lat="49.2659920" lon="-123.1213700">
    <ele>10.2</ele>
    <time>2026-04-19T17:26:54Z</time>
    <extensions>
     <power>157</power>
     <gpxtpx:TrackPointExtension>
      <gpxtpx:hr>167</gpxtpx:hr>
     </gpxtpx:TrackPointExtension>
    </extensions>
   </trkpt>
   <trkpt lat="49.2659930" lon="-123.1213500">
    <ele>10.2</ele>
    <time>2026-04-19T17:26:55Z</time>
    <extensions>
     <power>157</power>
     <gpxtpx:TrackPointExtension>
      <gpxtpx:hr>167</gpxtpx:hr>
     </gpxtpx:TrackPointExtension>
    </extensions>
   </trkpt>
   <trkpt lat="49.2659940" lon="-123.1213300">
    <ele>10.2</ele>
    <time>2026-04-19T17:26:56Z</time>
    <extensions>
     <power>158</power>
     <gpxtpx:TrackPointExtension>
      <gpxtpx:hr>167</gpxtpx:hr>
     </gpxtpx:TrackPointExtension>
    </extensions>
   </trkpt>
   <trkpt lat="49.2659960" lon="-123.1212890">
    <ele>10.2</ele>
    <time>2026-04-19T17:26:57Z</time>
    <extensions>
     <power>158</power>
     <gpxtpx:TrackPointExtension>
      <gpxtpx:hr>167</gpxtpx:hr>
     </gpxtpx:TrackPointExtension>
    </extensions>
   </trkpt>
   <trkpt lat="49.2659960" lon="-123.1212750">
    <ele>10.2</ele>
    <time>2026-04-19T17:26:58Z</time>
    <extensions>
     <power>154</power>
     <gpxtpx:TrackPointExtension>
      <gpxtpx:hr>167</gpxtpx:hr>
     </gpxtpx:TrackPointExtension>
    </extensions>
   </trkpt>
   <trkpt lat="49.2659940" lon="-123.1212270">
    <ele>10.2</ele>
    <time>2026-04-19T17:26:59Z</time>
    <extensions>
     <power>154</power>
     <gpxtpx:TrackPointExtension>
      <gpxtpx:hr>167</gpxtpx:hr>
     </gpxtpx:TrackPointExtension>
    </extensions>
   </trkpt>
   <trkpt lat="49.2659920" lon="-123.1212070">
    <ele>10.2</ele>
    <time>2026-04-19T17:27:00Z</time>
    <extensions>
     <power>154</power>
     <gpxtpx:TrackPointExtension>
      <gpxtpx:hr>167</gpxtpx:hr>
     </gpxtpx:TrackPointExtension>
    </extensions>
   </trkpt>
   <trkpt lat="49.2659910" lon="-123.1211870">
    <ele>10.2</ele>
    <time>2026-04-19T17:27:01Z</time>
    <extensions>
     <power>154</power>
     <gpxtpx:TrackPointExtension>
      <gpxtpx:hr>167</gpxtpx:hr>
     </gpxtpx:TrackPointExtension>
    </extensions>
   </trkpt>
   <trkpt lat="49.2659900" lon="-123.1211430">
    <ele>10.2</ele>
    <time>2026-04-19T17:27:02Z</time>
    <extensions>
     <power>154</power>
     <gpxtpx:TrackPointExtension>
      <gpxtpx:hr>168</gpxtpx:hr>
     </gpxtpx:TrackPointExtension>
    </extensions>
   </trkpt>
   <trkpt lat="49.2659890" lon="-123.1211290">
    <ele>10.4</ele>
    <time>2026-04-19T17:27:03Z</time>
    <extensions>
     <power>152</power>
     <gpxtpx:TrackPointExtension>
      <gpxtpx:hr>168</gpxtpx:hr>
     </gpxtpx:TrackPointExtension>
    </extensions>
   </trkpt>
   <trkpt lat="49.2659900" lon="-123.1210840">
    <ele>10.4</ele>
    <time>2026-04-19T17:27:04Z</time>
    <extensions>
     <power>152</power>
     <gpxtpx:TrackPointExtension>
      <gpxtpx:hr>168</gpxtpx:hr>
     </gpxtpx:TrackPointExtension>
    </extensions>
   </trkpt>
   <trkpt lat="49.2659900" lon="-123.1210650">
    <ele>10.4</ele>
    <time>2026-04-19T17:27:05Z</time>
    <extensions>
     <power>152</power>
     <gpxtpx:TrackPointExtension>
      <gpxtpx:hr>168</gpxtpx:hr>
     </gpxtpx:TrackPointExtension>
    </extensions>
   </trkpt>
   <trkpt lat="49.2659900" lon="-123.1210470">
    <ele>10.4</ele>
    <time>2026-04-19T17:27:06Z</time>
    <extensions>
     <power>151</power>
     <gpxtpx:TrackPointExtension>
      <gpxtpx:hr>168</gpxtpx:hr>
     </gpxtpx:TrackPointExtension>
    </extensions>
   </trkpt>
   <trkpt lat="49.2659910" lon="-123.1210180">
    <ele>10.4</ele>
    <time>2026-04-19T17:27:07Z</time>
    <extensions>
     <power>151</power>
     <gpxtpx:TrackPointExtension>
      <gpxtpx:hr>168</gpxtpx:hr>
     </gpxtpx:TrackPointExtension>
    </extensions>
   </trkpt>
   <trkpt lat="49.2659920" lon="-123.1209890">
    <ele>10.4</ele>
    <time>2026-04-19T17:27:08Z</time>
    <extensions>
     <power>151</power>
     <gpxtpx:TrackPointExtension>
      <gpxtpx:hr>168</gpxtpx:hr>
     </gpxtpx:TrackPointExtension>
    </extensions>
   </trkpt>
   <trkpt lat="49.2659900" lon="-123.1209410">
    <ele>10.4</ele>
    <time>2026-04-19T17:27:09Z</time>
    <extensions>
     <power>151</power>
     <gpxtpx:TrackPointExtension>
      <gpxtpx:hr>168</gpxtpx:hr>
     </gpxtpx:TrackPointExtension>
    </extensions>
   </trkpt>
   <trkpt lat="49.2659900" lon="-123.1209220">
    <ele>10.4</ele>
    <time>2026-04-19T17:27:10Z</time>
    <extensions>
     <power>151</power>
     <gpxtpx:TrackPointExtension>
      <gpxtpx:hr>168</gpxtpx:hr>
     </gpxtpx:TrackPointExtension>
    </extensions>
   </trkpt>
   <trkpt lat="49.2659890" lon="-123.1209020">
    <ele>10.4</ele>
    <time>2026-04-19T17:27:11Z</time>
    <extensions>
     <power>151</power>
     <gpxtpx:TrackPointExtension>
      <gpxtpx:hr>168</gpxtpx:hr>
     </gpxtpx:TrackPointExtension>
    </extensions>
   </trkpt>
   <trkpt lat="49.2659860" lon="-123.1208600">
    <ele>10.4</ele>
    <time>2026-04-19T17:27:12Z</time>
    <extensions>
     <power>151</power>
     <gpxtpx:TrackPointExtension>
      <gpxtpx:hr>168</gpxtpx:hr>
     </gpxtpx:TrackPointExtension>
    </extensions>
   </trkpt>
   <trkpt lat="49.2659850" lon="-123.1208460">
    <ele>10.4</ele>
    <time>2026-04-19T17:27:13Z</time>
    <extensions>
     <power>150</power>
     <gpxtpx:TrackPointExtension>
      <gpxtpx:hr>168</gpxtpx:hr>
     </gpxtpx:TrackPointExtension>
    </extensions>
   </trkpt>
   <trkpt lat="49.2659810" lon="-123.1208000">
    <ele>10.4</ele>
    <time>2026-04-19T17:27:14Z</time>
    <extensions>
     <power>150</power>
     <gpxtpx:TrackPointExtension>
      <gpxtpx:hr>168</gpxtpx:hr>
     </gpxtpx:TrackPointExtension>
    </extensions>
   </trkpt>
   <trkpt lat="49.2659790" lon="-123.1207820">
    <ele>10.4</ele>
    <time>2026-04-19T17:27:15Z</time>
    <extensions>
     <power>150</power>
     <gpxtpx:TrackPointExtension>
      <gpxtpx:hr>168</gpxtpx:hr>
     </gpxtpx:TrackPointExtension>
    </extensions>
   </trkpt>
   <trkpt lat="49.2659770" lon="-123.1207640">
    <ele>10.4</ele>
    <time>2026-04-19T17:27:16Z</time>
    <extensions>
     <power>149</power>
     <gpxtpx:TrackPointExtension>
      <gpxtpx:hr>168</gpxtpx:hr>
     </gpxtpx:TrackPointExtension>
    </extensions>
   </trkpt>
   <trkpt lat="49.2659710" lon="-123.1207200">
    <ele>10.4</ele>
    <time>2026-04-19T17:27:17Z</time>
    <extensions>
     <power>149</power>
     <gpxtpx:TrackPointExtension>
      <gpxtpx:hr>168</gpxtpx:hr>
     </gpxtpx:TrackPointExtension>
    </extensions>
   </trkpt>
   <trkpt lat="49.2659680" lon="-123.1207030">
    <ele>10.4</ele>
    <time>2026-04-19T17:27:18Z</time>
    <extensions>
     <power>149</power>
     <gpxtpx:TrackPointExtension>
      <gpxtpx:hr>164</gpxtpx:hr>
     </gpxtpx:TrackPointExtension>
    </extensions>
   </trkpt>
   <trkpt lat="49.2659650" lon="-123.1206850">
    <ele>10.6</ele>
    <time>2026-04-19T17:27:19Z</time>
    <extensions>
     <power>146</power>
     <gpxtpx:TrackPointExtension>
      <gpxtpx:hr>164</gpxtpx:hr>
     </gpxtpx:TrackPointExtension>
    </extensions>
   </trkpt>
   <trkpt lat="49.2659610" lon="-123.1206570">
    <ele>10.6</ele>
    <time>2026-04-19T17:27:20Z</time>
    <extensions>
     <power>146</power>
     <gpxtpx:TrackPointExtension>
      <gpxtpx:hr>164</gpxtpx:hr>
     </gpxtpx:TrackPointExtension>
    </extensions>
   </trkpt>
   <trkpt lat="49.2659580" lon="-123.1206270">
    <ele>10.6</ele>
    <time>2026-04-19T17:27:21Z</time>
    <extensions>
     <power>147</power>
     <gpxtpx:TrackPointExtension>
      <gpxtpx:hr>164</gpxtpx:hr>
     </gpxtpx:TrackPointExtension>
    </extensions>
   </trkpt>
   <trkpt lat="49.2659570" lon="-123.1205770">
    <ele>10.6</ele>
    <time>2026-04-19T17:27:22Z</time>
    <extensions>
     <power>147</power>
     <gpxtpx:TrackPointExtension>
      <gpxtpx:hr>164</gpxtpx:hr>
     </gpxtpx:TrackPointExtension>
    </extensions>
   </trkpt>
   <trkpt lat="49.2659570" lon="-123.1205560">
    <ele>10.6</ele>
    <time>2026-04-19T17:27:23Z</time>
    <extensions>
     <power>147</power>
     <gpxtpx:TrackPointExtension>
      <gpxtpx:hr>164</gpxtpx:hr>
     </gpxtpx:TrackPointExtension>
    </extensions>
   </trkpt>
   <trkpt lat="49.2659570" lon="-123.1205360">
    <ele>10.6</ele>
    <time>2026-04-19T17:27:24Z</time>
    <extensions>
     <power>149</power>
     <gpxtpx:TrackPointExtension>
      <gpxtpx:hr>164</gpxtpx:hr>
     </gpxtpx:TrackPointExtension>
    </extensions>
   </trkpt>
   <trkpt lat="49.2659570" lon="-123.1204930">
    <ele>10.6</ele>
    <time>2026-04-19T17:27:25Z</time>
    <extensions>
     <power>149</power>
     <gpxtpx:TrackPointExtension>
      <gpxtpx:hr>164</gpxtpx:hr>
     </gpxtpx:TrackPointExtension>
    </extensions>
   </trkpt>
   <trkpt lat="49.2659570" lon="-123.1204790">
    <ele>10.6</ele>
    <time>2026-04-19T17:27:26Z</time>
    <extensions>
     <power>145</power>
     <gpxtpx:TrackPointExtension>
      <gpxtpx:hr>164</gpxtpx:hr>
     </gpxtpx:TrackPointExtension>
    </extensions>
   </trkpt>
   <trkpt lat="49.2659550" lon="-123.1204240">
    <ele>10.6</ele>
    <time>2026-04-19T17:27:27Z</time>
    <extensions>
     <power>145</power>
     <gpxtpx:TrackPointExtension>
      <gpxtpx:hr>164</gpxtpx:hr>
     </gpxtpx:TrackPointExtension>
    </extensions>
   </trkpt>
   <trkpt lat="49.2659540" lon="-123.1203990">
    <ele>10.6</ele>
    <time>2026-04-19T17:27:28Z</time>
    <extensions>
     <power>145</power>
     <gpxtpx:TrackPointExtension>
      <gpxtpx:hr>164</gpxtpx:hr>
     </gpxtpx:TrackPointExtension>
    </extensions>
   </trkpt>
   <trkpt lat="49.2659520" lon="-123.1203750">
    <ele>10.8</ele>
    <time>2026-04-19T17:27:29Z</time>
    <extensions>
     <power>127</power>
     <gpxtpx:TrackPointExtension>
      <gpxtpx:hr>164</gpxtpx:hr>
     </gpxtpx:TrackPointExtension>
    </extensions>
   </trkpt>
   <trkpt lat="49.2659510" lon="-123.1203500">
    <ele>10.8</ele>
    <time>2026-04-19T17:27:30Z</time>
    <extensions>
     <power>127</power>
     <gpxtpx:TrackPointExtension>
      <gpxtpx:hr>164</gpxtpx:hr>
     </gpxtpx:TrackPointExtension>
    </extensions>
   </trkpt>
   <trkpt lat="49.2659500" lon="-123.1203250">
    <ele>10.8</ele>
    <time>2026-04-19T17:27:31Z</time>
    <extensions>
     <power>124</power>
     <gpxtpx:TrackPointExtension>
      <gpxtpx:hr>162</gpxtpx:hr>
     </gpxtpx:TrackPointExtension>
    </extensions>
   </trkpt>
   <trkpt lat="49.2659480" lon="-123.1202730">
    <ele>10.8</ele>
    <time>2026-04-19T17:27:32Z</time>
    <extensions>
     <power>124</power>
     <gpxtpx:TrackPointExtension>
      <gpxtpx:hr>162</gpxtpx:hr>
     </gpxtpx:TrackPointExtension>
    </extensions>
   </trkpt>
   <trkpt lat="49.2659470" lon="-123.1202530">
    <ele>10.8</ele>
    <time>2026-04-19T17:27:33Z</time>
    <extensions>
     <power>124</power>
     <gpxtpx:TrackPointExtension>
      <gpxtpx:hr>162</gpxtpx:hr>
     </gpxtpx:TrackPointExtension>
    </extensions>
   </trkpt>
   <trkpt lat="49.2659460" lon="-123.1202320">
    <ele>10.8</ele>
    <time>2026-04-19T17:27:34Z</time>
    <extensions>
     <power>127</power>
     <gpxtpx:TrackPointExtension>
      <gpxtpx:hr>162</gpxtpx:hr>
     </gpxtpx:TrackPointExtension>
    </extensions>
   </trkpt>
   <trkpt lat="49.2659450" lon="-123.1201850">
    <ele>10.8</ele>
    <time>2026-04-19T17:27:35Z</time>
    <extensions>
     <power>127</power>
     <gpxtpx:TrackPointExtension>
      <gpxtpx:hr>162</gpxtpx:hr>
     </gpxtpx:TrackPointExtension>
    </extensions>
   </trkpt>
   <trkpt lat="49.2659440" lon="-123.1201700">
    <ele>10.8</ele>
    <time>2026-04-19T17:27:36Z</time>
    <extensions>
     <power>127</power>
     <gpxtpx:TrackPointExtension>
      <gpxtpx:hr>162</gpxtpx:hr>
     </gpxtpx:TrackPointExtension>
    </extensions>
   </trkpt>
   <trkpt lat="49.2659420" lon="-123.1201190">
    <ele>10.8</ele>
    <time>2026-04-19T17:27:37Z</time>
    <extensions>
     <power>127</power>
     <gpxtpx:TrackPointExtension>
      <gpxtpx:hr>162</gpxtpx:hr>
     </gpxtpx:TrackPointExtension>
    </extensions>
   </trkpt>
   <trkpt lat="49.2659420" lon="-123.1200980">
    <ele>10.8</ele>
    <time>2026-04-19T17:27:38Z</time>
    <extensions>
     <power>127</power>
     <gpxtpx:TrackPointExtension>
      <gpxtpx:hr>162</gpxtpx:hr>
     </gpxtpx:TrackPointExtension>
    </extensions>
   </trkpt>
   <trkpt lat="49.2659410" lon="-123.1200780">
    <ele>10.8</ele>
    <time>2026-04-19T17:27:39Z</time>
    <extensions>
     <power>126</power>
     <gpxtpx:TrackPointExtension>
      <gpxtpx:hr>162</gpxtpx:hr>
     </gpxtpx:TrackPointExtension>
    </extensions>
   </trkpt>
   <trkpt lat="49.2659400" lon="-123.1200290">
    <ele>10.8</ele>
    <time>2026-04-19T17:27:40Z</time>
    <extensions>
     <power>126</power>
     <gpxtpx:TrackPointExtension>
      <gpxtpx:hr>163</gpxtpx:hr>
     </gpxtpx:TrackPointExtension>
    </extensions>
   </trkpt>
   <trkpt lat="49.2659390" lon="-123.1200080">
    <ele>10.8</ele>
    <time>2026-04-19T17:27:41Z</time>
    <extensions>
     <power>126</power>
     <gpxtpx:TrackPointExtension>
      <gpxtpx:hr>163</gpxtpx:hr>
     </gpxtpx:TrackPointExtension>
    </extensions>
   </trkpt>
   <trkpt lat="49.2659390" lon="-123.1199880">
    <ele>10.8</ele>
    <time>2026-04-19T17:27:42Z</time>
    <extensions>
     <power>125</power>
     <gpxtpx:TrackPointExtension>
      <gpxtpx:hr>163</gpxtpx:hr>
     </gpxtpx:TrackPointExtension>
    </extensions>
   </trkpt>
   <trkpt lat="49.2659370" lon="-123.1199310">
    <ele>10.8</ele>
    <time>2026-04-19T17:27:43Z</time>
    <extensions>
     <power>125</power>
     <gpxtpx:TrackPointExtension>
      <gpxtpx:hr>163</gpxtpx:hr>
     </gpxtpx:TrackPointExtension>
    </extensions>
   </trkpt>
   <trkpt lat="49.2659370" lon="-123.1199060">
    <ele>11.0</ele>
    <time>2026-04-19T17:27:44Z</time>
    <extensions>
     <power>124</power>
     <gpxtpx:TrackPointExtension>
      <gpxtpx:hr>163</gpxtpx:hr>
     </gpxtpx:TrackPointExtension>
    </extensions>
   </trkpt>
   <trkpt lat="49.2659360" lon="-123.1198820">
    <ele>11.0</ele>
    <time>2026-04-19T17:27:45Z</time>
    <extensions>
     <power>124</power>
     <gpxtpx:TrackPointExtension>
      <gpxtpx:hr>163</gpxtpx:hr>
     </gpxtpx:TrackPointExtension>
    </extensions>
   </trkpt>
   <trkpt lat="49.2659360" lon="-123.1198570">
    <ele>11.0</ele>
    <time>2026-04-19T17:27:46Z</time>
    <extensions>
     <power>124</power>
     <gpxtpx:TrackPointExtension>
      <gpxtpx:hr>163</gpxtpx:hr>
     </gpxtpx:TrackPointExtension>
    </extensions>
   </trkpt>
   <trkpt lat="49.2659350" lon="-123.1198320">
    <ele>11.0</ele>
    <time>2026-04-19T17:27:47Z</time>
    <extensions>
     <power>109</power>
     <gpxtpx:TrackPointExtension>
      <gpxtpx:hr>163</gpxtpx:hr>
     </gpxtpx:TrackPointExtension>
    </extensions>
   </trkpt>
   <trkpt lat="49.2659340" lon="-123.1197870">
    <ele>11.0</ele>
    <time>2026-04-19T17:27:48Z</time>
    <extensions>
     <power>109</power>
     <gpxtpx:TrackPointExtension>
      <gpxtpx:hr>163</gpxtpx:hr>
     </gpxtpx:TrackPointExtension>
    </extensions>
   </trkpt>
   <trkpt lat="49.2659340" lon="-123.1197710">
    <ele>11.0</ele>
    <time>2026-04-19T17:27:49Z</time>
    <extensions>
     <power>130</power>
     <gpxtpx:TrackPointExtension>
      <gpxtpx:hr>164</gpxtpx:hr>
     </gpxtpx:TrackPointExtension>
    </extensions>
   </trkpt>
   <trkpt lat="49.2659330" lon="-123.1197200">
    <ele>11.0</ele>
    <time>2026-04-19T17:27:50Z</time>
    <extensions>
     <power>130</power>
     <gpxtpx:TrackPointExtension>
      <gpxtpx:hr>164</gpxtpx:hr>
     </gpxtpx:TrackPointExtension>
    </extensions>
   </trkpt>
   <trkpt lat="49.2659320" lon="-123.1196990">
    <ele>11.0</ele>
    <time>2026-04-19T17:27:51Z</time>
    <extensions>
     <power>130</power>
     <gpxtpx:TrackPointExtension>
      <gpxtpx:hr>164</gpxtpx:hr>
     </gpxtpx:TrackPointExtension>
    </extensions>
   </trkpt>
   <trkpt lat="49.2659320" lon="-123.1196790">
    <ele>11.2</ele>
    <time>2026-04-19T17:27:52Z</time>
    <extensions>
     <power>142</power>
     <gpxtpx:TrackPointExtension>
      <gpxtpx:hr>164</gpxtpx:hr>
     </gpxtpx:TrackPointExtension>
    </extensions>
   </trkpt>
   <trkpt lat="49.2659310" lon="-123.1196340">
    <ele>11.2</ele>
    <time>2026-04-19T17:27:53Z</time>
    <extensions>
     <power>142</power>
     <gpxtpx:TrackPointExtension>
      <gpxtpx:hr>164</gpxtpx:hr>
     </gpxtpx:TrackPointExtension>
    </extensions>
   </trkpt>
   <trkpt lat="49.2659310" lon="-123.1196190">
    <ele>11.2</ele>
    <time>2026-04-19T17:27:54Z</time>
    <extensions>
     <power>143</power>
     <gpxtpx:TrackPointExtension>
      <gpxtpx:hr>164</gpxtpx:hr>
     </gpxtpx:TrackPointExtension>
    </extensions>
   </trkpt>
   <trkpt lat="49.2659300" lon="-123.1195670">
    <ele>11.2</ele>
    <time>2026-04-19T17:27:55Z</time>
    <extensions>
     <power>143</power>
     <gpxtpx:TrackPointExtension>
      <gpxtpx:hr>164</gpxtpx:hr>
     </gpxtpx:TrackPointExtension>
    </extensions>
   </trkpt>
   <trkpt lat="49.2659290" lon="-123.1195460">
    <ele>11.2</ele>
    <time>2026-04-19T17:27:56Z</time>
    <extensions>
     <power>143</power>
     <gpxtpx:TrackPointExtension>
      <gpxtpx:hr>164</gpxtpx:hr>
     </gpxtpx:TrackPointExtension>
    </extensions>
   </trkpt>
   <trkpt lat="49.2659290" lon="-123.1195250">
    <ele>11.2</ele>
    <time>2026-04-19T17:27:57Z</time>
    <extensions>
     <power>146</power>
     <gpxtpx:TrackPointExtension>
      <gpxtpx:hr>164</gpxtpx:hr>
     </gpxtpx:TrackPointExtension>
    </extensions>
   </trkpt>
   <trkpt lat="49.2659290" lon="-123.1194780">
    <ele>11.2</ele>
    <time>2026-04-19T17:27:58Z</time>
    <extensions>
     <power>146</power>
     <gpxtpx:TrackPointExtension>
      <gpxtpx:hr>164</gpxtpx:hr>
     </gpxtpx:TrackPointExtension>
    </extensions>
   </trkpt>
   <trkpt lat="49.2659280" lon="-123.1194630">
    <ele>11.2</ele>
    <time>2026-04-19T17:27:59Z</time>
    <extensions>
     <power>146</power>
     <gpxtpx:TrackPointExtension>
      <gpxtpx:hr>164</gpxtpx:hr>
     </gpxtpx:TrackPointExtension>
    </extensions>
   </trkpt>
   <trkpt lat="49.2659280" lon="-123.1194140">
    <ele>11.2</ele>
    <time>2026-04-19T17:28:00Z</time>
    <extensions>
     <power>146</power>
     <gpxtpx:TrackPointExtension>
      <gpxtpx:hr>164</gpxtpx:hr>
     </gpxtpx:TrackPointExtension>
    </extensions>
   </trkpt>
   <trkpt lat="49.2659270" lon="-123.1193930">
    <ele>11.2</ele>
    <time>2026-04-19T17:28:01Z</time>
    <extensions>
     <power>146</power>
     <gpxtpx:TrackPointExtension>
      <gpxtpx:hr>164</gpxtpx:hr>
     </gpxtpx:TrackPointExtension>
    </extensions>
   </trkpt>
   <trkpt lat="49.2659270" lon="-123.1193730">
    <ele>11.2</ele>
    <time>2026-04-19T17:28:02Z</time>
    <extensions>
     <power>144</power>
     <gpxtpx:TrackPointExtension>
      <gpxtpx:hr>164</gpxtpx:hr>
     </gpxtpx:TrackPointExtension>
    </extensions>
   </trkpt>
   <trkpt lat="49.2659270" lon="-123.1193170">
    <ele>11.2</ele>
    <time>2026-04-19T17:28:03Z</time>
    <extensions>
     <power>144</power>
     <gpxtpx:TrackPointExtension>
      <gpxtpx:hr>166</gpxtpx:hr>
     </gpxtpx:TrackPointExtension>
    </extensions>
   </trkpt>
   <trkpt lat="49.2659260" lon="-123.1192940">
    <ele>11.2</ele>
    <time>2026-04-19T17:28:04Z</time>
    <extensions>
     <power>144</power>
     <gpxtpx:TrackPointExtension>
      <gpxtpx:hr>166</gpxtpx:hr>
     </gpxtpx:TrackPointExtension>
    </extensions>
   </trkpt>
   <trkpt lat="49.2659260" lon="-123.1192720">
    <ele>11.2</ele>
    <time>2026-04-19T17:28:05Z</time>
    <extensions>
     <power>149</power>
     <gpxtpx:TrackPointExtension>
      <gpxtpx:hr>166</gpxtpx:hr>
     </gpxtpx:TrackPointExtension>
    </extensions>
   </trkpt>
   <trkpt lat="49.2659270" lon="-123.1192200">
    <ele>11.2</ele>
    <time>2026-04-19T17:28:06Z</time>
    <extensions>
     <power>149</power>
     <gpxtpx:TrackPointExtension>
      <gpxtpx:hr>166</gpxtpx:hr>
     </gpxtpx:TrackPointExtension>
    </extensions>
   </trkpt>
   <trkpt lat="49.2659270" lon="-123.1192010">
    <ele>11.2</ele>
    <time>2026-04-19T17:28:07Z</time>
    <extensions>
     <power>161</power>
     <gpxtpx:TrackPointExtension>
      <gpxtpx:hr>166</gpxtpx:hr>
     </gpxtpx:TrackPointExtension>
    </extensions>
   </trkpt>
   <trkpt lat="49.2659270" lon="-123.1191380">
    <ele>11.2</ele>
    <time>2026-04-19T17:28:08Z</time>
    <extensions>
     <power>161</power>
     <gpxtpx:TrackPointExtension>
      <gpxtpx:hr>165</gpxtpx:hr>
     </gpxtpx:TrackPointExtension>
    </extensions>
   </trkpt>
   <trkpt lat="49.2659280" lon="-123.1191110">
    <ele>11.2</ele>
    <time>2026-04-19T17:28:09Z</time>
    <extensions>
     <power>161</power>
     <gpxtpx:TrackPointExtension>
      <gpxtpx:hr>165</gpxtpx:hr>
     </gpxtpx:TrackPointExtension>
    </extensions>
   </trkpt>
   <trkpt lat="49.2659280" lon="-123.1190850">
    <ele>11.2</ele>
    <time>2026-04-19T17:28:10Z</time>
    <extensions>
     <power>191</power>
     <gpxtpx:TrackPointExtension>
      <gpxtpx:hr>165</gpxtpx:hr>
     </gpxtpx:TrackPointExtension>
    </extensions>
   </trkpt>
   <trkpt lat="49.2659290" lon="-123.1190280">
    <ele>11.2</ele>
    <time>2026-04-19T17:28:11Z</time>
    <extensions>
     <power>191</power>
     <gpxtpx:TrackPointExtension>
      <gpxtpx:hr>165</gpxtpx:hr>
     </gpxtpx:TrackPointExtension>
    </extensions>
   </trkpt>
   <trkpt lat="49.2659290" lon="-123.1190080">
    <ele>11.2</ele>
    <time>2026-04-19T17:28:12Z</time>
    <extensions>
     <power>200</power>
     <gpxtpx:TrackPointExtension>
      <gpxtpx:hr>165</gpxtpx:hr>
     </gpxtpx:TrackPointExtension>
    </extensions>
   </trkpt>
   <trkpt lat="49.2659310" lon="-123.1189420">
    <ele>11.2</ele>
    <time>2026-04-19T17:28:13Z</time>
    <extensions>
     <power>200</power>
     <gpxtpx:TrackPointExtension>
      <gpxtpx:hr>165</gpxtpx:hr>
     </gpxtpx:TrackPointExtension>
    </extensions>
   </trkpt>
   <trkpt lat="49.2659310" lon="-123.1189150">
    <ele>11.2</ele>
    <time>2026-04-19T17:28:14Z</time>
    <extensions>
     <power>200</power>
     <gpxtpx:TrackPointExtension>
      <gpxtpx:hr>165</gpxtpx:hr>
     </gpxtpx:TrackPointExtension>
    </extensions>
   </trkpt>
   <trkpt lat="49.2659320" lon="-123.1188880">
    <ele>11.2</ele>
    <time>2026-04-19T17:28:15Z</time>
    <extensions>
     <power>207</power>
     <gpxtpx:TrackPointExtension>
      <gpxtpx:hr>166</gpxtpx:hr>
     </gpxtpx:TrackPointExtension>
    </extensions>
   </trkpt>
   <trkpt lat="49.2659330" lon="-123.1188210">
    <ele>11.2</ele>
    <time>2026-04-19T17:28:16Z</time>
    <extensions>
     <power>207</power>
     <gpxtpx:TrackPointExtension>
      <gpxtpx:hr>166</gpxtpx:hr>
     </gpxtpx:TrackPointExtension>
    </extensions>
   </trkpt>
   <trkpt lat="49.2659330" lon="-123.1188000">
    <ele>11.0</ele>
    <time>2026-04-19T17:28:17Z</time>
    <extensions>
     <power>213</power>
     <gpxtpx:TrackPointExtension>
      <gpxtpx:hr>166</gpxtpx:hr>
     </gpxtpx:TrackPointExtension>
    </extensions>
   </trkpt>
   <trkpt lat="49.2659340" lon="-123.1187310">
    <ele>11.0</ele>
    <time>2026-04-19T17:28:18Z</time>
    <extensions>
     <power>213</power>
     <gpxtpx:TrackPointExtension>
      <gpxtpx:hr>166</gpxtpx:hr>
     </gpxtpx:TrackPointExtension>
    </extensions>
   </trkpt>
   <trkpt lat="49.2659350" lon="-123.1187040">
    <ele>11.0</ele>
    <time>2026-04-19T17:28:19Z</time>
    <extensions>
     <power>213</power>
     <gpxtpx:TrackPointExtension>
      <gpxtpx:hr>166</gpxtpx:hr>
     </gpxtpx:TrackPointExtension>
    </extensions>
   </trkpt>
   <trkpt lat="49.2659350" lon="-123.1186770">
    <ele>11.0</ele>
    <time>2026-04-19T17:28:20Z</time>
    <extensions>
     <power>218</power>
     <gpxtpx:TrackPointExtension>
      <gpxtpx:hr>167</gpxtpx:hr>
     </gpxtpx:TrackPointExtension>
    </extensions>
   </trkpt>
   <trkpt lat="49.2659350" lon="-123.1186180">
    <ele>11.0</ele>
    <time>2026-04-19T17:28:21Z</time>
    <extensions>
     <power>218</power>
     <gpxtpx:TrackPointExtension>
      <gpxtpx:hr>167</gpxtpx:hr>
     </gpxtpx:TrackPointExtension>
    </extensions>
   </trkpt>
   <trkpt lat="49.2659350" lon="-123.1185980">
    <ele>11.0</ele>
    <time>2026-04-19T17:28:22Z</time>
    <extensions>
     <power>219</power>
     <gpxtpx:TrackPointExtension>
      <gpxtpx:hr>167</gpxtpx:hr>
     </gpxtpx:TrackPointExtension>
    </extensions>
   </trkpt>
   <trkpt lat="49.2659350" lon="-123.1185320">
    <ele>11.0</ele>
    <time>2026-04-19T17:28:23Z</time>
    <extensions>
     <power>219</power>
     <gpxtpx:TrackPointExtension>
      <gpxtpx:hr>167</gpxtpx:hr>
     </gpxtpx:TrackPointExtension>
    </extensions>
   </trkpt>
   <trkpt lat="49.2659350" lon="-123.1185060">
    <ele>11.0</ele>
    <time>2026-04-19T17:28:24Z</time>
    <extensions>
     <power>219</power>
     <gpxtpx:TrackPointExtension>
      <gpxtpx:hr>167</gpxtpx:hr>
     </gpxtpx:TrackPointExtension>
    </extensions>
   </trkpt>
   <trkpt lat="49.2659350" lon="-123.1184790">
    <ele>11.0</ele>
    <time>2026-04-19T17:28:25Z</time>
    <extensions>
     <power>223</power>
     <gpxtpx:TrackPointExtension>
      <gpxtpx:hr>167</gpxtpx:hr>
     </gpxtpx:TrackPointExtension>
    </extensions>
   </trkpt>
   <trkpt lat="49.2659350" lon="-123.1184130">
    <ele>11.0</ele>
    <time>2026-04-19T17:28:26Z</time>
    <extensions>
     <power>223</power>
     <gpxtpx:TrackPointExtension>
      <gpxtpx:hr>167</gpxtpx:hr>
     </gpxtpx:TrackPointExtension>
    </extensions>
   </trkpt>
   <trkpt lat="49.2659340" lon="-123.1183870">
    <ele>11.0</ele>
    <time>2026-04-19T17:28:27Z</time>
    <extensions>
     <power>223</power>
     <gpxtpx:TrackPointExtension>
      <gpxtpx:hr>167</gpxtpx:hr>
     </gpxtpx:TrackPointExtension>
    </extensions>
   </trkpt>
   <trkpt lat="49.2659340" lon="-123.1183610">
    <ele>11.0</ele>
    <time>2026-04-19T17:28:28Z</time>
    <extensions>
     <power>227</power>
     <gpxtpx:TrackPointExtension>
      <gpxtpx:hr>167</gpxtpx:hr>
     </gpxtpx:TrackPointExtension>
    </extensions>
   </trkpt>
   <trkpt lat="49.2659340" lon="-123.1183040">
    <ele>11.0</ele>
    <time>2026-04-19T17:28:29Z</time>
    <extensions>
     <power>227</power>
     <gpxtpx:TrackPointExtension>
      <gpxtpx:hr>167</gpxtpx:hr>
     </gpxtpx:TrackPointExtension>
    </extensions>
   </trkpt>
   <trkpt lat="49.2659340" lon="-123.1182850">
    <ele>11.0</ele>
    <time>2026-04-19T17:28:30Z</time>
    <extensions>
     <power>228</power>
     <gpxtpx:TrackPointExtension>
      <gpxtpx:hr>167</gpxtpx:hr>
     </gpxtpx:TrackPointExtension>
    </extensions>
   </trkpt>
   <trkpt lat="49.2659330" lon="-123.1182200">
    <ele>11.0</ele>
    <time>2026-04-19T17:28:31Z</time>
    <extensions>
     <power>228</power>
     <gpxtpx:TrackPointExtension>
      <gpxtpx:hr>167</gpxtpx:hr>
     </gpxtpx:TrackPointExtension>
    </extensions>
   </trkpt>
   <trkpt lat="49.2659330" lon="-123.1181930">
    <ele>11.0</ele>
    <time>2026-04-19T17:28:32Z</time>
    <extensions>
     <power>228</power>
     <gpxtpx:TrackPointExtension>
      <gpxtpx:hr>167</gpxtpx:hr>
     </gpxtpx:TrackPointExtension>
    </extensions>
   </trkpt>
   <trkpt lat="49.2659330" lon="-123.1181660">
    <ele>11.2</ele>
    <time>2026-04-19T17:28:33Z</time>
    <extensions>
     <power>230</power>
     <gpxtpx:TrackPointExtension>
      <gpxtpx:hr>167</gpxtpx:hr>
     </gpxtpx:TrackPointExtension>
    </extensions>
   </trkpt>
   <trkpt lat="49.2659320" lon="-123.1181050">
    <ele>11.2</ele>
    <time>2026-04-19T17:28:34Z</time>
    <extensions>
     <power>230</power>
     <gpxtpx:TrackPointExtension>
      <gpxtpx:hr>170</gpxtpx:hr>
     </gpxtpx:TrackPointExtension>
    </extensions>
   </trkpt>
   <trkpt lat="49.2659320" lon="-123.1180840">
    <ele>11.2</ele>
    <time>2026-04-19T17:28:35Z</time>
    <extensions>
     <power>233</power>
     <gpxtpx:TrackPointExtension>
      <gpxtpx:hr>171</gpxtpx:hr>
     </gpxtpx:TrackPointExtension>
    </extensions>
   </trkpt>
   <trkpt lat="49.2659310" lon="-123.1180160">
    <ele>11.2</ele>
    <time>2026-04-19T17:28:36Z</time>
    <extensions>
     <power>233</power>
     <gpxtpx:TrackPointExtension>
      <gpxtpx:hr>171</gpxtpx:hr>
     </gpxtpx:TrackPointExtension>
    </extensions>
   </trkpt>
   <trkpt lat="49.2659300" lon="-123.1179880">
    <ele>11.2</ele>
    <time>2026-04-19T17:28:37Z</time>
    <extensions>
     <power>233</power>
     <gpxtpx:TrackPointExtension>
      <gpxtpx:hr>171</gpxtpx:hr>
     </gpxtpx:TrackPointExtension>
    </extensions>
   </trkpt>
   <trkpt lat="49.2659300" lon="-123.1179610">
    <ele>11.2</ele>
    <time>2026-04-19T17:28:38Z</time>
    <extensions>
     <power>238</power>
     <gpxtpx:TrackPointExtension>
      <gpxtpx:hr>171</gpxtpx:hr>
     </gpxtpx:TrackPointExtension>
    </extensions>
   </trkpt>
   <trkpt lat="49.2659300" lon="-123.1179010">
    <ele>11.2</ele>
    <time>2026-04-19T17:28:39Z</time>
    <extensions>
     <power>238</power>
     <gpxtpx:TrackPointExtension>
      <gpxtpx:hr>171</gpxtpx:hr>
     </gpxtpx:TrackPointExtension>
    </extensions>
   </trkpt>
   <trkpt lat="49.2659290" lon="-123.1178820">
    <ele>11.2</ele>
    <time>2026-04-19T17:28:40Z</time>
    <extensions>
     <power>242</power>
     <gpxtpx:TrackPointExtension>
      <gpxtpx:hr>171</gpxtpx:hr>
     </gpxtpx:TrackPointExtension>
    </extensions>
   </trkpt>
   <trkpt lat="49.2659290" lon="-123.1178170">
    <ele>11.2</ele>
    <time>2026-04-19T17:28:41Z</time>
    <extensions>
     <power>242</power>
     <gpxtpx:TrackPointExtension>
      <gpxtpx:hr>171</gpxtpx:hr>
     </gpxtpx:TrackPointExtension>
    </extensions>
   </trkpt>
   <trkpt lat="49.2659290" lon="-123.1177910">
    <ele>11.2</ele>
    <time>2026-04-19T17:28:42Z</time>
    <extensions>
     <power>242</power>
     <gpxtpx:TrackPointExtension>
      <gpxtpx:hr>171</gpxtpx:hr>
     </gpxtpx:TrackPointExtension>
    </extensions>
   </trkpt>
   <trkpt lat="49.2659290" lon="-123.1177650">
    <ele>11.2</ele>
    <time>2026-04-19T17:28:43Z</time>
    <extensions>
     <power>246</power>
     <gpxtpx:TrackPointExtension>
      <gpxtpx:hr>170</gpxtpx:hr>
     </gpxtpx:TrackPointExtension>
    </extensions>
   </trkpt>
   <trkpt lat="49.2659280" lon="-123.1177020">
    <ele>11.2</ele>
    <time>2026-04-19T17:28:44Z</time>
    <extensions>
     <power>246</power>
     <gpxtpx:TrackPointExtension>
      <gpxtpx:hr>170</gpxtpx:hr>
     </gpxtpx:TrackPointExtension>
    </extensions>
   </trkpt>
   <trkpt lat="49.2659280" lon="-123.1176810">
    <ele>11.2</ele>
    <time>2026-04-19T17:28:45Z</time>
    <extensions>
     <power>245</power>
     <gpxtpx:TrackPointExtension>
      <gpxtpx:hr>170</gpxtpx:hr>
     </gpxtpx:TrackPointExtension>
    </extensions>
   </trkpt>
   <trkpt lat="49.2659280" lon="-123.1176140">
    <ele>11.2</ele>
    <time>2026-04-19T17:28:46Z</time>
    <extensions>
     <power>245</power>
     <gpxtpx:TrackPointExtension>
      <gpxtpx:hr>170</gpxtpx:hr>
     </gpxtpx:TrackPointExtension>
    </extensions>
   </trkpt>
   <trkpt lat="49.2659280" lon="-123.1175870">
    <ele>11.2</ele>
    <time>2026-04-19T17:28:47Z</time>
    <extensions>
     <power>245</power>
     <gpxtpx:TrackPointExtension>
      <gpxtpx:hr>170</gpxtpx:hr>
     </gpxtpx:TrackPointExtension>
    </extensions>
   </trkpt>
   <trkpt lat="49.2659280" lon="-123.1175610">
    <ele>11.4</ele>
    <time>2026-04-19T17:28:48Z</time>
    <extensions>
     <power>238</power>
     <gpxtpx:TrackPointExtension>
      <gpxtpx:hr>170</gpxtpx:hr>
     </gpxtpx:TrackPointExtension>
    </extensions>
   </trkpt>
   <trkpt lat="49.2659270" lon="-123.1174930">
    <ele>11.4</ele>
    <time>2026-04-19T17:28:49Z</time>
    <extensions>
     <power>238</power>
     <gpxtpx:TrackPointExtension>
      <gpxtpx:hr>170</gpxtpx:hr>
     </gpxtpx:TrackPointExtension>
    </extensions>
   </trkpt>
   <trkpt lat="49.2659270" lon="-123.1174660">
    <ele>11.4</ele>
    <time>2026-04-19T17:28:50Z</time>
    <extensions>
     <power>238</power>
     <gpxtpx:TrackPointExtension>
      <gpxtpx:hr>170</gpxtpx:hr>
     </gpxtpx:TrackPointExtension>
    </extensions>
   </trkpt>
   <trkpt lat="49.2659270" lon="-123.1174390">
    <ele>11.4</ele>
    <time>2026-04-19T17:28:51Z</time>
    <extensions>
     <power>233</power>
     <gpxtpx:TrackPointExtension>
      <gpxtpx:hr>170</gpxtpx:hr>
     </gpxtpx:TrackPointExtension>
    </extensions>
   </trkpt>
   <trkpt lat="49.2659270" lon="-123.1173780">
    <ele>11.4</ele>
    <time>2026-04-19T17:28:52Z</time>
    <extensions>
     <power>233</power>
     <gpxtpx:TrackPointExtension>
      <gpxtpx:hr>170</gpxtpx:hr>
     </gpxtpx:TrackPointExtension>
    </extensions>
   </trkpt>
   <trkpt lat="49.2659270" lon="-123.1173580">
    <ele>11.4</ele>
    <time>2026-04-19T17:28:53Z</time>
    <extensions>
     <power>227</power>
     <gpxtpx:TrackPointExtension>
      <gpxtpx:hr>170</gpxtpx:hr>
     </gpxtpx:TrackPointExtension>
    </extensions>
   </trkpt>
   <trkpt lat="49.2659270" lon="-123.1172900">
    <ele>11.4</ele>
    <time>2026-04-19T17:28:54Z</time>
    <extensions>
     <power>227</power>
     <gpxtpx:TrackPointExtension>
      <gpxtpx:hr>171</gpxtpx:hr>
     </gpxtpx:TrackPointExtension>
    </extensions>
   </trkpt>
   <trkpt lat="49.2659280" lon="-123.1172630">
    <ele>11.4</ele>
    <time>2026-04-19T17:28:55Z</time>
    <extensions>
     <power>227</power>
     <gpxtpx:TrackPointExtension>
      <gpxtpx:hr>171</gpxtpx:hr>
     </gpxtpx:TrackPointExtension>
    </extensions>
   </trkpt>
   <trkpt lat="49.2659280" lon="-123.1172360">
    <ele>11.4</ele>
    <time>2026-04-19T17:28:56Z</time>
    <extensions>
     <power>223</power>
     <gpxtpx:TrackPointExtension>
      <gpxtpx:hr>171</gpxtpx:hr>
     </gpxtpx:TrackPointExtension>
    </extensions>
   </trkpt>
   <trkpt lat="49.2659290" lon="-123.1171750">
    <ele>11.4</ele>
    <time>2026-04-19T17:28:57Z</time>
    <extensions>
     <power>223</power>
     <gpxtpx:TrackPointExtension>
      <gpxtpx:hr>171</gpxtpx:hr>
     </gpxtpx:TrackPointExtension>
    </extensions>
   </trkpt>
   <trkpt lat="49.2659290" lon="-123.1171540">
    <ele>11.6</ele>
    <time>2026-04-19T17:28:58Z</time>
    <extensions>
     <power>220</power>
     <gpxtpx:TrackPointExtension>
      <gpxtpx:hr>171</gpxtpx:hr>
     </gpxtpx:TrackPointExtension>
    </extensions>
   </trkpt>
   <trkpt lat="49.2659310" lon="-123.1170840">
    <ele>11.6</ele>
    <time>2026-04-19T17:28:59Z</time>
    <extensions>
     <power>220</power>
     <gpxtpx:TrackPointExtension>
      <gpxtpx:hr>171</gpxtpx:hr>
     </gpxtpx:TrackPointExtension>
    </extensions>
   </trkpt>
   <trkpt lat="49.2659320" lon="-123.1170560">
    <ele>11.6</ele>
    <time>2026-04-19T17:29:00Z</time>
    <extensions>
     <power>220</power>
     <gpxtpx:TrackPointExtension>
      <gpxtpx:hr>171</gpxtpx:hr>
     </gpxtpx:TrackPointExtension>
    </extensions>
   </trkpt>
   <trkpt lat="49.2659330" lon="-123.1170270">
    <ele>11.6</ele>
    <time>2026-04-19T17:29:01Z</time>
    <extensions>
     <power>225</power>
     <gpxtpx:TrackPointExtension>
      <gpxtpx:hr>171</gpxtpx:hr>
     </gpxtpx:TrackPointExtension>
    </extensions>
   </trkpt>
   <trkpt lat="49.2659380" lon="-123.1169620">
    <ele>11.6</ele>
    <time>2026-04-19T17:29:02Z</time>
    <extensions>
     <power>225</power>
     <gpxtpx:TrackPointExtension>
      <gpxtpx:hr>171</gpxtpx:hr>
     </gpxtpx:TrackPointExtension>
    </extensions>
   </trkpt>
   <trkpt lat="49.2659390" lon="-123.1169400">
    <ele>11.6</ele>
    <time>2026-04-19T17:29:03Z</time>
    <extensions>
     <power>228</power>
     <gpxtpx:TrackPointExtension>
      <gpxtpx:hr>171</gpxtpx:hr>
     </gpxtpx:TrackPointExtension>
    </extensions>
   </trkpt>
   <trkpt lat="49.2659450" lon="-123.1168710">
    <ele>11.6</ele>
    <time>2026-04-19T17:29:04Z</time>
    <extensions>
     <power>228</power>
     <gpxtpx:TrackPointExtension>
      <gpxtpx:hr>172</gpxtpx:hr>
     </gpxtpx:TrackPointExtension>
    </extensions>
   </trkpt>
   <trkpt lat="49.2659470" lon="-123.1168440">
    <ele>11.6</ele>
    <time>2026-04-19T17:29:05Z</time>
    <extensions>
     <power>228</power>
     <gpxtpx:TrackPointExtension>
      <gpxtpx:hr>172</gpxtpx:hr>
     </gpxtpx:TrackPointExtension>
    </extensions>
   </trkpt>
   <trkpt lat="49.2659500" lon="-123.1168170">
    <ele>11.6</ele>
    <time>2026-04-19T17:29:06Z</time>
    <extensions>
     <power>228</power>
     <gpxtpx:TrackPointExtension>
      <gpxtpx:hr>172</gpxtpx:hr>
     </gpxtpx:TrackPointExtension>
    </extensions>
   </trkpt>
   <trkpt lat="49.2659560" lon="-123.1167570">
    <ele>11.6</ele>
    <time>2026-04-19T17:29:07Z</time>
    <extensions>
     <power>228</power>
     <gpxtpx:TrackPointExtension>
      <gpxtpx:hr>172</gpxtpx:hr>
     </gpxtpx:TrackPointExtension>
    </extensions>
   </trkpt>
   <trkpt lat="49.2659580" lon="-123.1167360">
    <ele>11.4</ele>
    <time>2026-04-19T17:29:08Z</time>
    <extensions>
     <power>230</power>
     <gpxtpx:TrackPointExtension>
      <gpxtpx:hr>172</gpxtpx:hr>
     </gpxtpx:TrackPointExtension>
    </extensions>
   </trkpt>
   <trkpt lat="49.2659640" lon="-123.1166640">
    <ele>11.4</ele>
    <time>2026-04-19T17:29:09Z</time>
    <extensions>
     <power>230</power>
     <gpxtpx:TrackPointExtension>
      <gpxtpx:hr>172</gpxtpx:hr>
     </gpxtpx:TrackPointExtension>
    </extensions>
   </trkpt>
   <trkpt lat="49.2659660" lon="-123.1166340">
    <ele>11.4</ele>
    <time>2026-04-19T17:29:10Z</time>
    <extensions>
     <power>230</power>
     <gpxtpx:TrackPointExtension>
      <gpxtpx:hr>172</gpxtpx:hr>
     </gpxtpx:TrackPointExtension>
    </extensions>
   </trkpt>
   <trkpt lat="49.2659690" lon="-123.1166050">
    <ele>11.4</ele>
    <time>2026-04-19T17:29:11Z</time>
    <extensions>
     <power>231</power>
     <gpxtpx:TrackPointExtension>
      <gpxtpx:hr>172</gpxtpx:hr>
     </gpxtpx:TrackPointExtension>
    </extensions>
   </trkpt>
   <trkpt lat="49.2659770" lon="-123.1165370">
    <ele>11.4</ele>
    <time>2026-04-19T17:29:12Z</time>
    <extensions>
     <power>231</power>
     <gpxtpx:TrackPointExtension>
      <gpxtpx:hr>172</gpxtpx:hr>
     </gpxtpx:TrackPointExtension>
    </extensions>
   </trkpt>
   <trkpt lat="49.2659820" lon="-123.1165110">
    <ele>11.4</ele>
    <time>2026-04-19T17:29:13Z</time>
    <extensions>
     <power>231</power>
     <gpxtpx:TrackPointExtension>
      <gpxtpx:hr>172</gpxtpx:hr>
     </gpxtpx:TrackPointExtension>
    </extensions>
   </trkpt>
   <trkpt lat="49.2659860" lon="-123.1164850">
    <ele>11.4</ele>
    <time>2026-04-19T17:29:14Z</time>
    <extensions>
     <power>227</power>
     <gpxtpx:TrackPointExtension>
      <gpxtpx:hr>172</gpxtpx:hr>
     </gpxtpx:TrackPointExtension>
    </extensions>
   </trkpt>
   <trkpt lat="49.2659980" lon="-123.1164270">
    <ele>11.4</ele>
    <time>2026-04-19T17:29:15Z</time>
    <extensions>
     <power>227</power>
     <gpxtpx:TrackPointExtension>
      <gpxtpx:hr>172</gpxtpx:hr>
     </gpxtpx:TrackPointExtension>
    </extensions>
   </trkpt>
   <trkpt lat="49.2660020" lon="-123.1164080">
    <ele>11.4</ele>
    <time>2026-04-19T17:29:16Z</time>
    <extensions>
     <power>225</power>
     <gpxtpx:TrackPointExtension>
      <gpxtpx:hr>171</gpxtpx:hr>
     </gpxtpx:TrackPointExtension>
    </extensions>
   </trkpt>
   <trkpt lat="49.2660170" lon="-123.1163450">
    <ele>11.4</ele>
    <time>2026-04-19T17:29:17Z</time>
    <extensions>
     <power>225</power>
     <gpxtpx:TrackPointExtension>
      <gpxtpx:hr>171</gpxtpx:hr>
     </gpxtpx:TrackPointExtension>
    </extensions>
   </trkpt>
   <trkpt lat="49.2660240" lon="-123.1163200">
    <ele>11.4</ele>
    <time>2026-04-19T17:29:18Z</time>
    <extensions>
     <power>225</power>
     <gpxtpx:TrackPointExtension>
      <gpxtpx:hr>171</gpxtpx:hr>
     </gpxtpx:TrackPointExtension>
    </extensions>
   </trkpt>
   <trkpt lat="49.2660300" lon="-123.1162940">
    <ele>11.4</ele>
    <time>2026-04-19T17:29:19Z</time>
    <extensions>
     <power>224</power>
     <gpxtpx:TrackPointExtension>
      <gpxtpx:hr>171</gpxtpx:hr>
     </gpxtpx:TrackPointExtension>
    </extensions>
   </trkpt>
   <trkpt lat="49.2660470" lon="-123.1162380">
    <ele>11.4</ele>
    <time>2026-04-19T17:29:20Z</time>
    <extensions>
     <power>224</power>
     <gpxtpx:TrackPointExtension>
      <gpxtpx:hr>171</gpxtpx:hr>
     </gpxtpx:TrackPointExtension>
    </extensions>
   </trkpt>
   <trkpt lat="49.2660520" lon="-123.1162190">
    <ele>11.4</ele>
    <time>2026-04-19T17:29:21Z</time>
    <extensions>
     <power>221</power>
     <gpxtpx:TrackPointExtension>
      <gpxtpx:hr>171</gpxtpx:hr>
     </gpxtpx:TrackPointExtension>
    </extensions>
   </trkpt>
   <trkpt lat="49.2660710" lon="-123.1161600">
    <ele>11.4</ele>
    <time>2026-04-19T17:29:22Z</time>
    <extensions>
     <power>221</power>
     <gpxtpx:TrackPointExtension>
      <gpxtpx:hr>172</gpxtpx:hr>
     </gpxtpx:TrackPointExtension>
    </extensions>
   </trkpt>
   <trkpt lat="49.2660790" lon="-123.1161380">
    <ele>11.4</ele>
    <time>2026-04-19T17:29:23Z</time>
    <extensions>
     <power>221</power>
     <gpxtpx:TrackPointExtension>
      <gpxtpx:hr>172</gpxtpx:hr>
     </gpxtpx:TrackPointExtension>
    </extensions>
   </trkpt>
   <trkpt lat="49.2660870" lon="-123.1161150">
    <ele>11.4</ele>
    <time>2026-04-19T17:29:24Z</time>
    <extensions>
     <power>218</power>
     <gpxtpx:TrackPointExtension>
      <gpxtpx:hr>172</gpxtpx:hr>
     </gpxtpx:TrackPointExtension>
    </extensions>
   </trkpt>
   <trkpt lat="49.2661100" lon="-123.1160690">
    <ele>11.4</ele>
    <time>2026-04-19T17:29:25Z</time>
    <extensions>
     <power>218</power>
     <gpxtpx:TrackPointExtension>
      <gpxtpx:hr>172</gpxtpx:hr>
     </gpxtpx:TrackPointExtension>
    </extensions>
   </trkpt>
   <trkpt lat="49.2661170" lon="-123.1160520">
    <ele>11.4</ele>
    <time>2026-04-19T17:29:26Z</time>
    <extensions>
     <power>211</power>
     <gpxtpx:TrackPointExtension>
      <gpxtpx:hr>172</gpxtpx:hr>
     </gpxtpx:TrackPointExtension>
    </extensions>
   </trkpt>
   <trkpt lat="49.2661400" lon="-123.1159960">
    <ele>11.2</ele>
    <time>2026-04-19T17:29:27Z</time>
    <extensions>
     <power>211</power>
     <gpxtpx:TrackPointExtension>
      <gpxtpx:hr>172</gpxtpx:hr>
     </gpxtpx:TrackPointExtension>
    </extensions>
   </trkpt>
   <trkpt lat="49.2661490" lon="-123.1159740">
    <ele>11.2</ele>
    <time>2026-04-19T17:29:28Z</time>
    <extensions>
     <power>211</power>
     <gpxtpx:TrackPointExtension>
      <gpxtpx:hr>172</gpxtpx:hr>
     </gpxtpx:TrackPointExtension>
    </extensions>
   </trkpt>
   <trkpt lat="49.2661590" lon="-123.1159510">
    <ele>11.2</ele>
    <time>2026-04-19T17:29:29Z</time>
    <extensions>
     <power>210</power>
     <gpxtpx:TrackPointExtension>
      <gpxtpx:hr>172</gpxtpx:hr>
     </gpxtpx:TrackPointExtension>
    </extensions>
   </trkpt>
   <trkpt lat="49.2661840" lon="-123.1159020">
    <ele>11.2</ele>
    <time>2026-04-19T17:29:30Z</time>
    <extensions>
     <power>210</power>
     <gpxtpx:TrackPointExtension>
      <gpxtpx:hr>172</gpxtpx:hr>
     </gpxtpx:TrackPointExtension>
    </extensions>
   </trkpt>
   <trkpt lat="49.2661920" lon="-123.1158850">
    <ele>11.2</ele>
    <time>2026-04-19T17:29:31Z</time>
    <extensions>
     <power>210</power>
     <gpxtpx:TrackPointExtension>
      <gpxtpx:hr>172</gpxtpx:hr>
     </gpxtpx:TrackPointExtension>
    </extensions>
   </trkpt>
   <trkpt lat="49.2662190" lon="-123.1158310">
    <ele>11.2</ele>
    <time>2026-04-19T17:29:32Z</time>
    <extensions>
     <power>210</power>
     <gpxtpx:TrackPointExtension>
      <gpxtpx:hr>172</gpxtpx:hr>
     </gpxtpx:TrackPointExtension>
    </extensions>
   </trkpt>
   <trkpt lat="49.2662300" lon="-123.1158090">
    <ele>11.2</ele>
    <time>2026-04-19T17:29:33Z</time>
    <extensions>
     <power>210</power>
     <gpxtpx:TrackPointExtension>
      <gpxtpx:hr>172</gpxtpx:hr>
     </gpxtpx:TrackPointExtension>
    </extensions>
   </trkpt>
   <trkpt lat="49.2662410" lon="-123.1157880">
    <ele>11.2</ele>
    <time>2026-04-19T17:29:34Z</time>
    <extensions>
     <power>208</power>
     <gpxtpx:TrackPointExtension>
      <gpxtpx:hr>173</gpxtpx:hr>
     </gpxtpx:TrackPointExtension>
    </extensions>
   </trkpt>
   <trkpt lat="49.2662700" lon="-123.1157430">
    <ele>11.0</ele>
    <time>2026-04-19T17:29:35Z</time>
    <extensions>
     <power>208</power>
     <gpxtpx:TrackPointExtension>
      <gpxtpx:hr>173</gpxtpx:hr>
     </gpxtpx:TrackPointExtension>
    </extensions>
   </trkpt>
   <trkpt lat="49.2662820" lon="-123.1157260">
    <ele>11.0</ele>
    <time>2026-04-19T17:29:36Z</time>
    <extensions>
     <power>208</power>
     <gpxtpx:TrackPointExtension>
      <gpxtpx:hr>173</gpxtpx:hr>
     </gpxtpx:TrackPointExtension>
    </extensions>
   </trkpt>
   <trkpt lat="49.2662930" lon="-123.1157080">
    <ele>11.0</ele>
    <time>2026-04-19T17:29:37Z</time>
    <extensions>
     <power>204</power>
     <gpxtpx:TrackPointExtension>
      <gpxtpx:hr>173</gpxtpx:hr>
     </gpxtpx:TrackPointExtension>
    </extensions>
   </trkpt>
   <trkpt lat="49.2663170" lon="-123.1156630">
    <ele>11.0</ele>
    <time>2026-04-19T17:29:38Z</time>
    <extensions>
     <power>204</power>
     <gpxtpx:TrackPointExtension>
      <gpxtpx:hr>173</gpxtpx:hr>
     </gpxtpx:TrackPointExtension>
    </extensions>
   </trkpt>
   <trkpt lat="49.2663250" lon="-123.1156460">
    <ele>11.0</ele>
    <time>2026-04-19T17:29:39Z</time>
    <extensions>
     <power>206</power>
     <gpxtpx:TrackPointExtension>
      <gpxtpx:hr>173</gpxtpx:hr>
     </gpxtpx:TrackPointExtension>
    </extensions>
   </trkpt>
   <trkpt lat="49.2663520" lon="-123.1155880">
    <ele>10.8</ele>
    <time>2026-04-19T17:29:40Z</time>
    <extensions>
     <power>206</power>
     <gpxtpx:TrackPointExtension>
      <gpxtpx:hr>173</gpxtpx:hr>
     </gpxtpx:TrackPointExtension>
    </extensions>
   </trkpt>
   <trkpt lat="49.2663620" lon="-123.1155640">
    <ele>10.8</ele>
    <time>2026-04-19T17:29:41Z</time>
    <extensions>
     <power>206</power>
     <gpxtpx:TrackPointExtension>
      <gpxtpx:hr>173</gpxtpx:hr>
     </gpxtpx:TrackPointExtension>
    </extensions>
   </trkpt>
   <trkpt lat="49.2663730" lon="-123.1155410">
    <ele>10.8</ele>
    <time>2026-04-19T17:29:42Z</time>
    <extensions>
     <power>207</power>
     <gpxtpx:TrackPointExtension>
      <gpxtpx:hr>173</gpxtpx:hr>
     </gpxtpx:TrackPointExtension>
    </extensions>
   </trkpt>
   <trkpt lat="49.2663970" lon="-123.1154960">
    <ele>10.8</ele>
    <time>2026-04-19T17:29:43Z</time>
    <extensions>
     <power>207</power>
     <gpxtpx:TrackPointExtension>
      <gpxtpx:hr>173</gpxtpx:hr>
     </gpxtpx:TrackPointExtension>
    </extensions>
   </trkpt>
   <trkpt lat="49.2664040" lon="-123.1154810">
    <ele>10.6</ele>
    <time>2026-04-19T17:29:44Z</time>
    <extensions>
     <power>202</power>
     <gpxtpx:TrackPointExtension>
      <gpxtpx:hr>171</gpxtpx:hr>
     </gpxtpx:TrackPointExtension>
    </extensions>
   </trkpt>
   <trkpt lat="49.2664180" lon="-123.1154550">
    <ele>10.6</ele>
    <time>2026-04-19T17:29:45Z</time>
    <extensions>
     <power>202</power>
     <gpxtpx:TrackPointExtension>
      <gpxtpx:hr>171</gpxtpx:hr>
     </gpxtpx:TrackPointExtension>
    </extensions>
   </trkpt>
   <trkpt lat="49.2664290" lon="-123.1154310">
    <ele>10.6</ele>
    <time>2026-04-19T17:29:46Z</time>
    <extensions>
     <power>202</power>
     <gpxtpx:TrackPointExtension>
      <gpxtpx:hr>171</gpxtpx:hr>
     </gpxtpx:TrackPointExtension>
    </extensions>
   </trkpt>
   <trkpt lat="49.2664380" lon="-123.1154090">
    <ele>10.6</ele>
    <time>2026-04-19T17:29:47Z</time>
    <extensions>
     <power>185</power>
     <gpxtpx:TrackPointExtension>
      <gpxtpx:hr>171</gpxtpx:hr>
     </gpxtpx:TrackPointExtension>
    </extensions>
   </trkpt>
   <trkpt lat="49.2664480" lon="-123.1153870">
    <ele>10.4</ele>
    <time>2026-04-19T17:29:48Z</time>
    <extensions>
     <power>185</power>
     <gpxtpx:TrackPointExtension>
      <gpxtpx:hr>171</gpxtpx:hr>
     </gpxtpx:TrackPointExtension>
    </extensions>
   </trkpt>
   <trkpt lat="49.2664590" lon="-123.1153650">
    <ele>10.4</ele>
    <time>2026-04-19T17:29:49Z</time>
    <extensions>
     <power>130</power>
     <gpxtpx:TrackPointExtension>
      <gpxtpx:hr>172</gpxtpx:hr>
     </gpxtpx:TrackPointExtension>
    </extensions>
   </trkpt>
   <trkpt lat="49.2664780" lon="-123.1153230">
    <ele>10.4</ele>
    <time>2026-04-19T17:29:50Z</time>
    <extensions>
     <power>130</power>
     <gpxtpx:TrackPointExtension>
      <gpxtpx:hr>172</gpxtpx:hr>
     </gpxtpx:TrackPointExtension>
    </extensions>
   </trkpt>
   <trkpt lat="49.2664850" lon="-123.1153040">
    <ele>10.4</ele>
    <time>2026-04-19T17:29:51Z</time>
    <extensions>
     <power>130</power>
     <gpxtpx:TrackPointExtension>
      <gpxtpx:hr>172</gpxtpx:hr>
     </gpxtpx:TrackPointExtension>
    </extensions>
   </trkpt>
   <trkpt lat="49.2664930" lon="-123.1152860">
    <ele>10.4</ele>
    <time>2026-04-19T17:29:52Z</time>
    <extensions>
     <power>157</power>
     <gpxtpx:TrackPointExtension>
      <gpxtpx:hr>172</gpxtpx:hr>
     </gpxtpx:TrackPointExtension>
    </extensions>
   </trkpt>
   <trkpt lat="49.2665130" lon="-123.1152470">
    <ele>10.4</ele>
    <time>2026-04-19T17:29:53Z</time>
    <extensions>
     <power>157</power>
     <gpxtpx:TrackPointExtension>
      <gpxtpx:hr>172</gpxtpx:hr>
     </gpxtpx:TrackPointExtension>
    </extensions>
   </trkpt>
   <trkpt lat="49.2665190" lon="-123.1152340">
    <ele>10.4</ele>
    <time>2026-04-19T17:29:54Z</time>
    <extensions>
     <power>159</power>
     <gpxtpx:TrackPointExtension>
      <gpxtpx:hr>173</gpxtpx:hr>
     </gpxtpx:TrackPointExtension>
    </extensions>
   </trkpt>
   <trkpt lat="49.2665390" lon="-123.1151950">
    <ele>10.2</ele>
    <time>2026-04-19T17:29:55Z</time>
    <extensions>
     <power>159</power>
     <gpxtpx:TrackPointExtension>
      <gpxtpx:hr>173</gpxtpx:hr>
     </gpxtpx:TrackPointExtension>
    </extensions>
   </trkpt>
   <trkpt lat="49.2665460" lon="-123.1151790">
    <ele>10.2</ele>
    <time>2026-04-19T17:29:56Z</time>
    <extensions>
     <power>159</power>
     <gpxtpx:TrackPointExtension>
      <gpxtpx:hr>174</gpxtpx:hr>
     </gpxtpx:TrackPointExtension>
    </extensions>
   </trkpt>
   <trkpt lat="49.2665530" lon="-123.1151640">
    <ele>10.2</ele>
    <time>2026-04-19T17:29:57Z</time>
    <extensions>
     <power>151</power>
     <gpxtpx:TrackPointExtension>
      <gpxtpx:hr>174</gpxtpx:hr>
     </gpxtpx:TrackPointExtension>
    </extensions>
   </trkpt>
   <trkpt lat="49.2665710" lon="-123.1151220">
    <ele>10.2</ele>
    <time>2026-04-19T17:29:58Z</time>
    <extensions>
     <power>151</power>
     <gpxtpx:TrackPointExtension>
      <gpxtpx:hr>174</gpxtpx:hr>
     </gpxtpx:TrackPointExtension>
    </extensions>
   </trkpt>
   <trkpt lat="49.2665780" lon="-123.1151060">
    <ele>10.2</ele>
    <time>2026-04-19T17:29:59Z</time>
    <extensions>
     <power>151</power>
     <gpxtpx:TrackPointExtension>
      <gpxtpx:hr>174</gpxtpx:hr>
     </gpxtpx:TrackPointExtension>
    </extensions>
   </trkpt>
   <trkpt lat="49.2665850" lon="-123.1150900">
    <ele>10.2</ele>
    <time>2026-04-19T17:30:00Z</time>
    <extensions>
     <power>151</power>
     <gpxtpx:TrackPointExtension>
      <gpxtpx:hr>174</gpxtpx:hr>
     </gpxtpx:TrackPointExtension>
    </extensions>
   </trkpt>
   <trkpt lat="49.2666030" lon="-123.1150570">
    <ele>10.2</ele>
    <time>2026-04-19T17:30:01Z</time>
    <extensions>
     <power>151</power>
     <gpxtpx:TrackPointExtension>
      <gpxtpx:hr>174</gpxtpx:hr>
     </gpxtpx:TrackPointExtension>
    </extensions>
   </trkpt>
   <trkpt lat="49.2666090" lon="-123.1150450">
    <ele>10.0</ele>
    <time>2026-04-19T17:30:02Z</time>
    <extensions>
     <power>148</power>
     <gpxtpx:TrackPointExtension>
      <gpxtpx:hr>174</gpxtpx:hr>
     </gpxtpx:TrackPointExtension>
    </extensions>
   </trkpt>
   <trkpt lat="49.2666300" lon="-123.1150040">
    <ele>10.0</ele>
    <time>2026-04-19T17:30:03Z</time>
    <extensions>
     <power>148</power>
     <gpxtpx:TrackPointExtension>
      <gpxtpx:hr>174</gpxtpx:hr>
     </gpxtpx:TrackPointExtension>
    </extensions>
   </trkpt>
   <trkpt lat="49.2666390" lon="-123.1149880">
    <ele>10.0</ele>
    <time>2026-04-19T17:30:04Z</time>
    <extensions>
     <power>148</power>
     <gpxtpx:TrackPointExtension>
      <gpxtpx:hr>177</gpxtpx:hr>
     </gpxtpx:TrackPointExtension>
    </extensions>
   </trkpt>
   <trkpt lat="49.2666470" lon="-123.1149710">
    <ele>10.0</ele>
    <time>2026-04-19T17:30:05Z</time>
    <extensions>
     <power>149</power>
     <gpxtpx:TrackPointExtension>
      <gpxtpx:hr>177</gpxtpx:hr>
     </gpxtpx:TrackPointExtension>
    </extensions>
   </trkpt>
   <trkpt lat="49.2666650" lon="-123.1149330">
    <ele>10.0</ele>
    <time>2026-04-19T17:30:06Z</time>
    <extensions>
     <power>149</power>
     <gpxtpx:TrackPointExtension>
      <gpxtpx:hr>177</gpxtpx:hr>
     </gpxtpx:TrackPointExtension>
    </extensions>
   </trkpt>
   <trkpt lat="49.2666700" lon="-123.1149200">
    <ele>10.0</ele>
    <time>2026-04-19T17:30:07Z</time>
    <extensions>
     <power>149</power>
     <gpxtpx:TrackPointExtension>
      <gpxtpx:hr>177</gpxtpx:hr>
     </gpxtpx:TrackPointExtension>
    </extensions>
   </trkpt>
   <trkpt lat="49.2666870" lon="-123.1148790">
    <ele>10.0</ele>
    <time>2026-04-19T17:30:08Z</time>
    <extensions>
     <power>149</power>
     <gpxtpx:TrackPointExtension>
      <gpxtpx:hr>178</gpxtpx:hr>
     </gpxtpx:TrackPointExtension>
    </extensions>
   </trkpt>
   <trkpt lat="49.2666950" lon="-123.1148630">
    <ele>10.0</ele>
    <time>2026-04-19T17:30:09Z</time>
    <extensions>
     <power>149</power>
     <gpxtpx:TrackPointExtension>
      <gpxtpx:hr>178</gpxtpx:hr>
     </gpxtpx:TrackPointExtension>
    </extensions>
   </trkpt>
   <trkpt lat="49.2667020" lon="-123.1148460">
    <ele>10.0</ele>
    <time>2026-04-19T17:30:10Z</time>
    <extensions>
     <power>147</power>
     <gpxtpx:TrackPointExtension>
      <gpxtpx:hr>178</gpxtpx:hr>
     </gpxtpx:TrackPointExtension>
    </extensions>
   </trkpt>
   <trkpt lat="49.2667190" lon="-123.1148080">
    <ele>10.0</ele>
    <time>2026-04-19T17:30:11Z</time>
    <extensions>
     <power>147</power>
     <gpxtpx:TrackPointExtension>
      <gpxtpx:hr>178</gpxtpx:hr>
     </gpxtpx:TrackPointExtension>
    </extensions>
   </trkpt>
   <trkpt lat="49.2667250" lon="-123.1147950">
    <ele>10.0</ele>
    <time>2026-04-19T17:30:12Z</time>
    <extensions>
     <power>148</power>
     <gpxtpx:TrackPointExtension>
      <gpxtpx:hr>178</gpxtpx:hr>
     </gpxtpx:TrackPointExtension>
    </extensions>
   </trkpt>
   <trkpt lat="49.2667440" lon="-123.1147570">
    <ele>10.0</ele>
    <time>2026-04-19T17:30:13Z</time>
    <extensions>
     <power>148</power>
     <gpxtpx:TrackPointExtension>
      <gpxtpx:hr>178</gpxtpx:hr>
     </gpxtpx:TrackPointExtension>
    </extensions>
   </trkpt>
   <trkpt lat="49.2667520" lon="-123.1147430">
    <ele>10.0</ele>
    <time>2026-04-19T17:30:14Z</time>
    <extensions>
     <power>148</power>
     <gpxtpx:TrackPointExtension>
      <gpxtpx:hr>177</gpxtpx:hr>
     </gpxtpx:TrackPointExtension>
    </extensions>
   </trkpt>
   <trkpt lat="49.2667590" lon="-123.1147280">
    <ele>10.0</ele>
    <time>2026-04-19T17:30:15Z</time>
    <extensions>
     <power>148</power>
     <gpxtpx:TrackPointExtension>
      <gpxtpx:hr>177</gpxtpx:hr>
     </gpxtpx:TrackPointExtension>
    </extensions>
   </trkpt>
   <trkpt lat="49.2667710" lon="-123.1147060">
    <ele>10.0</ele>
    <time>2026-04-19T17:30:16Z</time>
    <extensions>
     <power>148</power>
     <gpxtpx:TrackPointExtension>
      <gpxtpx:hr>177</gpxtpx:hr>
     </gpxtpx:TrackPointExtension>
    </extensions>
   </trkpt>
   <trkpt lat="49.2667840" lon="-123.1146850">
    <ele>10.0</ele>
    <time>2026-04-19T17:30:17Z</time>
    <extensions>
     <power>141</power>
     <gpxtpx:TrackPointExtension>
      <gpxtpx:hr>177</gpxtpx:hr>
     </gpxtpx:TrackPointExtension>
    </extensions>
   </trkpt>
   <trkpt lat="49.2668050" lon="-123.1146520">
    <ele>10.0</ele>
    <time>2026-04-19T17:30:18Z</time>
    <extensions>
     <power>141</power>
     <gpxtpx:TrackPointExtension>
      <gpxtpx:hr>177</gpxtpx:hr>
     </gpxtpx:TrackPointExtension>
    </extensions>
   </trkpt>
   <trkpt lat="49.2668140" lon="-123.1146380">
    <ele>10.0</ele>
    <time>2026-04-19T17:30:19Z</time>
    <extensions>
     <power>141</power>
     <gpxtpx:TrackPointExtension>
      <gpxtpx:hr>177</gpxtpx:hr>
     </gpxtpx:TrackPointExtension>
    </extensions>
   </trkpt>
   <trkpt lat="49.2668230" lon="-123.1146240">
    <ele>10.0</ele>
    <time>2026-04-19T17:30:20Z</time>
    <extensions>
     <power>128</power>
     <gpxtpx:TrackPointExtension>
      <gpxtpx:hr>177</gpxtpx:hr>
     </gpxtpx:TrackPointExtension>
    </extensions>
   </trkpt>
   <trkpt lat="49.2668430" lon="-123.1145890">
    <ele>10.0</ele>
    <time>2026-04-19T17:30:21Z</time>
    <extensions>
     <power>128</power>
     <gpxtpx:TrackPointExtension>
      <gpxtpx:hr>177</gpxtpx:hr>
     </gpxtpx:TrackPointExtension>
    </extensions>
   </trkpt>
   <trkpt lat="49.2668520" lon="-123.1145740">
    <ele>10.0</ele>
    <time>2026-04-19T17:30:22Z</time>
    <extensions>
     <power>128</power>
     <gpxtpx:TrackPointExtension>
      <gpxtpx:hr>177</gpxtpx:hr>
     </gpxtpx:TrackPointExtension>
    </extensions>
   </trkpt>
   <trkpt lat="49.2668600" lon="-123.1145600">
    <ele>10.0</ele>
    <time>2026-04-19T17:30:23Z</time>
    <extensions>
     <power>130</power>
     <gpxtpx:TrackPointExtension>
      <gpxtpx:hr>176</gpxtpx:hr>
     </gpxtpx:TrackPointExtension>
    </extensions>
   </trkpt>
   <trkpt lat="49.2668790" lon="-123.1145260">
    <ele>10.0</ele>
    <time>2026-04-19T17:30:24Z</time>
    <extensions>
     <power>130</power>
     <gpxtpx:TrackPointExtension>
      <gpxtpx:hr>176</gpxtpx:hr>
     </gpxtpx:TrackPointExtension>
    </extensions>
   </trkpt>
   <trkpt lat="49.2668850" lon="-123.1145150">
    <ele>10.0</ele>
    <time>2026-04-19T17:30:25Z</time>
    <extensions>
     <power>140</power>
     <gpxtpx:TrackPointExtension>
      <gpxtpx:hr>176</gpxtpx:hr>
     </gpxtpx:TrackPointExtension>
    </extensions>
   </trkpt>
   <trkpt lat="49.2669050" lon="-123.1144770">
    <ele>10.0</ele>
    <time>2026-04-19T17:30:26Z</time>
    <extensions>
     <power>140</power>
     <gpxtpx:TrackPointExtension>
      <gpxtpx:hr>176</gpxtpx:hr>
     </gpxtpx:TrackPointExtension>
    </extensions>
   </trkpt>
   <trkpt lat="49.2669130" lon="-123.1144620">
    <ele>10.0</ele>
    <time>2026-04-19T17:30:27Z</time>
    <extensions>
     <power>140</power>
     <gpxtpx:TrackPointExtension>
      <gpxtpx:hr>174</gpxtpx:hr>
     </gpxtpx:TrackPointExtension>
    </extensions>
   </trkpt>
   <trkpt lat="49.2669210" lon="-123.1144470">
    <ele>9.8</ele>
    <time>2026-04-19T17:30:28Z</time>
    <extensions>
     <power>139</power>
     <gpxtpx:TrackPointExtension>
      <gpxtpx:hr>174</gpxtpx:hr>
     </gpxtpx:TrackPointExtension>
    </extensions>
   </trkpt>
   <trkpt lat="49.2669400" lon="-123.1144120">
    <ele>9.8</ele>
    <time>2026-04-19T17:30:29Z</time>
    <extensions>
     <power>139</power>
     <gpxtpx:TrackPointExtension>
      <gpxtpx:hr>174</gpxtpx:hr>
     </gpxtpx:TrackPointExtension>
    </extensions>
   </trkpt>
   <trkpt lat="49.2669470" lon="-123.1144010">
    <ele>9.8</ele>
    <time>2026-04-19T17:30:30Z</time>
    <extensions>
     <power>143</power>
     <gpxtpx:TrackPointExtension>
      <gpxtpx:hr>174</gpxtpx:hr>
     </gpxtpx:TrackPointExtension>
    </extensions>
   </trkpt>
   <trkpt lat="49.2669700" lon="-123.1143610">
    <ele>9.8</ele>
    <time>2026-04-19T17:30:31Z</time>
    <extensions>
     <power>143</power>
     <gpxtpx:TrackPointExtension>
      <gpxtpx:hr>174</gpxtpx:hr>
     </gpxtpx:TrackPointExtension>
    </extensions>
   </trkpt>
   <trkpt lat="49.2669790" lon="-123.1143460">
    <ele>9.8</ele>
    <time>2026-04-19T17:30:32Z</time>
    <extensions>
     <power>143</power>
     <gpxtpx:TrackPointExtension>
      <gpxtpx:hr>174</gpxtpx:hr>
     </gpxtpx:TrackPointExtension>
    </extensions>
   </trkpt>
   <trkpt lat="49.2669880" lon="-123.1143300">
    <ele>9.8</ele>
    <time>2026-04-19T17:30:33Z</time>
    <extensions>
     <power>144</power>
     <gpxtpx:TrackPointExtension>
      <gpxtpx:hr>174</gpxtpx:hr>
     </gpxtpx:TrackPointExtension>
    </extensions>
   </trkpt>
   <trkpt lat="49.2670000" lon="-123.1143070">
    <ele>9.8</ele>
    <time>2026-04-19T17:30:34Z</time>
    <extensions>
     <power>144</power>
     <gpxtpx:TrackPointExtension>
      <gpxtpx:hr>174</gpxtpx:hr>
     </gpxtpx:TrackPointExtension>
    </extensions>
   </trkpt>
   <trkpt lat="49.2670110" lon="-123.1142840">
    <ele>9.8</ele>
    <time>2026-04-19T17:30:35Z</time>
    <extensions>
     <power>142</power>
     <gpxtpx:TrackPointExtension>
      <gpxtpx:hr>174</gpxtpx:hr>
     </gpxtpx:TrackPointExtension>
    </extensions>
   </trkpt>
   <trkpt lat="49.2670290" lon="-123.1142400">
    <ele>9.8</ele>
    <time>2026-04-19T17:30:36Z</time>
    <extensions>
     <power>142</power>
     <gpxtpx:TrackPointExtension>
      <gpxtpx:hr>171</gpxtpx:hr>
     </gpxtpx:TrackPointExtension>
    </extensions>
   </trkpt>
   <trkpt lat="49.2670360" lon="-123.1142220">
    <ele>9.8</ele>
    <time>2026-04-19T17:30:37Z</time>
    <extensions>
     <power>142</power>
     <gpxtpx:TrackPointExtension>
      <gpxtpx:hr>171</gpxtpx:hr>
     </gpxtpx:TrackPointExtension>
    </extensions>
   </trkpt>
   <trkpt lat="49.2670430" lon="-123.1142030">
    <ele>9.6</ele>
    <time>2026-04-19T17:30:38Z</time>
    <extensions>
     <power>144</power>
     <gpxtpx:TrackPointExtension>
      <gpxtpx:hr>171</gpxtpx:hr>
     </gpxtpx:TrackPointExtension>
    </extensions>
   </trkpt>
   <trkpt lat="49.2670600" lon="-123.1141650">
    <ele>9.6</ele>
    <time>2026-04-19T17:30:39Z</time>
    <extensions>
     <power>144</power>
     <gpxtpx:TrackPointExtension>
      <gpxtpx:hr>171</gpxtpx:hr>
     </gpxtpx:TrackPointExtension>
    </extensions>
   </trkpt>
   <trkpt lat="49.2670660" lon="-123.1141530">
    <ele>9.6</ele>
    <time>2026-04-19T17:30:40Z</time>
    <extensions>
     <power>144</power>
     <gpxtpx:TrackPointExtension>
      <gpxtpx:hr>171</gpxtpx:hr>
     </gpxtpx:TrackPointExtension>
    </extensions>
   </trkpt>
   <trkpt lat="49.2670870" lon="-123.1141130">
    <ele>9.6</ele>
    <time>2026-04-19T17:30:41Z</time>
    <extensions>
     <power>144</power>
     <gpxtpx:TrackPointExtension>
      <gpxtpx:hr>171</gpxtpx:hr>
     </gpxtpx:TrackPointExtension>
    </extensions>
   </trkpt>
   <trkpt lat="49.2670960" lon="-123.1140970">
    <ele>9.6</ele>
    <time>2026-04-19T17:30:42Z</time>
    <extensions>
     <power>144</power>
     <gpxtpx:TrackPointExtension>
      <gpxtpx:hr>171</gpxtpx:hr>
     </gpxtpx:TrackPointExtension>
    </extensions>
   </trkpt>
   <trkpt lat="49.2671040" lon="-123.1140800">
    <ele>9.6</ele>
    <time>2026-04-19T17:30:43Z</time>
    <extensions>
     <power>146</power>
     <gpxtpx:TrackPointExtension>
      <gpxtpx:hr>171</gpxtpx:hr>
     </gpxtpx:TrackPointExtension>
    </extensions>
   </trkpt>
   <trkpt lat="49.2671230" lon="-123.1140400">
    <ele>9.6</ele>
    <time>2026-04-19T17:30:44Z</time>
    <extensions>
     <power>146</power>
     <gpxtpx:TrackPointExtension>
      <gpxtpx:hr>171</gpxtpx:hr>
     </gpxtpx:TrackPointExtension>
    </extensions>
   </trkpt>
   <trkpt lat="49.2671310" lon="-123.1140250">
    <ele>9.4</ele>
    <time>2026-04-19T17:30:45Z</time>
    <extensions>
     <power>146</power>
     <gpxtpx:TrackPointExtension>
      <gpxtpx:hr>171</gpxtpx:hr>
     </gpxtpx:TrackPointExtension>
    </extensions>
   </trkpt>
   <trkpt lat="49.2671380" lon="-123.1140100">
    <ele>9.4</ele>
    <time>2026-04-19T17:30:46Z</time>
    <extensions>
     <power>145</power>
     <gpxtpx:TrackPointExtension>
      <gpxtpx:hr>171</gpxtpx:hr>
     </gpxtpx:TrackPointExtension>
    </extensions>
   </trkpt>
   <trkpt lat="49.2671540" lon="-123.1139720">
    <ele>9.4</ele>
    <time>2026-04-19T17:30:47Z</time>
    <extensions>
     <power>145</power>
     <gpxtpx:TrackPointExtension>
      <gpxtpx:hr>171</gpxtpx:hr>
     </gpxtpx:TrackPointExtension>
    </extensions>
   </trkpt>
   <trkpt lat="49.2671600" lon="-123.1139580">
    <ele>9.4</ele>
    <time>2026-04-19T17:30:48Z</time>
    <extensions>
     <power>147</power>
     <gpxtpx:TrackPointExtension>
      <gpxtpx:hr>171</gpxtpx:hr>
     </gpxtpx:TrackPointExtension>
    </extensions>
   </trkpt>
   <trkpt lat="49.2671800" lon="-123.1139120">
    <ele>9.4</ele>
    <time>2026-04-19T17:30:49Z</time>
    <extensions>
     <power>147</power>
     <gpxtpx:TrackPointExtension>
      <gpxtpx:hr>170</gpxtpx:hr>
     </gpxtpx:TrackPointExtension>
    </extensions>
   </trkpt>
   <trkpt lat="49.2671880" lon="-123.1138950">
    <ele>9.2</ele>
    <time>2026-04-19T17:30:50Z</time>
    <extensions>
     <power>147</power>
     <gpxtpx:TrackPointExtension>
      <gpxtpx:hr>170</gpxtpx:hr>
     </gpxtpx:TrackPointExtension>
    </extensions>
   </trkpt>
   <trkpt lat="49.2671960" lon="-123.1138780">
    <ele>9.2</ele>
    <time>2026-04-19T17:30:51Z</time>
    <extensions>
     <power>147</power>
     <gpxtpx:TrackPointExtension>
      <gpxtpx:hr>170</gpxtpx:hr>
     </gpxtpx:TrackPointExtension>
    </extensions>
   </trkpt>
   <trkpt lat="49.2672130" lon="-123.1138440">
    <ele>9.2</ele>
    <time>2026-04-19T17:30:52Z</time>
    <extensions>
     <power>147</power>
     <gpxtpx:TrackPointExtension>
      <gpxtpx:hr>170</gpxtpx:hr>
     </gpxtpx:TrackPointExtension>
    </extensions>
   </trkpt>
   <trkpt lat="49.2672180" lon="-123.1138320">
    <ele>9.2</ele>
    <time>2026-04-19T17:30:53Z</time>
    <extensions>
     <power>145</power>
     <gpxtpx:TrackPointExtension>
      <gpxtpx:hr>170</gpxtpx:hr>
     </gpxtpx:TrackPointExtension>
    </extensions>
   </trkpt>
   <trkpt lat="49.2672350" lon="-123.1137930">
    <ele>9.2</ele>
    <time>2026-04-19T17:30:54Z</time>
    <extensions>
     <power>145</power>
     <gpxtpx:TrackPointExtension>
      <gpxtpx:hr>167</gpxtpx:hr>
     </gpxtpx:TrackPointExtension>
    </extensions>
   </trkpt>
   <trkpt lat="49.2672410" lon="-123.1137760">
    <ele>9.2</ele>
    <time>2026-04-19T17:30:55Z</time>
    <extensions>
     <power>145</power>
     <gpxtpx:TrackPointExtension>
      <gpxtpx:hr>167</gpxtpx:hr>
     </gpxtpx:TrackPointExtension>
    </extensions>
   </trkpt>
   <trkpt lat="49.2672480" lon="-123.1137600">
    <ele>9.2</ele>
    <time>2026-04-19T17:30:56Z</time>
    <extensions>
     <power>143</power>
     <gpxtpx:TrackPointExtension>
      <gpxtpx:hr>167</gpxtpx:hr>
     </gpxtpx:TrackPointExtension>
    </extensions>
   </trkpt>
   <trkpt lat="49.2672630" lon="-123.1137220">
    <ele>9.0</ele>
    <time>2026-04-19T17:30:57Z</time>
    <extensions>
     <power>143</power>
     <gpxtpx:TrackPointExtension>
      <gpxtpx:hr>167</gpxtpx:hr>
     </gpxtpx:TrackPointExtension>
    </extensions>
   </trkpt>
   <trkpt lat="49.2672680" lon="-123.1137090">
    <ele>9.0</ele>
    <time>2026-04-19T17:30:58Z</time>
    <extensions>
     <power>142</power>
     <gpxtpx:TrackPointExtension>
      <gpxtpx:hr>167</gpxtpx:hr>
     </gpxtpx:TrackPointExtension>
    </extensions>
   </trkpt>
   <trkpt lat="49.2672870" lon="-123.1136680">
    <ele>9.0</ele>
    <time>2026-04-19T17:30:59Z</time>
    <extensions>
     <power>142</power>
     <gpxtpx:TrackPointExtension>
      <gpxtpx:hr>167</gpxtpx:hr>
     </gpxtpx:TrackPointExtension>
    </extensions>
   </trkpt>
   <trkpt lat="49.2672940" lon="-123.1136510">
    <ele>9.0</ele>
    <time>2026-04-19T17:31:00Z</time>
    <extensions>
     <power>142</power>
     <gpxtpx:TrackPointExtension>
      <gpxtpx:hr>166</gpxtpx:hr>
     </gpxtpx:TrackPointExtension>
    </extensions>
   </trkpt>
   <trkpt lat="49.2673020" lon="-123.1136350">
    <ele>9.0</ele>
    <time>2026-04-19T17:31:01Z</time>
    <extensions>
     <power>142</power>
     <gpxtpx:TrackPointExtension>
      <gpxtpx:hr>166</gpxtpx:hr>
     </gpxtpx:TrackPointExtension>
    </extensions>
   </trkpt>
   <trkpt lat="49.2673130" lon="-123.1136120">
    <ele>8.8</ele>
    <time>2026-04-19T17:31:02Z</time>
    <extensions>
     <power>142</power>
     <gpxtpx:TrackPointExtension>
      <gpxtpx:hr>166</gpxtpx:hr>
     </gpxtpx:TrackPointExtension>
    </extensions>
   </trkpt>
   <trkpt lat="49.2673240" lon="-123.1135880">
    <ele>8.8</ele>
    <time>2026-04-19T17:31:03Z</time>
    <extensions>
     <power>140</power>
     <gpxtpx:TrackPointExtension>
      <gpxtpx:hr>166</gpxtpx:hr>
     </gpxtpx:TrackPointExtension>
    </extensions>
   </trkpt>
   <trkpt lat="49.2673410" lon="-123.1135500">
    <ele>8.8</ele>
    <time>2026-04-19T17:31:04Z</time>
    <extensions>
     <power>140</power>
     <gpxtpx:TrackPointExtension>
      <gpxtpx:hr>166</gpxtpx:hr>
     </gpxtpx:TrackPointExtension>
    </extensions>
   </trkpt>
   <trkpt lat="49.2673480" lon="-123.1135360">
    <ele>8.8</ele>
    <time>2026-04-19T17:31:05Z</time>
    <extensions>
     <power>140</power>
     <gpxtpx:TrackPointExtension>
      <gpxtpx:hr>166</gpxtpx:hr>
     </gpxtpx:TrackPointExtension>
    </extensions>
   </trkpt>
   <trkpt lat="49.2673550" lon="-123.1135210">
    <ele>8.6</ele>
    <time>2026-04-19T17:31:06Z</time>
    <extensions>
     <power>139</power>
     <gpxtpx:TrackPointExtension>
      <gpxtpx:hr>166</gpxtpx:hr>
     </gpxtpx:TrackPointExtension>
    </extensions>
   </trkpt>
   <trkpt lat="49.2673730" lon="-123.1134840">
    <ele>8.6</ele>
    <time>2026-04-19T17:31:07Z</time>
    <extensions>
     <power>139</power>
     <gpxtpx:TrackPointExtension>
      <gpxtpx:hr>166</gpxtpx:hr>
     </gpxtpx:TrackPointExtension>
    </extensions>
   </trkpt>
   <trkpt lat="49.2673810" lon="-123.1134690">
    <ele>8.6</ele>
    <time>2026-04-19T17:31:08Z</time>
    <extensions>
     <power>139</power>
     <gpxtpx:TrackPointExtension>
      <gpxtpx:hr>163</gpxtpx:hr>
     </gpxtpx:TrackPointExtension>
    </extensions>
   </trkpt>
   <trkpt lat="49.2673880" lon="-123.1134540">
    <ele>8.6</ele>
    <time>2026-04-19T17:31:09Z</time>
    <extensions>
     <power>136</power>
     <gpxtpx:TrackPointExtension>
      <gpxtpx:hr>163</gpxtpx:hr>
     </gpxtpx:TrackPointExtension>
    </extensions>
   </trkpt>
   <trkpt lat="49.2674050" lon="-123.1134170">
    <ele>8.6</ele>
    <time>2026-04-19T17:31:10Z</time>
    <extensions>
     <power>136</power>
     <gpxtpx:TrackPointExtension>
      <gpxtpx:hr>164</gpxtpx:hr>
     </gpxtpx:TrackPointExtension>
    </extensions>
   </trkpt>
   <trkpt lat="49.2674100" lon="-123.1134040">
    <ele>8.4</ele>
    <time>2026-04-19T17:31:11Z</time>
    <extensions>
     <power>138</power>
     <gpxtpx:TrackPointExtension>
      <gpxtpx:hr>164</gpxtpx:hr>
     </gpxtpx:TrackPointExtension>
    </extensions>
   </trkpt>
   <trkpt lat="49.2674300" lon="-123.1133640">
    <ele>8.4</ele>
    <time>2026-04-19T17:31:12Z</time>
    <extensions>
     <power>138</power>
     <gpxtpx:TrackPointExtension>
      <gpxtpx:hr>164</gpxtpx:hr>
     </gpxtpx:TrackPointExtension>
    </extensions>
   </trkpt>
   <trkpt lat="49.2674380" lon="-123.1133460">
    <ele>8.4</ele>
    <time>2026-04-19T17:31:13Z</time>
    <extensions>
     <power>138</power>
     <gpxtpx:TrackPointExtension>
      <gpxtpx:hr>164</gpxtpx:hr>
     </gpxtpx:TrackPointExtension>
    </extensions>
   </trkpt>
   <trkpt lat="49.2674470" lon="-123.1133280">
    <ele>8.4</ele>
    <time>2026-04-19T17:31:14Z</time>
    <extensions>
     <power>138</power>
     <gpxtpx:TrackPointExtension>
      <gpxtpx:hr>164</gpxtpx:hr>
     </gpxtpx:TrackPointExtension>
    </extensions>
   </trkpt>
   <trkpt lat="49.2674550" lon="-123.1133100">
    <ele>8.4</ele>
    <time>2026-04-19T17:31:15Z</time>
    <extensions>
     <power>138</power>
     <gpxtpx:TrackPointExtension>
      <gpxtpx:hr>164</gpxtpx:hr>
     </gpxtpx:TrackPointExtension>
    </extensions>
   </trkpt>
   <trkpt lat="49.2674640" lon="-123.1132920">
    <ele>8.4</ele>
    <time>2026-04-19T17:31:16Z</time>
    <extensions>
     <power>103</power>
     <gpxtpx:TrackPointExtension>
      <gpxtpx:hr>164</gpxtpx:hr>
     </gpxtpx:TrackPointExtension>
    </extensions>
   </trkpt>
   <trkpt lat="49.2674840" lon="-123.1132550">
    <ele>8.2</ele>
    <time>2026-04-19T17:31:17Z</time>
    <extensions>
     <power>103</power>
     <gpxtpx:TrackPointExtension>
      <gpxtpx:hr>164</gpxtpx:hr>
     </gpxtpx:TrackPointExtension>
    </extensions>
   </trkpt>
   <trkpt lat="49.2674910" lon="-123.1132390">
    <ele>8.2</ele>
    <time>2026-04-19T17:31:18Z</time>
    <extensions>
     <power>103</power>
     <gpxtpx:TrackPointExtension>
      <gpxtpx:hr>164</gpxtpx:hr>
     </gpxtpx:TrackPointExtension>
    </extensions>
   </trkpt>
   <trkpt lat="49.2674990" lon="-123.1132240">
    <ele>8.2</ele>
    <time>2026-04-19T17:31:19Z</time>
    <extensions>
     <power>136</power>
     <gpxtpx:TrackPointExtension>
      <gpxtpx:hr>159</gpxtpx:hr>
     </gpxtpx:TrackPointExtension>
    </extensions>
   </trkpt>
   <trkpt lat="49.2675110" lon="-123.1132010">
    <ele>8.2</ele>
    <time>2026-04-19T17:31:20Z</time>
    <extensions>
     <power>136</power>
     <gpxtpx:TrackPointExtension>
      <gpxtpx:hr>159</gpxtpx:hr>
     </gpxtpx:TrackPointExtension>
    </extensions>
   </trkpt>
   <trkpt lat="49.2675230" lon="-123.1131780">
    <ele>8.2</ele>
    <time>2026-04-19T17:31:21Z</time>
    <extensions>
     <power>101</power>
     <gpxtpx:TrackPointExtension>
      <gpxtpx:hr>159</gpxtpx:hr>
     </gpxtpx:TrackPointExtension>
    </extensions>
   </trkpt>
   <trkpt lat="49.2675340" lon="-123.1131540">
    <ele>8.2</ele>
    <time>2026-04-19T17:31:22Z</time>
    <extensions>
     <power>101</power>
     <gpxtpx:TrackPointExtension>
      <gpxtpx:hr>159</gpxtpx:hr>
     </gpxtpx:TrackPointExtension>
    </extensions>
   </trkpt>
   <trkpt lat="49.2675460" lon="-123.1131310">
    <ele>8.2</ele>
    <time>2026-04-19T17:31:23Z</time>
    <extensions>
     <power>101</power>
     <gpxtpx:TrackPointExtension>
      <gpxtpx:hr>159</gpxtpx:hr>
     </gpxtpx:TrackPointExtension>
    </extensions>
   </trkpt>
   <trkpt lat="49.2675580" lon="-123.1131080">
    <ele>8.2</ele>
    <time>2026-04-19T17:31:24Z</time>
    <extensions>
     <power>106</power>
     <gpxtpx:TrackPointExtension>
      <gpxtpx:hr>159</gpxtpx:hr>
     </gpxtpx:TrackPointExtension>
    </extensions>
   </trkpt>
   <trkpt lat="49.2675760" lon="-123.1130750">
    <ele>8.2</ele>
    <time>2026-04-19T17:31:25Z</time>
    <extensions>
     <power>106</power>
     <gpxtpx:TrackPointExtension>
      <gpxtpx:hr>159</gpxtpx:hr>
     </gpxtpx:TrackPointExtension>
    </extensions>
   </trkpt>
   <trkpt lat="49.2675820" lon="-123.1130640">
    <ele>8.2</ele>
    <time>2026-04-19T17:31:26Z</time>
    <extensions>
     <power>105</power>
     <gpxtpx:TrackPointExtension>
      <gpxtpx:hr>159</gpxtpx:hr>
     </gpxtpx:TrackPointExtension>
    </extensions>
   </trkpt>
   <trkpt lat="49.2676030" lon="-123.1130280">
    <ele>8.2</ele>
    <time>2026-04-19T17:31:27Z</time>
    <extensions>
     <power>105</power>
     <gpxtpx:TrackPointExtension>
      <gpxtpx:hr>157</gpxtpx:hr>
     </gpxtpx:TrackPointExtension>
    </extensions>
   </trkpt>
   <trkpt lat="49.2676110" lon="-123.1130140">
    <ele>8.2</ele>
    <time>2026-04-19T17:31:28Z</time>
    <extensions>
     <power>105</power>
     <gpxtpx:TrackPointExtension>
      <gpxtpx:hr>157</gpxtpx:hr>
     </gpxtpx:TrackPointExtension>
    </extensions>
   </trkpt>
   <trkpt lat="49.2676190" lon="-123.1130000">
    <ele>8.2</ele>
    <time>2026-04-19T17:31:29Z</time>
    <extensions>
     <power>106</power>
     <gpxtpx:TrackPointExtension>
      <gpxtpx:hr>157</gpxtpx:hr>
     </gpxtpx:TrackPointExtension>
    </extensions>
   </trkpt>
   <trkpt lat="49.2676380" lon="-123.1129640">
    <ele>8.2</ele>
    <time>2026-04-19T17:31:30Z</time>
    <extensions>
     <power>106</power>
     <gpxtpx:TrackPointExtension>
      <gpxtpx:hr>157</gpxtpx:hr>
     </gpxtpx:TrackPointExtension>
    </extensions>
   </trkpt>
   <trkpt lat="49.2676450" lon="-123.1129480">
    <ele>8.2</ele>
    <time>2026-04-19T17:31:31Z</time>
    <extensions>
     <power>106</power>
     <gpxtpx:TrackPointExtension>
      <gpxtpx:hr>156</gpxtpx:hr>
     </gpxtpx:TrackPointExtension>
    </extensions>
   </trkpt>
   <trkpt lat="49.2676530" lon="-123.1129330">
    <ele>8.2</ele>
    <time>2026-04-19T17:31:32Z</time>
    <extensions>
     <power>99</power>
     <gpxtpx:TrackPointExtension>
      <gpxtpx:hr>156</gpxtpx:hr>
     </gpxtpx:TrackPointExtension>
    </extensions>
   </trkpt>
   <trkpt lat="49.2676680" lon="-123.1128970">
    <ele>8.2</ele>
    <time>2026-04-19T17:31:33Z</time>
    <extensions>
     <power>99</power>
     <gpxtpx:TrackPointExtension>
      <gpxtpx:hr>156</gpxtpx:hr>
     </gpxtpx:TrackPointExtension>
    </extensions>
   </trkpt>
   <trkpt lat="49.2676720" lon="-123.1128840">
    <ele>8.2</ele>
    <time>2026-04-19T17:31:34Z</time>
    <extensions>
     <power>105</power>
     <gpxtpx:TrackPointExtension>
      <gpxtpx:hr>156</gpxtpx:hr>
     </gpxtpx:TrackPointExtension>
    </extensions>
   </trkpt>
   <trkpt lat="49.2676860" lon="-123.1128370">
    <ele>8.2</ele>
    <time>2026-04-19T17:31:35Z</time>
    <extensions>
     <power>105</power>
     <gpxtpx:TrackPointExtension>
      <gpxtpx:hr>156</gpxtpx:hr>
     </gpxtpx:TrackPointExtension>
    </extensions>
   </trkpt>
   <trkpt lat="49.2676910" lon="-123.1128160">
    <ele>8.2</ele>
    <time>2026-04-19T17:31:36Z</time>
    <extensions>
     <power>105</power>
     <gpxtpx:TrackPointExtension>
      <gpxtpx:hr>156</gpxtpx:hr>
     </gpxtpx:TrackPointExtension>
    </extensions>
   </trkpt>
   <trkpt lat="49.2676960" lon="-123.1127960">
    <ele>8.2</ele>
    <time>2026-04-19T17:31:37Z</time>
    <extensions>
     <power>113</power>
     <gpxtpx:TrackPointExtension>
      <gpxtpx:hr>156</gpxtpx:hr>
     </gpxtpx:TrackPointExtension>
    </extensions>
   </trkpt>
   <trkpt lat="49.2677090" lon="-123.1127520">
    <ele>8.2</ele>
    <time>2026-04-19T17:31:38Z</time>
    <extensions>
     <power>113</power>
     <gpxtpx:TrackPointExtension>
      <gpxtpx:hr>156</gpxtpx:hr>
     </gpxtpx:TrackPointExtension>
    </extensions>
   </trkpt>
   <trkpt lat="49.2677130" lon="-123.1127380">
    <ele>8.2</ele>
    <time>2026-04-19T17:31:39Z</time>
    <extensions>
     <power>115</power>
     <gpxtpx:TrackPointExtension>
      <gpxtpx:hr>156</gpxtpx:hr>
     </gpxtpx:TrackPointExtension>
    </extensions>
   </trkpt>
   <trkpt lat="49.2677330" lon="-123.1126980">
    <ele>8.2</ele>
    <time>2026-04-19T17:31:40Z</time>
    <extensions>
     <power>115</power>
     <gpxtpx:TrackPointExtension>
      <gpxtpx:hr>156</gpxtpx:hr>
     </gpxtpx:TrackPointExtension>
    </extensions>
   </trkpt>
   <trkpt lat="49.2677430" lon="-123.1126840">
    <ele>8.2</ele>
    <time>2026-04-19T17:31:41Z</time>
    <extensions>
     <power>115</power>
     <gpxtpx:TrackPointExtension>
      <gpxtpx:hr>156</gpxtpx:hr>
     </gpxtpx:TrackPointExtension>
    </extensions>
   </trkpt>
   <trkpt lat="49.2677520" lon="-123.1126700">
    <ele>8.2</ele>
    <time>2026-04-19T17:31:42Z</time>
    <extensions>
     <power>119</power>
     <gpxtpx:TrackPointExtension>
      <gpxtpx:hr>156</gpxtpx:hr>
     </gpxtpx:TrackPointExtension>
    </extensions>
   </trkpt>
   <trkpt lat="49.2677740" lon="-123.1126400">
    <ele>8.2</ele>
    <time>2026-04-19T17:31:43Z</time>
    <extensions>
     <power>119</power>
     <gpxtpx:TrackPointExtension>
      <gpxtpx:hr>155</gpxtpx:hr>
     </gpxtpx:TrackPointExtension>
    </extensions>
   </trkpt>
   <trkpt lat="49.2677810" lon="-123.1126290">
    <ele>8.2</ele>
    <time>2026-04-19T17:31:44Z</time>
    <extensions>
     <power>123</power>
     <gpxtpx:TrackPointExtension>
      <gpxtpx:hr>155</gpxtpx:hr>
     </gpxtpx:TrackPointExtension>
    </extensions>
   </trkpt>
   <trkpt lat="49.2678040" lon="-123.1125900">
    <ele>8.2</ele>
    <time>2026-04-19T17:31:45Z</time>
    <extensions>
     <power>123</power>
     <gpxtpx:TrackPointExtension>
      <gpxtpx:hr>155</gpxtpx:hr>
     </gpxtpx:TrackPointExtension>
    </extensions>
   </trkpt>
   <trkpt lat="49.2678140" lon="-123.1125720">
    <ele>8.2</ele>
    <time>2026-04-19T17:31:46Z</time>
    <extensions>
     <power>123</power>
     <gpxtpx:TrackPointExtension>
      <gpxtpx:hr>155</gpxtpx:hr>
     </gpxtpx:TrackPointExtension>
    </extensions>
   </trkpt>
   <trkpt lat="49.2678240" lon="-123.1125540">
    <ele>8.2</ele>
    <time>2026-04-19T17:31:47Z</time>
    <extensions>
     <power>123</power>
     <gpxtpx:TrackPointExtension>
      <gpxtpx:hr>155</gpxtpx:hr>
     </gpxtpx:TrackPointExtension>
    </extensions>
   </trkpt>
   <trkpt lat="49.2678340" lon="-123.1125360">
    <ele>8.2</ele>
    <time>2026-04-19T17:31:48Z</time>
    <extensions>
     <power>123</power>
     <gpxtpx:TrackPointExtension>
      <gpxtpx:hr>155</gpxtpx:hr>
     </gpxtpx:TrackPointExtension>
    </extensions>
   </trkpt>
   <trkpt lat="49.2678440" lon="-123.1125180">
    <ele>8.2</ele>
    <time>2026-04-19T17:31:49Z</time>
    <extensions>
     <power>120</power>
     <gpxtpx:TrackPointExtension>
      <gpxtpx:hr>157</gpxtpx:hr>
     </gpxtpx:TrackPointExtension>
    </extensions>
   </trkpt>
   <trkpt lat="49.2678640" lon="-123.1124780">
    <ele>8.2</ele>
    <time>2026-04-19T17:31:50Z</time>
    <extensions>
     <power>120</power>
     <gpxtpx:TrackPointExtension>
      <gpxtpx:hr>158</gpxtpx:hr>
     </gpxtpx:TrackPointExtension>
    </extensions>
   </trkpt>
   <trkpt lat="49.2678720" lon="-123.1124630">
    <ele>8.2</ele>
    <time>2026-04-19T17:31:51Z</time>
    <extensions>
     <power>120</power>
     <gpxtpx:TrackPointExtension>
      <gpxtpx:hr>158</gpxtpx:hr>
     </gpxtpx:TrackPointExtension>
    </extensions>
   </trkpt>
   <trkpt lat="49.2678800" lon="-123.1124470">
    <ele>8.2</ele>
    <time>2026-04-19T17:31:52Z</time>
    <extensions>
     <power>117</power>
     <gpxtpx:TrackPointExtension>
      <gpxtpx:hr>158</gpxtpx:hr>
     </gpxtpx:TrackPointExtension>
    </extensions>
   </trkpt>
   <trkpt lat="49.2678910" lon="-123.1124230">
    <ele>8.2</ele>
    <time>2026-04-19T17:31:53Z</time>
    <extensions>
     <power>117</power>
     <gpxtpx:TrackPointExtension>
      <gpxtpx:hr>158</gpxtpx:hr>
     </gpxtpx:TrackPointExtension>
    </extensions>
   </trkpt>
   <trkpt lat="49.2679030" lon="-123.1123990">
    <ele>8.2</ele>
    <time>2026-04-19T17:31:54Z</time>
    <extensions>
     <power>117</power>
     <gpxtpx:TrackPointExtension>
      <gpxtpx:hr>158</gpxtpx:hr>
     </gpxtpx:TrackPointExtension>
    </extensions>
   </trkpt>
   <trkpt lat="49.2679140" lon="-123.1123750">
    <ele>8.2</ele>
    <time>2026-04-19T17:31:55Z</time>
    <extensions>
     <power>116</power>
     <gpxtpx:TrackPointExtension>
      <gpxtpx:hr>158</gpxtpx:hr>
     </gpxtpx:TrackPointExtension>
    </extensions>
   </trkpt>
   <trkpt lat="49.2679320" lon="-123.1123390">
    <ele>8.2</ele>
    <time>2026-04-19T17:31:56Z</time>
    <extensions>
     <power>116</power>
     <gpxtpx:TrackPointExtension>
      <gpxtpx:hr>158</gpxtpx:hr>
     </gpxtpx:TrackPointExtension>
    </extensions>
   </trkpt>
   <trkpt lat="49.2679370" lon="-123.1123260">
    <ele>8.2</ele>
    <time>2026-04-19T17:31:57Z</time>
    <extensions>
     <power>114</power>
     <gpxtpx:TrackPointExtension>
      <gpxtpx:hr>158</gpxtpx:hr>
     </gpxtpx:TrackPointExtension>
    </extensions>
   </trkpt>
   <trkpt lat="49.2679570" lon="-123.1122850">
    <ele>8.2</ele>
    <time>2026-04-19T17:31:58Z</time>
    <extensions>
     <power>114</power>
     <gpxtpx:TrackPointExtension>
      <gpxtpx:hr>158</gpxtpx:hr>
     </gpxtpx:TrackPointExtension>
    </extensions>
   </trkpt>
   <trkpt lat="49.2679640" lon="-123.1122690">
    <ele>8.2</ele>
    <time>2026-04-19T17:31:59Z</time>
    <extensions>
     <power>114</power>
     <gpxtpx:TrackPointExtension>
      <gpxtpx:hr>158</gpxtpx:hr>
     </gpxtpx:TrackPointExtension>
    </extensions>
   </trkpt>
   <trkpt lat="49.2679720" lon="-123.1122520">
    <ele>8.2</ele>
    <time>2026-04-19T17:32:00Z</time>
    <extensions>
     <power>112</power>
     <gpxtpx:TrackPointExtension>
      <gpxtpx:hr>157</gpxtpx:hr>
     </gpxtpx:TrackPointExtension>
    </extensions>
   </trkpt>
   <trkpt lat="49.2679900" lon="-123.1122150">
    <ele>8.2</ele>
    <time>2026-04-19T17:32:01Z</time>
    <extensions>
     <power>112</power>
     <gpxtpx:TrackPointExtension>
      <gpxtpx:hr>157</gpxtpx:hr>
     </gpxtpx:TrackPointExtension>
    </extensions>
   </trkpt>
   <trkpt lat="49.2679960" lon="-123.1122030">
    <ele>8.2</ele>
    <time>2026-04-19T17:32:02Z</time>
    <extensions>
     <power>109</power>
     <gpxtpx:TrackPointExtension>
      <gpxtpx:hr>157</gpxtpx:hr>
     </gpxtpx:TrackPointExtension>
    </extensions>
   </trkpt>
   <trkpt lat="49.2680140" lon="-123.1121640">
    <ele>8.2</ele>
    <time>2026-04-19T17:32:03Z</time>
    <extensions>
     <power>109</power>
     <gpxtpx:TrackPointExtension>
      <gpxtpx:hr>157</gpxtpx:hr>
     </gpxtpx:TrackPointExtension>
    </extensions>
   </trkpt>
   <trkpt lat="49.2680220" lon="-123.1121480">
    <ele>8.2</ele>
    <time>2026-04-19T17:32:04Z</time>
    <extensions>
     <power>109</power>
     <gpxtpx:TrackPointExtension>
      <gpxtpx:hr>157</gpxtpx:hr>
     </gpxtpx:TrackPointExtension>
    </extensions>
   </trkpt>
   <trkpt lat="49.2680290" lon="-123.1121330">
    <ele>8.2</ele>
    <time>2026-04-19T17:32:05Z</time>
    <extensions>
     <power>110</power>
     <gpxtpx:TrackPointExtension>
      <gpxtpx:hr>157</gpxtpx:hr>
     </gpxtpx:TrackPointExtension>
    </extensions>
   </trkpt>
   <trkpt lat="49.2680400" lon="-123.1121100">
    <ele>8.2</ele>
    <time>2026-04-19T17:32:06Z</time>
    <extensions>
     <power>110</power>
     <gpxtpx:TrackPointExtension>
      <gpxtpx:hr>157</gpxtpx:hr>
     </gpxtpx:TrackPointExtension>
    </extensions>
   </trkpt>
   <trkpt lat="49.2680520" lon="-123.1120860">
    <ele>8.2</ele>
    <time>2026-04-19T17:32:07Z</time>
    <extensions>
     <power>113</power>
     <gpxtpx:TrackPointExtension>
      <gpxtpx:hr>157</gpxtpx:hr>
     </gpxtpx:TrackPointExtension>
    </extensions>
   </trkpt>
   <trkpt lat="49.2680710" lon="-123.1120460">
    <ele>8.2</ele>
    <time>2026-04-19T17:32:08Z</time>
    <extensions>
     <power>113</power>
     <gpxtpx:TrackPointExtension>
      <gpxtpx:hr>157</gpxtpx:hr>
     </gpxtpx:TrackPointExtension>
    </extensions>
   </trkpt>
   <trkpt lat="49.2680790" lon="-123.1120290">
    <ele>8.2</ele>
    <time>2026-04-19T17:32:09Z</time>
    <extensions>
     <power>113</power>
     <gpxtpx:TrackPointExtension>
      <gpxtpx:hr>157</gpxtpx:hr>
     </gpxtpx:TrackPointExtension>
    </extensions>
   </trkpt>
   <trkpt lat="49.2680870" lon="-123.1120130">
    <ele>8.0</ele>
    <time>2026-04-19T17:32:10Z</time>
    <extensions>
     <power>115</power>
     <gpxtpx:TrackPointExtension>
      <gpxtpx:hr>157</gpxtpx:hr>
     </gpxtpx:TrackPointExtension>
    </extensions>
   </trkpt>
   <trkpt lat="49.2681040" lon="-123.1119760">
    <ele>8.0</ele>
    <time>2026-04-19T17:32:11Z</time>
    <extensions>
     <power>115</power>
     <gpxtpx:TrackPointExtension>
      <gpxtpx:hr>157</gpxtpx:hr>
     </gpxtpx:TrackPointExtension>
    </extensions>
   </trkpt>
   <trkpt lat="49.2681100" lon="-123.1119640">
    <ele>8.0</ele>
    <time>2026-04-19T17:32:12Z</time>
    <extensions>
     <power>117</power>
     <gpxtpx:TrackPointExtension>
      <gpxtpx:hr>157</gpxtpx:hr>
     </gpxtpx:TrackPointExtension>
    </extensions>
   </trkpt>
   <trkpt lat="49.2681290" lon="-123.1119240">
    <ele>8.0</ele>
    <time>2026-04-19T17:32:13Z</time>
    <extensions>
     <power>117</power>
     <gpxtpx:TrackPointExtension>
      <gpxtpx:hr>159</gpxtpx:hr>
     </gpxtpx:TrackPointExtension>
    </extensions>
   </trkpt>
   <trkpt lat="49.2681370" lon="-123.1119080">
    <ele>8.0</ele>
    <time>2026-04-19T17:32:14Z</time>
    <extensions>
     <power>117</power>
     <gpxtpx:TrackPointExtension>
      <gpxtpx:hr>159</gpxtpx:hr>
     </gpxtpx:TrackPointExtension>
    </extensions>
   </trkpt>
   <trkpt lat="49.2681440" lon="-123.1118920">
    <ele>8.0</ele>
    <time>2026-04-19T17:32:15Z</time>
    <extensions>
     <power>119</power>
     <gpxtpx:TrackPointExtension>
      <gpxtpx:hr>159</gpxtpx:hr>
     </gpxtpx:TrackPointExtension>
    </extensions>
   </trkpt>
   <trkpt lat="49.2681630" lon="-123.1118530">
    <ele>8.0</ele>
    <time>2026-04-19T17:32:16Z</time>
    <extensions>
     <power>119</power>
     <gpxtpx:TrackPointExtension>
      <gpxtpx:hr>159</gpxtpx:hr>
     </gpxtpx:TrackPointExtension>
    </extensions>
   </trkpt>
   <trkpt lat="49.2681700" lon="-123.1118360">
    <ele>8.0</ele>
    <time>2026-04-19T17:32:17Z</time>
    <extensions>
     <power>119</power>
     <gpxtpx:TrackPointExtension>
      <gpxtpx:hr>159</gpxtpx:hr>
     </gpxtpx:TrackPointExtension>
    </extensions>
   </trkpt>
   <trkpt lat="49.2681780" lon="-123.1118200">
    <ele>8.0</ele>
    <time>2026-04-19T17:32:18Z</time>
    <extensions>
     <power>121</power>
     <gpxtpx:TrackPointExtension>
      <gpxtpx:hr>159</gpxtpx:hr>
     </gpxtpx:TrackPointExtension>
    </extensions>
   </trkpt>
   <trkpt lat="49.2681960" lon="-123.1117810">
    <ele>8.0</ele>
    <time>2026-04-19T17:32:19Z</time>
    <extensions>
     <power>121</power>
     <gpxtpx:TrackPointExtension>
      <gpxtpx:hr>160</gpxtpx:hr>
     </gpxtpx:TrackPointExtension>
    </extensions>
   </trkpt>
   <trkpt lat="49.2682020" lon="-123.1117680">
    <ele>8.0</ele>
    <time>2026-04-19T17:32:20Z</time>
    <extensions>
     <power>125</power>
     <gpxtpx:TrackPointExtension>
      <gpxtpx:hr>160</gpxtpx:hr>
     </gpxtpx:TrackPointExtension>
    </extensions>
   </trkpt>
   <trkpt lat="49.2682140" lon="-123.1117410">
    <ele>8.0</ele>
    <time>2026-04-19T17:32:21Z</time>
    <extensions>
     <power>125</power>
     <gpxtpx:TrackPointExtension>
      <gpxtpx:hr>160</gpxtpx:hr>
     </gpxtpx:TrackPointExtension>
    </extensions>
   </trkpt>
   <trkpt lat="49.2682260" lon="-123.1117160">
    <ele>8.2</ele>
    <time>2026-04-19T17:32:22Z</time>
    <extensions>
     <power>125</power>
     <gpxtpx:TrackPointExtension>
      <gpxtpx:hr>160</gpxtpx:hr>
     </gpxtpx:TrackPointExtension>
    </extensions>
   </trkpt>
   <trkpt lat="49.2682370" lon="-123.1116910">
    <ele>8.2</ele>
    <time>2026-04-19T17:32:23Z</time>
    <extensions>
     <power>127</power>
     <gpxtpx:TrackPointExtension>
      <gpxtpx:hr>160</gpxtpx:hr>
     </gpxtpx:TrackPointExtension>
    </extensions>
   </trkpt>
   <trkpt lat="49.2682540" lon="-123.1116540">
    <ele>8.2</ele>
    <time>2026-04-19T17:32:24Z</time>
    <extensions>
     <power>127</power>
     <gpxtpx:TrackPointExtension>
      <gpxtpx:hr>160</gpxtpx:hr>
     </gpxtpx:TrackPointExtension>
    </extensions>
   </trkpt>
   <trkpt lat="49.2682590" lon="-123.1116420">
    <ele>8.2</ele>
    <time>2026-04-19T17:32:25Z</time>
    <extensions>
     <power>128</power>
     <gpxtpx:TrackPointExtension>
      <gpxtpx:hr>160</gpxtpx:hr>
     </gpxtpx:TrackPointExtension>
    </extensions>
   </trkpt>
   <trkpt lat="49.2682770" lon="-123.1115980">
    <ele>8.2</ele>
    <time>2026-04-19T17:32:26Z</time>
    <extensions>
     <power>128</power>
     <gpxtpx:TrackPointExtension>
      <gpxtpx:hr>160</gpxtpx:hr>
     </gpxtpx:TrackPointExtension>
    </extensions>
   </trkpt>
   <trkpt lat="49.2682850" lon="-123.1115810">
    <ele>8.2</ele>
    <time>2026-04-19T17:32:27Z</time>
    <extensions>
     <power>128</power>
     <gpxtpx:TrackPointExtension>
      <gpxtpx:hr>160</gpxtpx:hr>
     </gpxtpx:TrackPointExtension>
    </extensions>
   </trkpt>
   <trkpt lat="49.2682920" lon="-123.1115630">
    <ele>8.2</ele>
    <time>2026-04-19T17:32:28Z</time>
    <extensions>
     <power>114</power>
     <gpxtpx:TrackPointExtension>
      <gpxtpx:hr>160</gpxtpx:hr>
     </gpxtpx:TrackPointExtension>
    </extensions>
   </trkpt>
   <trkpt lat="49.2683070" lon="-123.1115260">
    <ele>8.2</ele>
    <time>2026-04-19T17:32:29Z</time>
    <extensions>
     <power>114</power>
     <gpxtpx:TrackPointExtension>
      <gpxtpx:hr>160</gpxtpx:hr>
     </gpxtpx:TrackPointExtension>
    </extensions>
   </trkpt>
   <trkpt lat="49.2683120" lon="-123.1115130">
    <ele>8.2</ele>
    <time>2026-04-19T17:32:30Z</time>
    <extensions>
     <power>124</power>
     <gpxtpx:TrackPointExtension>
      <gpxtpx:hr>160</gpxtpx:hr>
     </gpxtpx:TrackPointExtension>
    </extensions>
   </trkpt>
   <trkpt lat="49.2683280" lon="-123.1114700">
    <ele>8.2</ele>
    <time>2026-04-19T17:32:31Z</time>
    <extensions>
     <power>124</power>
     <gpxtpx:TrackPointExtension>
      <gpxtpx:hr>160</gpxtpx:hr>
     </gpxtpx:TrackPointExtension>
    </extensions>
   </trkpt>
   <trkpt lat="49.2683330" lon="-123.1114510">
    <ele>8.2</ele>
    <time>2026-04-19T17:32:32Z</time>
    <extensions>
     <power>124</power>
     <gpxtpx:TrackPointExtension>
      <gpxtpx:hr>160</gpxtpx:hr>
     </gpxtpx:TrackPointExtension>
    </extensions>
   </trkpt>
   <trkpt lat="49.2683390" lon="-123.1114330">
    <ele>8.2</ele>
    <time>2026-04-19T17:32:33Z</time>
    <extensions>
     <power>141</power>
     <gpxtpx:TrackPointExtension>
      <gpxtpx:hr>160</gpxtpx:hr>
     </gpxtpx:TrackPointExtension>
    </extensions>
   </trkpt>
   <trkpt lat="49.2683540" lon="-123.1113920">
    <ele>8.2</ele>
    <time>2026-04-19T17:32:34Z</time>
    <extensions>
     <power>141</power>
     <gpxtpx:TrackPointExtension>
      <gpxtpx:hr>160</gpxtpx:hr>
     </gpxtpx:TrackPointExtension>
    </extensions>
   </trkpt>
   <trkpt lat="49.2683590" lon="-123.1113780">
    <ele>8.2</ele>
    <time>2026-04-19T17:32:35Z</time>
    <extensions>
     <power>129</power>
     <gpxtpx:TrackPointExtension>
      <gpxtpx:hr>160</gpxtpx:hr>
     </gpxtpx:TrackPointExtension>
    </extensions>
   </trkpt>
   <trkpt lat="49.2683740" lon="-123.1113330">
    <ele>8.2</ele>
    <time>2026-04-19T17:32:36Z</time>
    <extensions>
     <power>129</power>
     <gpxtpx:TrackPointExtension>
      <gpxtpx:hr>160</gpxtpx:hr>
     </gpxtpx:TrackPointExtension>
    </extensions>
   </trkpt>
   <trkpt lat="49.2683800" lon="-123.1113150">
    <ele>8.2</ele>
    <time>2026-04-19T17:32:37Z</time>
    <extensions>
     <power>129</power>
     <gpxtpx:TrackPointExtension>
      <gpxtpx:hr>160</gpxtpx:hr>
     </gpxtpx:TrackPointExtension>
    </extensions>
   </trkpt>
   <trkpt lat="49.2683860" lon="-123.1112970">
    <ele>8.2</ele>
    <time>2026-04-19T17:32:38Z</time>
    <extensions>
     <power>129</power>
     <gpxtpx:TrackPointExtension>
      <gpxtpx:hr>160</gpxtpx:hr>
     </gpxtpx:TrackPointExtension>
    </extensions>
   </trkpt>
   <trkpt lat="49.2684010" lon="-123.1112520">
    <ele>8.2</ele>
    <time>2026-04-19T17:32:39Z</time>
    <extensions>
     <power>129</power>
     <gpxtpx:TrackPointExtension>
      <gpxtpx:hr>158</gpxtpx:hr>
     </gpxtpx:TrackPointExtension>
    </extensions>
   </trkpt>
   <trkpt lat="49.2684060" lon="-123.1112340">
    <ele>8.2</ele>
    <time>2026-04-19T17:32:40Z</time>
    <extensions>
     <power>129</power>
     <gpxtpx:TrackPointExtension>
      <gpxtpx:hr>158</gpxtpx:hr>
     </gpxtpx:TrackPointExtension>
    </extensions>
   </trkpt>
   <trkpt lat="49.2684120" lon="-123.1112160">
    <ele>8.2</ele>
    <time>2026-04-19T17:32:41Z</time>
    <extensions>
     <power>126</power>
     <gpxtpx:TrackPointExtension>
      <gpxtpx:hr>158</gpxtpx:hr>
     </gpxtpx:TrackPointExtension>
    </extensions>
   </trkpt>
   <trkpt lat="49.2684240" lon="-123.1111770">
    <ele>8.2</ele>
    <time>2026-04-19T17:32:42Z</time>
    <extensions>
     <power>126</power>
     <gpxtpx:TrackPointExtension>
      <gpxtpx:hr>158</gpxtpx:hr>
     </gpxtpx:TrackPointExtension>
    </extensions>
   </trkpt>
   <trkpt lat="49.2684280" lon="-123.1111640">
    <ele>8.2</ele>
    <time>2026-04-19T17:32:43Z</time>
    <extensions>
     <power>122</power>
     <gpxtpx:TrackPointExtension>
      <gpxtpx:hr>158</gpxtpx:hr>
     </gpxtpx:TrackPointExtension>
    </extensions>
   </trkpt>
   <trkpt lat="49.2684420" lon="-123.1111210">
    <ele>8.2</ele>
    <time>2026-04-19T17:32:44Z</time>
    <extensions>
     <power>122</power>
     <gpxtpx:TrackPointExtension>
      <gpxtpx:hr>158</gpxtpx:hr>
     </gpxtpx:TrackPointExtension>
    </extensions>
   </trkpt>
   <trkpt lat="49.2684470" lon="-123.1111030">
    <ele>8.2</ele>
    <time>2026-04-19T17:32:45Z</time>
    <extensions>
     <power>122</power>
     <gpxtpx:TrackPointExtension>
      <gpxtpx:hr>158</gpxtpx:hr>
     </gpxtpx:TrackPointExtension>
    </extensions>
   </trkpt>
   <trkpt lat="49.2684530" lon="-123.1110860">
    <ele>8.2</ele>
    <time>2026-04-19T17:32:46Z</time>
    <extensions>
     <power>117</power>
     <gpxtpx:TrackPointExtension>
      <gpxtpx:hr>159</gpxtpx:hr>
     </gpxtpx:TrackPointExtension>
    </extensions>
   </trkpt>
   <trkpt lat="49.2684650" lon="-123.1110480">
    <ele>8.2</ele>
    <time>2026-04-19T17:32:47Z</time>
    <extensions>
     <power>117</power>
     <gpxtpx:TrackPointExtension>
      <gpxtpx:hr>159</gpxtpx:hr>
     </gpxtpx:TrackPointExtension>
    </extensions>
   </trkpt>
   <trkpt lat="49.2684690" lon="-123.1110350">
    <ele>8.2</ele>
    <time>2026-04-19T17:32:48Z</time>
    <extensions>
     <power>120</power>
     <gpxtpx:TrackPointExtension>
      <gpxtpx:hr>159</gpxtpx:hr>
     </gpxtpx:TrackPointExtension>
    </extensions>
   </trkpt>
   <trkpt lat="49.2684770" lon="-123.1110080">
    <ele>8.2</ele>
    <time>2026-04-19T17:32:49Z</time>
    <extensions>
     <power>120</power>
     <gpxtpx:TrackPointExtension>
      <gpxtpx:hr>159</gpxtpx:hr>
     </gpxtpx:TrackPointExtension>
    </extensions>
   </trkpt>
   <trkpt lat="49.2684820" lon="-123.1109790">
    <ele>8.2</ele>
    <time>2026-04-19T17:32:50Z</time>
    <extensions>
     <power>120</power>
     <gpxtpx:TrackPointExtension>
      <gpxtpx:hr>159</gpxtpx:hr>
     </gpxtpx:TrackPointExtension>
    </extensions>
   </trkpt>
   <trkpt lat="49.2684830" lon="-123.1109490">
    <ele>8.2</ele>
    <time>2026-04-19T17:32:51Z</time>
    <extensions>
     <power>124</power>
     <gpxtpx:TrackPointExtension>
      <gpxtpx:hr>159</gpxtpx:hr>
     </gpxtpx:TrackPointExtension>
    </extensions>
   </trkpt>
   <trkpt lat="49.2684760" lon="-123.1109050">
    <ele>8.2</ele>
    <time>2026-04-19T17:32:52Z</time>
    <extensions>
     <power>124</power>
     <gpxtpx:TrackPointExtension>
      <gpxtpx:hr>159</gpxtpx:hr>
     </gpxtpx:TrackPointExtension>
    </extensions>
   </trkpt>
   <trkpt lat="49.2684730" lon="-123.1108910">
    <ele>8.2</ele>
    <time>2026-04-19T17:32:53Z</time>
    <extensions>
     <power>123</power>
     <gpxtpx:TrackPointExtension>
      <gpxtpx:hr>159</gpxtpx:hr>
     </gpxtpx:TrackPointExtension>
    </extensions>
   </trkpt>
   <trkpt lat="49.2684680" lon="-123.1108450">
    <ele>8.2</ele>
    <time>2026-04-19T17:32:54Z</time>
    <extensions>
     <power>123</power>
     <gpxtpx:TrackPointExtension>
      <gpxtpx:hr>159</gpxtpx:hr>
     </gpxtpx:TrackPointExtension>
    </extensions>
   </trkpt>
   <trkpt lat="49.2684670" lon="-123.1108260">
    <ele>8.2</ele>
    <time>2026-04-19T17:32:55Z</time>
    <extensions>
     <power>123</power>
     <gpxtpx:TrackPointExtension>
      <gpxtpx:hr>159</gpxtpx:hr>
     </gpxtpx:TrackPointExtension>
    </extensions>
   </trkpt>
   <trkpt lat="49.2684660" lon="-123.1108070">
    <ele>8.2</ele>
    <time>2026-04-19T17:32:56Z</time>
    <extensions>
     <power>116</power>
     <gpxtpx:TrackPointExtension>
      <gpxtpx:hr>159</gpxtpx:hr>
     </gpxtpx:TrackPointExtension>
    </extensions>
   </trkpt>
   <trkpt lat="49.2684700" lon="-123.1107580">
    <ele>8.2</ele>
    <time>2026-04-19T17:32:57Z</time>
    <extensions>
     <power>116</power>
     <gpxtpx:TrackPointExtension>
      <gpxtpx:hr>159</gpxtpx:hr>
     </gpxtpx:TrackPointExtension>
    </extensions>
   </trkpt>
   <trkpt lat="49.2684720" lon="-123.1107410">
    <ele>8.2</ele>
    <time>2026-04-19T17:32:58Z</time>
    <extensions>
     <power>127</power>
     <gpxtpx:TrackPointExtension>
      <gpxtpx:hr>159</gpxtpx:hr>
     </gpxtpx:TrackPointExtension>
    </extensions>
   </trkpt>
   <trkpt lat="49.2684730" lon="-123.1106870">
    <ele>8.4</ele>
    <time>2026-04-19T17:32:59Z</time>
    <extensions>
     <power>127</power>
     <gpxtpx:TrackPointExtension>
      <gpxtpx:hr>159</gpxtpx:hr>
     </gpxtpx:TrackPointExtension>
    </extensions>
   </trkpt>
   <trkpt lat="49.2684730" lon="-123.1106670">
    <ele>8.4</ele>
    <time>2026-04-19T17:33:00Z</time>
    <extensions>
     <power>127</power>
     <gpxtpx:TrackPointExtension>
      <gpxtpx:hr>159</gpxtpx:hr>
     </gpxtpx:TrackPointExtension>
    </extensions>
   </trkpt>
   <trkpt lat="49.2684720" lon="-123.1106460">
    <ele>8.4</ele>
    <time>2026-04-19T17:33:01Z</time>
    <extensions>
     <power>127</power>
     <gpxtpx:TrackPointExtension>
      <gpxtpx:hr>161</gpxtpx:hr>
     </gpxtpx:TrackPointExtension>
    </extensions>
   </trkpt>
   <trkpt lat="49.2684680" lon="-123.1105970">
    <ele>8.4</ele>
    <time>2026-04-19T17:33:02Z</time>
    <extensions>
     <power>127</power>
     <gpxtpx:TrackPointExtension>
      <gpxtpx:hr>161</gpxtpx:hr>
     </gpxtpx:TrackPointExtension>
    </extensions>
   </trkpt>
   <trkpt lat="49.2684670" lon="-123.1105770">
    <ele>8.4</ele>
    <time>2026-04-19T17:33:03Z</time>
    <extensions>
     <power>127</power>
     <gpxtpx:TrackPointExtension>
      <gpxtpx:hr>161</gpxtpx:hr>
     </gpxtpx:TrackPointExtension>
    </extensions>
   </trkpt>
   <trkpt lat="49.2684650" lon="-123.1105570">
    <ele>8.4</ele>
    <time>2026-04-19T17:33:04Z</time>
    <extensions>
     <power>129</power>
     <gpxtpx:TrackPointExtension>
      <gpxtpx:hr>161</gpxtpx:hr>
     </gpxtpx:TrackPointExtension>
    </extensions>
   </trkpt>
   <trkpt lat="49.2684620" lon="-123.1105120">
    <ele>8.4</ele>
    <time>2026-04-19T17:33:05Z</time>
    <extensions>
     <power>129</power>
     <gpxtpx:TrackPointExtension>
      <gpxtpx:hr>162</gpxtpx:hr>
     </gpxtpx:TrackPointExtension>
    </extensions>
   </trkpt>
   <trkpt lat="49.2684610" lon="-123.1104970">
    <ele>8.4</ele>
    <time>2026-04-19T17:33:06Z</time>
    <extensions>
     <power>131</power>
     <gpxtpx:TrackPointExtension>
      <gpxtpx:hr>162</gpxtpx:hr>
     </gpxtpx:TrackPointExtension>
    </extensions>
   </trkpt>
   <trkpt lat="49.2684570" lon="-123.1104470">
    <ele>8.6</ele>
    <time>2026-04-19T17:33:07Z</time>
    <extensions>
     <power>131</power>
     <gpxtpx:TrackPointExtension>
      <gpxtpx:hr>162</gpxtpx:hr>
     </gpxtpx:TrackPointExtension>
    </extensions>
   </trkpt>
   <trkpt lat="49.2684550" lon="-123.1104270">
    <ele>8.6</ele>
    <time>2026-04-19T17:33:08Z</time>
    <extensions>
     <power>131</power>
     <gpxtpx:TrackPointExtension>
      <gpxtpx:hr>162</gpxtpx:hr>
     </gpxtpx:TrackPointExtension>
    </extensions>
   </trkpt>
   <trkpt lat="49.2684540" lon="-123.1104080">
    <ele>8.6</ele>
    <time>2026-04-19T17:33:09Z</time>
    <extensions>
     <power>129</power>
     <gpxtpx:TrackPointExtension>
      <gpxtpx:hr>162</gpxtpx:hr>
     </gpxtpx:TrackPointExtension>
    </extensions>
   </trkpt>
   <trkpt lat="49.2684500" lon="-123.1103650">
    <ele>8.6</ele>
    <time>2026-04-19T17:33:10Z</time>
    <extensions>
     <power>129</power>
     <gpxtpx:TrackPointExtension>
      <gpxtpx:hr>162</gpxtpx:hr>
     </gpxtpx:TrackPointExtension>
    </extensions>
   </trkpt>
   <trkpt lat="49.2684490" lon="-123.1103510">
    <ele>8.6</ele>
    <time>2026-04-19T17:33:11Z</time>
    <extensions>
     <power>132</power>
     <gpxtpx:TrackPointExtension>
      <gpxtpx:hr>162</gpxtpx:hr>
     </gpxtpx:TrackPointExtension>
    </extensions>
   </trkpt>
   <trkpt lat="49.2684470" lon="-123.1103200">
    <ele>8.6</ele>
    <time>2026-04-19T17:33:12Z</time>
    <extensions>
     <power>132</power>
     <gpxtpx:TrackPointExtension>
      <gpxtpx:hr>162</gpxtpx:hr>
     </gpxtpx:TrackPointExtension>
    </extensions>
   </trkpt>
   <trkpt lat="49.2684440" lon="-123.1102890">
    <ele>8.6</ele>
    <time>2026-04-19T17:33:13Z</time>
    <extensions>
     <power>132</power>
     <gpxtpx:TrackPointExtension>
      <gpxtpx:hr>162</gpxtpx:hr>
     </gpxtpx:TrackPointExtension>
    </extensions>
   </trkpt>
   <trkpt lat="49.2684420" lon="-123.1102590">
    <ele>8.6</ele>
    <time>2026-04-19T17:33:14Z</time>
    <extensions>
     <power>135</power>
     <gpxtpx:TrackPointExtension>
      <gpxtpx:hr>162</gpxtpx:hr>
     </gpxtpx:TrackPointExtension>
    </extensions>
   </trkpt>
   <trkpt lat="49.2684390" lon="-123.1102140">
    <ele>8.6</ele>
    <time>2026-04-19T17:33:15Z</time>
    <extensions>
     <power>135</power>
     <gpxtpx:TrackPointExtension>
      <gpxtpx:hr>162</gpxtpx:hr>
     </gpxtpx:TrackPointExtension>
    </extensions>
   </trkpt>
   <trkpt lat="49.2684380" lon="-123.1101990">
    <ele>8.6</ele>
    <time>2026-04-19T17:33:16Z</time>
    <extensions>
     <power>145</power>
     <gpxtpx:TrackPointExtension>
      <gpxtpx:hr>162</gpxtpx:hr>
     </gpxtpx:TrackPointExtension>
    </extensions>
   </trkpt>
   <trkpt lat="49.2684350" lon="-123.1101450">
    <ele>8.6</ele>
    <time>2026-04-19T17:33:17Z</time>
    <extensions>
     <power>145</power>
     <gpxtpx:TrackPointExtension>
      <gpxtpx:hr>163</gpxtpx:hr>
     </gpxtpx:TrackPointExtension>
    </extensions>
   </trkpt>
   <trkpt lat="49.2684330" lon="-123.1101230">
    <ele>8.6</ele>
    <time>2026-04-19T17:33:18Z</time>
    <extensions>
     <power>145</power>
     <gpxtpx:TrackPointExtension>
      <gpxtpx:hr>163</gpxtpx:hr>
     </gpxtpx:TrackPointExtension>
    </extensions>
   </trkpt>
   <trkpt lat="49.2684320" lon="-123.1101010">
    <ele>8.6</ele>
    <time>2026-04-19T17:33:19Z</time>
    <extensions>
     <power>147</power>
     <gpxtpx:TrackPointExtension>
      <gpxtpx:hr>163</gpxtpx:hr>
     </gpxtpx:TrackPointExtension>
    </extensions>
   </trkpt>
   <trkpt lat="49.2684290" lon="-123.1100540">
    <ele>8.6</ele>
    <time>2026-04-19T17:33:20Z</time>
    <extensions>
     <power>147</power>
     <gpxtpx:TrackPointExtension>
      <gpxtpx:hr>163</gpxtpx:hr>
     </gpxtpx:TrackPointExtension>
    </extensions>
   </trkpt>
   <trkpt lat="49.2684280" lon="-123.1100390">
    <ele>8.6</ele>
    <time>2026-04-19T17:33:21Z</time>
    <extensions>
     <power>148</power>
     <gpxtpx:TrackPointExtension>
      <gpxtpx:hr>163</gpxtpx:hr>
     </gpxtpx:TrackPointExtension>
    </extensions>
   </trkpt>
   <trkpt lat="49.2684250" lon="-123.1099840">
    <ele>8.6</ele>
    <time>2026-04-19T17:33:22Z</time>
    <extensions>
     <power>148</power>
     <gpxtpx:TrackPointExtension>
      <gpxtpx:hr>165</gpxtpx:hr>
     </gpxtpx:TrackPointExtension>
    </extensions>
   </trkpt>
   <trkpt lat="49.2684230" lon="-123.1099610">
    <ele>8.6</ele>
    <time>2026-04-19T17:33:23Z</time>
    <extensions>
     <power>148</power>
     <gpxtpx:TrackPointExtension>
      <gpxtpx:hr>165</gpxtpx:hr>
     </gpxtpx:TrackPointExtension>
    </extensions>
   </trkpt>
   <trkpt lat="49.2684220" lon="-123.1099390">
    <ele>8.6</ele>
    <time>2026-04-19T17:33:24Z</time>
    <extensions>
     <power>151</power>
     <gpxtpx:TrackPointExtension>
      <gpxtpx:hr>165</gpxtpx:hr>
     </gpxtpx:TrackPointExtension>
    </extensions>
   </trkpt>
   <trkpt lat="49.2684190" lon="-123.1098850">
    <ele>8.6</ele>
    <time>2026-04-19T17:33:25Z</time>
    <extensions>
     <power>151</power>
     <gpxtpx:TrackPointExtension>
      <gpxtpx:hr>165</gpxtpx:hr>
     </gpxtpx:TrackPointExtension>
    </extensions>
   </trkpt>
   <trkpt lat="49.2684180" lon="-123.1098650">
    <ele>8.6</ele>
    <time>2026-04-19T17:33:26Z</time>
    <extensions>
     <power>151</power>
     <gpxtpx:TrackPointExtension>
      <gpxtpx:hr>165</gpxtpx:hr>
     </gpxtpx:TrackPointExtension>
    </extensions>
   </trkpt>
   <trkpt lat="49.2684160" lon="-123.1098440">
    <ele>8.6</ele>
    <time>2026-04-19T17:33:27Z</time>
    <extensions>
     <power>148</power>
     <gpxtpx:TrackPointExtension>
      <gpxtpx:hr>165</gpxtpx:hr>
     </gpxtpx:TrackPointExtension>
    </extensions>
   </trkpt>
   <trkpt lat="49.2684130" lon="-123.1098000">
    <ele>8.8</ele>
    <time>2026-04-19T17:33:28Z</time>
    <extensions>
     <power>148</power>
     <gpxtpx:TrackPointExtension>
      <gpxtpx:hr>165</gpxtpx:hr>
     </gpxtpx:TrackPointExtension>
    </extensions>
   </trkpt>
   <trkpt lat="49.2684110" lon="-123.1097860">
    <ele>8.8</ele>
    <time>2026-04-19T17:33:29Z</time>
    <extensions>
     <power>149</power>
     <gpxtpx:TrackPointExtension>
      <gpxtpx:hr>165</gpxtpx:hr>
     </gpxtpx:TrackPointExtension>
    </extensions>
   </trkpt>
   <trkpt lat="49.2684070" lon="-123.1097350">
    <ele>8.8</ele>
    <time>2026-04-19T17:33:30Z</time>
    <extensions>
     <power>149</power>
     <gpxtpx:TrackPointExtension>
      <gpxtpx:hr>166</gpxtpx:hr>
     </gpxtpx:TrackPointExtension>
    </extensions>
   </trkpt>
   <trkpt lat="49.2684040" lon="-123.1097130">
    <ele>8.8</ele>
    <time>2026-04-19T17:33:31Z</time>
    <extensions>
     <power>149</power>
     <gpxtpx:TrackPointExtension>
      <gpxtpx:hr>166</gpxtpx:hr>
     </gpxtpx:TrackPointExtension>
    </extensions>
   </trkpt>
   <trkpt lat="49.2684020" lon="-123.1096920">
    <ele>8.8</ele>
    <time>2026-04-19T17:33:32Z</time>
    <extensions>
     <power>142</power>
     <gpxtpx:TrackPointExtension>
      <gpxtpx:hr>166</gpxtpx:hr>
     </gpxtpx:TrackPointExtension>
    </extensions>
   </trkpt>
   <trkpt lat="49.2683950" lon="-123.1096450">
    <ele>8.8</ele>
    <time>2026-04-19T17:33:33Z</time>
    <extensions>
     <power>142</power>
     <gpxtpx:TrackPointExtension>
      <gpxtpx:hr>166</gpxtpx:hr>
     </gpxtpx:TrackPointExtension>
    </extensions>
   </trkpt>
   <trkpt lat="49.2683920" lon="-123.1096300">
    <ele>8.8</ele>
    <time>2026-04-19T17:33:34Z</time>
    <extensions>
     <power>157</power>
     <gpxtpx:TrackPointExtension>
      <gpxtpx:hr>166</gpxtpx:hr>
     </gpxtpx:TrackPointExtension>
    </extensions>
   </trkpt>
   <trkpt lat="49.2683810" lon="-123.1095810">
    <ele>8.8</ele>
    <time>2026-04-19T17:33:35Z</time>
    <extensions>
     <power>157</power>
     <gpxtpx:TrackPointExtension>
      <gpxtpx:hr>166</gpxtpx:hr>
     </gpxtpx:TrackPointExtension>
    </extensions>
   </trkpt>
   <trkpt lat="49.2683750" lon="-123.1095620">
    <ele>8.8</ele>
    <time>2026-04-19T17:33:36Z</time>
    <extensions>
     <power>157</power>
     <gpxtpx:TrackPointExtension>
      <gpxtpx:hr>166</gpxtpx:hr>
     </gpxtpx:TrackPointExtension>
    </extensions>
   </trkpt>
   <trkpt lat="49.2683700" lon="-123.1095430">
    <ele>8.8</ele>
    <time>2026-04-19T17:33:37Z</time>
    <extensions>
     <power>157</power>
     <gpxtpx:TrackPointExtension>
      <gpxtpx:hr>166</gpxtpx:hr>
     </gpxtpx:TrackPointExtension>
    </extensions>
   </trkpt>
   <trkpt lat="49.2683540" lon="-123.1095060">
    <ele>8.8</ele>
    <time>2026-04-19T17:33:38Z</time>
    <extensions>
     <power>157</power>
     <gpxtpx:TrackPointExtension>
      <gpxtpx:hr>166</gpxtpx:hr>
     </gpxtpx:TrackPointExtension>
    </extensions>
   </trkpt>
   <trkpt lat="49.2683480" lon="-123.1094950">
    <ele>9.0</ele>
    <time>2026-04-19T17:33:39Z</time>
    <extensions>
     <power>151</power>
     <gpxtpx:TrackPointExtension>
      <gpxtpx:hr>167</gpxtpx:hr>
     </gpxtpx:TrackPointExtension>
    </extensions>
   </trkpt>
   <trkpt lat="49.2683230" lon="-123.1094610">
    <ele>9.0</ele>
    <time>2026-04-19T17:33:40Z</time>
    <extensions>
     <power>151</power>
     <gpxtpx:TrackPointExtension>
      <gpxtpx:hr>167</gpxtpx:hr>
     </gpxtpx:TrackPointExtension>
    </extensions>
   </trkpt>
   <trkpt lat="49.2683130" lon="-123.1094500">
    <ele>9.0</ele>
    <time>2026-04-19T17:33:41Z</time>
    <extensions>
     <power>151</power>
     <gpxtpx:TrackPointExtension>
      <gpxtpx:hr>167</gpxtpx:hr>
     </gpxtpx:TrackPointExtension>
    </extensions>
   </trkpt>
   <trkpt lat="49.2683020" lon="-123.1094380">
    <ele>9.0</ele>
    <time>2026-04-19T17:33:42Z</time>
    <extensions>
     <power>150</power>
     <gpxtpx:TrackPointExtension>
      <gpxtpx:hr>167</gpxtpx:hr>
     </gpxtpx:TrackPointExtension>
    </extensions>
   </trkpt>
   <trkpt lat="49.2682750" lon="-123.1094200">
    <ele>9.0</ele>
    <time>2026-04-19T17:33:43Z</time>
    <extensions>
     <power>150</power>
     <gpxtpx:TrackPointExtension>
      <gpxtpx:hr>167</gpxtpx:hr>
     </gpxtpx:TrackPointExtension>
    </extensions>
   </trkpt>
   <trkpt lat="49.2682660" lon="-123.1094150">
    <ele>9.0</ele>
    <time>2026-04-19T17:33:44Z</time>
    <extensions>
     <power>150</power>
     <gpxtpx:TrackPointExtension>
      <gpxtpx:hr>168</gpxtpx:hr>
     </gpxtpx:TrackPointExtension>
    </extensions>
   </trkpt>
   <trkpt lat="49.2682350" lon="-123.1094030">
    <ele>9.0</ele>
    <time>2026-04-19T17:33:45Z</time>
    <extensions>
     <power>150</power>
     <gpxtpx:TrackPointExtension>
      <gpxtpx:hr>168</gpxtpx:hr>
     </gpxtpx:TrackPointExtension>
    </extensions>
   </trkpt>
   <trkpt lat="49.2682230" lon="-123.1094000">
    <ele>9.2</ele>
    <time>2026-04-19T17:33:46Z</time>
    <extensions>
     <power>150</power>
     <gpxtpx:TrackPointExtension>
      <gpxtpx:hr>167</gpxtpx:hr>
     </gpxtpx:TrackPointExtension>
    </extensions>
   </trkpt>
   <trkpt lat="49.2682100" lon="-123.1093960">
    <ele>9.2</ele>
    <time>2026-04-19T17:33:47Z</time>
    <extensions>
     <power>148</power>
     <gpxtpx:TrackPointExtension>
      <gpxtpx:hr>167</gpxtpx:hr>
     </gpxtpx:TrackPointExtension>
    </extensions>
   </trkpt>
   <trkpt lat="49.2681780" lon="-123.1093890">
    <ele>9.2</ele>
    <time>2026-04-19T17:33:48Z</time>
    <extensions>
     <power>148</power>
     <gpxtpx:TrackPointExtension>
      <gpxtpx:hr>167</gpxtpx:hr>
     </gpxtpx:TrackPointExtension>
    </extensions>
   </trkpt>
   <trkpt lat="49.2681650" lon="-123.1093870">
    <ele>9.2</ele>
    <time>2026-04-19T17:33:49Z</time>
    <extensions>
     <power>148</power>
     <gpxtpx:TrackPointExtension>
      <gpxtpx:hr>167</gpxtpx:hr>
     </gpxtpx:TrackPointExtension>
    </extensions>
   </trkpt>
   <trkpt lat="49.2681520" lon="-123.1093850">
    <ele>9.2</ele>
    <time>2026-04-19T17:33:50Z</time>
    <extensions>
     <power>148</power>
     <gpxtpx:TrackPointExtension>
      <gpxtpx:hr>166</gpxtpx:hr>
     </gpxtpx:TrackPointExtension>
    </extensions>
   </trkpt>
   <trkpt lat="49.2681230" lon="-123.1093840">
    <ele>9.2</ele>
    <time>2026-04-19T17:33:51Z</time>
    <extensions>
     <power>148</power>
     <gpxtpx:TrackPointExtension>
      <gpxtpx:hr>166</gpxtpx:hr>
     </gpxtpx:TrackPointExtension>
    </extensions>
   </trkpt>
   <trkpt lat="49.2681130" lon="-123.1093840">
    <ele>9.2</ele>
    <time>2026-04-19T17:33:52Z</time>
    <extensions>
     <power>147</power>
     <gpxtpx:TrackPointExtension>
      <gpxtpx:hr>166</gpxtpx:hr>
     </gpxtpx:TrackPointExtension>
    </extensions>
   </trkpt>
   <trkpt lat="49.2680810" lon="-123.1093860">
    <ele>9.4</ele>
    <time>2026-04-19T17:33:53Z</time>
    <extensions>
     <power>147</power>
     <gpxtpx:TrackPointExtension>
      <gpxtpx:hr>166</gpxtpx:hr>
     </gpxtpx:TrackPointExtension>
    </extensions>
   </trkpt>
   <trkpt lat="49.2680680" lon="-123.1093870">
    <ele>9.4</ele>
    <time>2026-04-19T17:33:54Z</time>
    <extensions>
     <power>147</power>
     <gpxtpx:TrackPointExtension>
      <gpxtpx:hr>166</gpxtpx:hr>
     </gpxtpx:TrackPointExtension>
    </extensions>
   </trkpt>
   <trkpt lat="49.2680550" lon="-123.1093870">
    <ele>9.4</ele>
    <time>2026-04-19T17:33:55Z</time>
    <extensions>
     <power>147</power>
     <gpxtpx:TrackPointExtension>
      <gpxtpx:hr>166</gpxtpx:hr>
     </gpxtpx:TrackPointExtension>
    </extensions>
   </trkpt>
   <trkpt lat="49.2680250" lon="-123.1093830">
    <ele>9.4</ele>
    <time>2026-04-19T17:33:56Z</time>
    <extensions>
     <power>147</power>
     <gpxtpx:TrackPointExtension>
      <gpxtpx:hr>167</gpxtpx:hr>
     </gpxtpx:TrackPointExtension>
    </extensions>
   </trkpt>
   <trkpt lat="49.2680140" lon="-123.1093820">
    <ele>9.4</ele>
    <time>2026-04-19T17:33:57Z</time>
    <extensions>
     <power>149</power>
     <gpxtpx:TrackPointExtension>
      <gpxtpx:hr>167</gpxtpx:hr>
     </gpxtpx:TrackPointExtension>
    </extensions>
   </trkpt>
   <trkpt lat="49.2679790" lon="-123.1093780">
    <ele>9.4</ele>
    <time>2026-04-19T17:33:58Z</time>
    <extensions>
     <power>149</power>
     <gpxtpx:TrackPointExtension>
      <gpxtpx:hr>167</gpxtpx:hr>
     </gpxtpx:TrackPointExtension>
    </extensions>
   </trkpt>
   <trkpt lat="49.2679660" lon="-123.1093760">
    <ele>9.6</ele>
    <time>2026-04-19T17:33:59Z</time>
    <extensions>
     <power>149</power>
     <gpxtpx:TrackPointExtension>
      <gpxtpx:hr>167</gpxtpx:hr>
     </gpxtpx:TrackPointExtension>
    </extensions>
   </trkpt>
   <trkpt lat="49.2679520" lon="-123.1093740">
    <ele>9.6</ele>
    <time>2026-04-19T17:34:00Z</time>
    <extensions>
     <power>149</power>
     <gpxtpx:TrackPointExtension>
      <gpxtpx:hr>167</gpxtpx:hr>
     </gpxtpx:TrackPointExtension>
    </extensions>
   </trkpt>
   <trkpt lat="49.2679210" lon="-123.1093690">
    <ele>9.6</ele>
    <time>2026-04-19T17:34:01Z</time>
    <extensions>
     <power>149</power>
     <gpxtpx:TrackPointExtension>
      <gpxtpx:hr>167</gpxtpx:hr>
     </gpxtpx:TrackPointExtension>
    </extensions>
   </trkpt>
   <trkpt lat="49.2679100" lon="-123.1093680">
    <ele>9.6</ele>
    <time>2026-04-19T17:34:02Z</time>
    <extensions>
     <power>148</power>
     <gpxtpx:TrackPointExtension>
      <gpxtpx:hr>166</gpxtpx:hr>
     </gpxtpx:TrackPointExtension>
    </extensions>
   </trkpt>
   <trkpt lat="49.2678720" lon="-123.1093610">
    <ele>9.6</ele>
    <time>2026-04-19T17:34:03Z</time>
    <extensions>
     <power>148</power>
     <gpxtpx:TrackPointExtension>
      <gpxtpx:hr>166</gpxtpx:hr>
     </gpxtpx:TrackPointExtension>
    </extensions>
   </trkpt>
   <trkpt lat="49.2678550" lon="-123.1093560">
    <ele>9.6</ele>
    <time>2026-04-19T17:34:04Z</time>
    <extensions>
     <power>148</power>
     <gpxtpx:TrackPointExtension>
      <gpxtpx:hr>166</gpxtpx:hr>
     </gpxtpx:TrackPointExtension>
    </extensions>
   </trkpt>
   <trkpt lat="49.2678390" lon="-123.1093520">
    <ele>9.8</ele>
    <time>2026-04-19T17:34:05Z</time>
    <extensions>
     <power>165</power>
     <gpxtpx:TrackPointExtension>
      <gpxtpx:hr>166</gpxtpx:hr>
     </gpxtpx:TrackPointExtension>
    </extensions>
   </trkpt>
   <trkpt lat="49.2678020" lon="-123.1093430">
    <ele>9.8</ele>
    <time>2026-04-19T17:34:06Z</time>
    <extensions>
     <power>165</power>
     <gpxtpx:TrackPointExtension>
      <gpxtpx:hr>166</gpxtpx:hr>
     </gpxtpx:TrackPointExtension>
    </extensions>
   </trkpt>
   <trkpt lat="49.2677890" lon="-123.1093410">
    <ele>9.8</ele>
    <time>2026-04-19T17:34:07Z</time>
    <extensions>
     <power>221</power>
     <gpxtpx:TrackPointExtension>
      <gpxtpx:hr>166</gpxtpx:hr>
     </gpxtpx:TrackPointExtension>
    </extensions>
   </trkpt>
   <trkpt lat="49.2677480" lon="-123.1093380">
    <ele>9.8</ele>
    <time>2026-04-19T17:34:08Z</time>
    <extensions>
     <power>221</power>
     <gpxtpx:TrackPointExtension>
      <gpxtpx:hr>166</gpxtpx:hr>
     </gpxtpx:TrackPointExtension>
    </extensions>
   </trkpt>
   <trkpt lat="49.2677320" lon="-123.1093370">
    <ele>10.0</ele>
    <time>2026-04-19T17:34:09Z</time>
    <extensions>
     <power>221</power>
     <gpxtpx:TrackPointExtension>
      <gpxtpx:hr>166</gpxtpx:hr>
     </gpxtpx:TrackPointExtension>
    </extensions>
   </trkpt>
   <trkpt lat="49.2677160" lon="-123.1093370">
    <ele>10.0</ele>
    <time>2026-04-19T17:34:10Z</time>
    <extensions>
     <power>198</power>
     <gpxtpx:TrackPointExtension>
      <gpxtpx:hr>165</gpxtpx:hr>
     </gpxtpx:TrackPointExtension>
    </extensions>
   </trkpt>
   <trkpt lat="49.2676740" lon="-123.1093380">
    <ele>10.0</ele>
    <time>2026-04-19T17:34:11Z</time>
    <extensions>
     <power>198</power>
     <gpxtpx:TrackPointExtension>
      <gpxtpx:hr>165</gpxtpx:hr>
     </gpxtpx:TrackPointExtension>
    </extensions>
   </trkpt>
   <trkpt lat="49.2676560" lon="-123.1093380">
    <ele>10.0</ele>
    <time>2026-04-19T17:34:12Z</time>
    <extensions>
     <power>198</power>
     <gpxtpx:TrackPointExtension>
      <gpxtpx:hr>165</gpxtpx:hr>
     </gpxtpx:TrackPointExtension>
    </extensions>
   </trkpt>
   <trkpt lat="49.2676390" lon="-123.1093390">
    <ele>10.2</ele>
    <time>2026-04-19T17:34:13Z</time>
    <extensions>
     <power>203</power>
     <gpxtpx:TrackPointExtension>
      <gpxtpx:hr>165</gpxtpx:hr>
     </gpxtpx:TrackPointExtension>
    </extensions>
   </trkpt>
   <trkpt lat="49.2675970" lon="-123.1093370">
    <ele>10.2</ele>
    <time>2026-04-19T17:34:14Z</time>
    <extensions>
     <power>203</power>
     <gpxtpx:TrackPointExtension>
      <gpxtpx:hr>165</gpxtpx:hr>
     </gpxtpx:TrackPointExtension>
    </extensions>
   </trkpt>
   <trkpt lat="49.2675830" lon="-123.1093370">
    <ele>10.2</ele>
    <time>2026-04-19T17:34:15Z</time>
    <extensions>
     <power>210</power>
     <gpxtpx:TrackPointExtension>
      <gpxtpx:hr>165</gpxtpx:hr>
     </gpxtpx:TrackPointExtension>
    </extensions>
   </trkpt>
   <trkpt lat="49.2675390" lon="-123.1093310">
    <ele>10.2</ele>
    <time>2026-04-19T17:34:16Z</time>
    <extensions>
     <power>210</power>
     <gpxtpx:TrackPointExtension>
      <gpxtpx:hr>165</gpxtpx:hr>
     </gpxtpx:TrackPointExtension>
    </extensions>
   </trkpt>
   <trkpt lat="49.2675210" lon="-123.1093280">
    <ele>10.2</ele>
    <time>2026-04-19T17:34:17Z</time>
    <extensions>
     <power>210</power>
     <gpxtpx:TrackPointExtension>
      <gpxtpx:hr>165</gpxtpx:hr>
     </gpxtpx:TrackPointExtension>
    </extensions>
   </trkpt>
   <trkpt lat="49.2675040" lon="-123.1093250">
    <ele>10.2</ele>
    <time>2026-04-19T17:34:18Z</time>
    <extensions>
     <power>209</power>
     <gpxtpx:TrackPointExtension>
      <gpxtpx:hr>165</gpxtpx:hr>
     </gpxtpx:TrackPointExtension>
    </extensions>
   </trkpt>
   <trkpt lat="49.2674640" lon="-123.1093200">
    <ele>10.2</ele>
    <time>2026-04-19T17:34:19Z</time>
    <extensions>
     <power>209</power>
     <gpxtpx:TrackPointExtension>
      <gpxtpx:hr>165</gpxtpx:hr>
     </gpxtpx:TrackPointExtension>
    </extensions>
   </trkpt>
   <trkpt lat="49.2674500" lon="-123.1093200">
    <ele>10.2</ele>
    <time>2026-04-19T17:34:20Z</time>
    <extensions>
     <power>209</power>
     <gpxtpx:TrackPointExtension>
      <gpxtpx:hr>165</gpxtpx:hr>
     </gpxtpx:TrackPointExtension>
    </extensions>
   </trkpt>
   <trkpt lat="49.2674060" lon="-123.1093180">
    <ele>10.2</ele>
    <time>2026-04-19T17:34:21Z</time>
    <extensions>
     <power>209</power>
     <gpxtpx:TrackPointExtension>
      <gpxtpx:hr>165</gpxtpx:hr>
     </gpxtpx:TrackPointExtension>
    </extensions>
   </trkpt>
   <trkpt lat="49.2673890" lon="-123.1093170">
    <ele>10.2</ele>
    <time>2026-04-19T17:34:22Z</time>
    <extensions>
     <power>209</power>
     <gpxtpx:TrackPointExtension>
      <gpxtpx:hr>165</gpxtpx:hr>
     </gpxtpx:TrackPointExtension>
    </extensions>
   </trkpt>
   <trkpt lat="49.2673720" lon="-123.1093160">
    <ele>10.4</ele>
    <time>2026-04-19T17:34:23Z</time>
    <extensions>
     <power>208</power>
     <gpxtpx:TrackPointExtension>
      <gpxtpx:hr>165</gpxtpx:hr>
     </gpxtpx:TrackPointExtension>
    </extensions>
   </trkpt>
   <trkpt lat="49.2673360" lon="-123.1093180">
    <ele>10.4</ele>
    <time>2026-04-19T17:34:24Z</time>
    <extensions>
     <power>208</power>
     <gpxtpx:TrackPointExtension>
      <gpxtpx:hr>168</gpxtpx:hr>
     </gpxtpx:TrackPointExtension>
    </extensions>
   </trkpt>
   <trkpt lat="49.2673230" lon="-123.1093190">
    <ele>10.4</ele>
    <time>2026-04-19T17:34:25Z</time>
    <extensions>
     <power>206</power>
     <gpxtpx:TrackPointExtension>
      <gpxtpx:hr>168</gpxtpx:hr>
     </gpxtpx:TrackPointExtension>
    </extensions>
   </trkpt>
   <trkpt lat="49.2672810" lon="-123.1093230">
    <ele>10.4</ele>
    <time>2026-04-19T17:34:26Z</time>
    <extensions>
     <power>206</power>
     <gpxtpx:TrackPointExtension>
      <gpxtpx:hr>168</gpxtpx:hr>
     </gpxtpx:TrackPointExtension>
    </extensions>
   </trkpt>
   <trkpt lat="49.2672640" lon="-123.1093250">
    <ele>10.4</ele>
    <time>2026-04-19T17:34:27Z</time>
    <extensions>
     <power>206</power>
     <gpxtpx:TrackPointExtension>
      <gpxtpx:hr>168</gpxtpx:hr>
     </gpxtpx:TrackPointExtension>
    </extensions>
   </trkpt>
   <trkpt lat="49.2672470" lon="-123.1093260">
    <ele>10.4</ele>
    <time>2026-04-19T17:34:28Z</time>
    <extensions>
     <power>203</power>
     <gpxtpx:TrackPointExtension>
      <gpxtpx:hr>168</gpxtpx:hr>
     </gpxtpx:TrackPointExtension>
    </extensions>
   </trkpt>
   <trkpt lat="49.2672100" lon="-123.1093280">
    <ele>10.4</ele>
    <time>2026-04-19T17:34:29Z</time>
    <extensions>
     <power>203</power>
     <gpxtpx:TrackPointExtension>
      <gpxtpx:hr>168</gpxtpx:hr>
     </gpxtpx:TrackPointExtension>
    </extensions>
   </trkpt>
   <trkpt lat="49.2671970" lon="-123.1093290">
    <ele>10.6</ele>
    <time>2026-04-19T17:34:30Z</time>
    <extensions>
     <power>200</power>
     <gpxtpx:TrackPointExtension>
      <gpxtpx:hr>168</gpxtpx:hr>
     </gpxtpx:TrackPointExtension>
    </extensions>
   </trkpt>
   <trkpt lat="49.2671590" lon="-123.1093300">
    <ele>10.6</ele>
    <time>2026-04-19T17:34:31Z</time>
    <extensions>
     <power>200</power>
     <gpxtpx:TrackPointExtension>
      <gpxtpx:hr>168</gpxtpx:hr>
     </gpxtpx:TrackPointExtension>
    </extensions>
   </trkpt>
   <trkpt lat="49.2671430" lon="-123.1093310">
    <ele>10.6</ele>
    <time>2026-04-19T17:34:32Z</time>
    <extensions>
     <power>200</power>
     <gpxtpx:TrackPointExtension>
      <gpxtpx:hr>168</gpxtpx:hr>
     </gpxtpx:TrackPointExtension>
    </extensions>
   </trkpt>
   <trkpt lat="49.2671280" lon="-123.1093310">
    <ele>10.6</ele>
    <time>2026-04-19T17:34:33Z</time>
    <extensions>
     <power>198</power>
     <gpxtpx:TrackPointExtension>
      <gpxtpx:hr>168</gpxtpx:hr>
     </gpxtpx:TrackPointExtension>
    </extensions>
   </trkpt>
   <trkpt lat="49.2670880" lon="-123.1093320">
    <ele>10.6</ele>
    <time>2026-04-19T17:34:34Z</time>
    <extensions>
     <power>198</power>
     <gpxtpx:TrackPointExtension>
      <gpxtpx:hr>167</gpxtpx:hr>
     </gpxtpx:TrackPointExtension>
    </extensions>
   </trkpt>
   <trkpt lat="49.2670730" lon="-123.1093340">
    <ele>10.8</ele>
    <time>2026-04-19T17:34:35Z</time>
    <extensions>
     <power>198</power>
     <gpxtpx:TrackPointExtension>
      <gpxtpx:hr>167</gpxtpx:hr>
     </gpxtpx:TrackPointExtension>
    </extensions>
   </trkpt>
   <trkpt lat="49.2670570" lon="-123.1093350">
    <ele>10.8</ele>
    <time>2026-04-19T17:34:36Z</time>
    <extensions>
     <power>198</power>
     <gpxtpx:TrackPointExtension>
      <gpxtpx:hr>167</gpxtpx:hr>
     </gpxtpx:TrackPointExtension>
    </extensions>
   </trkpt>
   <trkpt lat="49.2670220" lon="-123.1093410">
    <ele>10.8</ele>
    <time>2026-04-19T17:34:37Z</time>
    <extensions>
     <power>198</power>
     <gpxtpx:TrackPointExtension>
      <gpxtpx:hr>168</gpxtpx:hr>
     </gpxtpx:TrackPointExtension>
    </extensions>
   </trkpt>
   <trkpt lat="49.2670100" lon="-123.1093430">
    <ele>11.0</ele>
    <time>2026-04-19T17:34:38Z</time>
    <extensions>
     <power>197</power>
     <gpxtpx:TrackPointExtension>
      <gpxtpx:hr>168</gpxtpx:hr>
     </gpxtpx:TrackPointExtension>
    </extensions>
   </trkpt>
   <trkpt lat="49.2669720" lon="-123.1093530">
    <ele>11.0</ele>
    <time>2026-04-19T17:34:39Z</time>
    <extensions>
     <power>197</power>
     <gpxtpx:TrackPointExtension>
      <gpxtpx:hr>168</gpxtpx:hr>
     </gpxtpx:TrackPointExtension>
    </extensions>
   </trkpt>
   <trkpt lat="49.2669570" lon="-123.1093570">
    <ele>11.0</ele>
    <time>2026-04-19T17:34:40Z</time>
    <extensions>
     <power>197</power>
     <gpxtpx:TrackPointExtension>
      <gpxtpx:hr>168</gpxtpx:hr>
     </gpxtpx:TrackPointExtension>
    </extensions>
   </trkpt>
   <trkpt lat="49.2669410" lon="-123.1093610">
    <ele>11.0</ele>
    <time>2026-04-19T17:34:41Z</time>
    <extensions>
     <power>198</power>
     <gpxtpx:TrackPointExtension>
      <gpxtpx:hr>168</gpxtpx:hr>
     </gpxtpx:TrackPointExtension>
    </extensions>
   </trkpt>
   <trkpt lat="49.2669050" lon="-123.1093630">
    <ele>11.0</ele>
    <time>2026-04-19T17:34:42Z</time>
    <extensions>
     <power>198</power>
     <gpxtpx:TrackPointExtension>
      <gpxtpx:hr>168</gpxtpx:hr>
     </gpxtpx:TrackPointExtension>
    </extensions>
   </trkpt>
   <trkpt lat="49.2668930" lon="-123.1093630">
    <ele>11.0</ele>
    <time>2026-04-19T17:34:43Z</time>
    <extensions>
     <power>196</power>
     <gpxtpx:TrackPointExtension>
      <gpxtpx:hr>168</gpxtpx:hr>
     </gpxtpx:TrackPointExtension>
    </extensions>
   </trkpt>
   <trkpt lat="49.2668550" lon="-123.1093580">
    <ele>11.2</ele>
    <time>2026-04-19T17:34:44Z</time>
    <extensions>
     <power>196</power>
     <gpxtpx:TrackPointExtension>
      <gpxtpx:hr>168</gpxtpx:hr>
     </gpxtpx:TrackPointExtension>
    </extensions>
   </trkpt>
   <trkpt lat="49.2668390" lon="-123.1093570">
    <ele>11.2</ele>
    <time>2026-04-19T17:34:45Z</time>
    <extensions>
     <power>196</power>
     <gpxtpx:TrackPointExtension>
      <gpxtpx:hr>168</gpxtpx:hr>
     </gpxtpx:TrackPointExtension>
    </extensions>
   </trkpt>
   <trkpt lat="49.2668240" lon="-123.1093550">
    <ele>11.2</ele>
    <time>2026-04-19T17:34:46Z</time>
    <extensions>
     <power>194</power>
     <gpxtpx:TrackPointExtension>
      <gpxtpx:hr>168</gpxtpx:hr>
     </gpxtpx:TrackPointExtension>
    </extensions>
   </trkpt>
   <trkpt lat="49.2667930" lon="-123.1093510">
    <ele>11.2</ele>
    <time>2026-04-19T17:34:47Z</time>
    <extensions>
     <power>194</power>
     <gpxtpx:TrackPointExtension>
      <gpxtpx:hr>168</gpxtpx:hr>
     </gpxtpx:TrackPointExtension>
    </extensions>
   </trkpt>
   <trkpt lat="49.2667830" lon="-123.1093510">
    <ele>11.2</ele>
    <time>2026-04-19T17:34:48Z</time>
    <extensions>
     <power>189</power>
     <gpxtpx:TrackPointExtension>
      <gpxtpx:hr>168</gpxtpx:hr>
     </gpxtpx:TrackPointExtension>
    </extensions>
   </trkpt>
   <trkpt lat="49.2667510" lon="-123.1093480">
    <ele>11.2</ele>
    <time>2026-04-19T17:34:49Z</time>
    <extensions>
     <power>189</power>
     <gpxtpx:TrackPointExtension>
      <gpxtpx:hr>168</gpxtpx:hr>
     </gpxtpx:TrackPointExtension>
    </extensions>
   </trkpt>
   <trkpt lat="49.2667370" lon="-123.1093470">
    <ele>11.2</ele>
    <time>2026-04-19T17:34:50Z</time>
    <extensions>
     <power>189</power>
     <gpxtpx:TrackPointExtension>
      <gpxtpx:hr>168</gpxtpx:hr>
     </gpxtpx:TrackPointExtension>
    </extensions>
   </trkpt>
   <trkpt lat="49.2667240" lon="-123.1093450">
    <ele>11.2</ele>
    <time>2026-04-19T17:34:51Z</time>
    <extensions>
     <power>187</power>
     <gpxtpx:TrackPointExtension>
      <gpxtpx:hr>168</gpxtpx:hr>
     </gpxtpx:TrackPointExtension>
    </extensions>
   </trkpt>
   <trkpt lat="49.2666930" lon="-123.1093390">
    <ele>11.4</ele>
    <time>2026-04-19T17:34:52Z</time>
    <extensions>
     <power>187</power>
     <gpxtpx:TrackPointExtension>
      <gpxtpx:hr>168</gpxtpx:hr>
     </gpxtpx:TrackPointExtension>
    </extensions>
   </trkpt>
   <trkpt lat="49.2666820" lon="-123.1093370">
    <ele>11.4</ele>
    <time>2026-04-19T17:34:53Z</time>
    <extensions>
     <power>184</power>
     <gpxtpx:TrackPointExtension>
      <gpxtpx:hr>168</gpxtpx:hr>
     </gpxtpx:TrackPointExtension>
    </extensions>
   </trkpt>
   <trkpt lat="49.2666470" lon="-123.1093390">
    <ele>11.4</ele>
    <time>2026-04-19T17:34:54Z</time>
    <extensions>
     <power>184</power>
     <gpxtpx:TrackPointExtension>
      <gpxtpx:hr>168</gpxtpx:hr>
     </gpxtpx:TrackPointExtension>
    </extensions>
   </trkpt>
   <trkpt lat="49.2666310" lon="-123.1093410">
    <ele>11.4</ele>
    <time>2026-04-19T17:34:55Z</time>
    <extensions>
     <power>184</power>
     <gpxtpx:TrackPointExtension>
      <gpxtpx:hr>168</gpxtpx:hr>
     </gpxtpx:TrackPointExtension>
    </extensions>
   </trkpt>
   <trkpt lat="49.2666160" lon="-123.1093440">
    <ele>11.4</ele>
    <time>2026-04-19T17:34:56Z</time>
    <extensions>
     <power>187</power>
     <gpxtpx:TrackPointExtension>
      <gpxtpx:hr>168</gpxtpx:hr>
     </gpxtpx:TrackPointExtension>
    </extensions>
   </trkpt>
   <trkpt lat="49.2665770" lon="-123.1093470">
    <ele>11.4</ele>
    <time>2026-04-19T17:34:57Z</time>
    <extensions>
     <power>187</power>
     <gpxtpx:TrackPointExtension>
      <gpxtpx:hr>169</gpxtpx:hr>
     </gpxtpx:TrackPointExtension>
    </extensions>
   </trkpt>
   <trkpt lat="49.2665630" lon="-123.1093480">
    <ele>11.4</ele>
    <time>2026-04-19T17:34:58Z</time>
    <extensions>
     <power>187</power>
     <gpxtpx:TrackPointExtension>
      <gpxtpx:hr>169</gpxtpx:hr>
     </gpxtpx:TrackPointExtension>
    </extensions>
   </trkpt>
   <trkpt lat="49.2665480" lon="-123.1093480">
    <ele>11.4</ele>
    <time>2026-04-19T17:34:59Z</time>
    <extensions>
     <power>186</power>
     <gpxtpx:TrackPointExtension>
      <gpxtpx:hr>169</gpxtpx:hr>
     </gpxtpx:TrackPointExtension>
    </extensions>
   </trkpt>
   <trkpt lat="49.2665160" lon="-123.1093430">
    <ele>11.4</ele>
    <time>2026-04-19T17:35:00Z</time>
    <extensions>
     <power>186</power>
     <gpxtpx:TrackPointExtension>
      <gpxtpx:hr>169</gpxtpx:hr>
     </gpxtpx:TrackPointExtension>
    </extensions>
   </trkpt>
   <trkpt lat="49.2665060" lon="-123.1093410">
    <ele>11.4</ele>
    <time>2026-04-19T17:35:01Z</time>
    <extensions>
     <power>186</power>
     <gpxtpx:TrackPointExtension>
      <gpxtpx:hr>169</gpxtpx:hr>
     </gpxtpx:TrackPointExtension>
    </extensions>
   </trkpt>
   <trkpt lat="49.2664710" lon="-123.1093320">
    <ele>11.6</ele>
    <time>2026-04-19T17:35:02Z</time>
    <extensions>
     <power>186</power>
     <gpxtpx:TrackPointExtension>
      <gpxtpx:hr>169</gpxtpx:hr>
     </gpxtpx:TrackPointExtension>
    </extensions>
   </trkpt>
   <trkpt lat="49.2664590" lon="-123.1093280">
    <ele>11.6</ele>
    <time>2026-04-19T17:35:03Z</time>
    <extensions>
     <power>186</power>
     <gpxtpx:TrackPointExtension>
      <gpxtpx:hr>171</gpxtpx:hr>
     </gpxtpx:TrackPointExtension>
    </extensions>
   </trkpt>
   <trkpt lat="49.2664460" lon="-123.1093250">
    <ele>11.6</ele>
    <time>2026-04-19T17:35:04Z</time>
    <extensions>
     <power>183</power>
     <gpxtpx:TrackPointExtension>
      <gpxtpx:hr>171</gpxtpx:hr>
     </gpxtpx:TrackPointExtension>
    </extensions>
   </trkpt>
   <trkpt lat="49.2664190" lon="-123.1093210">
    <ele>11.6</ele>
    <time>2026-04-19T17:35:05Z</time>
    <extensions>
     <power>183</power>
     <gpxtpx:TrackPointExtension>
      <gpxtpx:hr>171</gpxtpx:hr>
     </gpxtpx:TrackPointExtension>
    </extensions>
   </trkpt>
   <trkpt lat="49.2664100" lon="-123.1093200">
    <ele>11.6</ele>
    <time>2026-04-19T17:35:06Z</time>
    <extensions>
     <power>181</power>
     <gpxtpx:TrackPointExtension>
      <gpxtpx:hr>171</gpxtpx:hr>
     </gpxtpx:TrackPointExtension>
    </extensions>
   </trkpt>
   <trkpt lat="49.2663780" lon="-123.1093220">
    <ele>11.6</ele>
    <time>2026-04-19T17:35:07Z</time>
    <extensions>
     <power>181</power>
     <gpxtpx:TrackPointExtension>
      <gpxtpx:hr>171</gpxtpx:hr>
     </gpxtpx:TrackPointExtension>
    </extensions>
   </trkpt>
   <trkpt lat="49.2663650" lon="-123.1093230">
    <ele>11.6</ele>
    <time>2026-04-19T17:35:08Z</time>
    <extensions>
     <power>181</power>
     <gpxtpx:TrackPointExtension>
      <gpxtpx:hr>171</gpxtpx:hr>
     </gpxtpx:TrackPointExtension>
    </extensions>
   </trkpt>
   <trkpt lat="49.2663520" lon="-123.1093240">
    <ele>11.6</ele>
    <time>2026-04-19T17:35:09Z</time>
    <extensions>
     <power>177</power>
     <gpxtpx:TrackPointExtension>
      <gpxtpx:hr>173</gpxtpx:hr>
     </gpxtpx:TrackPointExtension>
    </extensions>
   </trkpt>
   <trkpt lat="49.2663200" lon="-123.1093210">
    <ele>11.8</ele>
    <time>2026-04-19T17:35:10Z</time>
    <extensions>
     <power>177</power>
     <gpxtpx:TrackPointExtension>
      <gpxtpx:hr>173</gpxtpx:hr>
     </gpxtpx:TrackPointExtension>
    </extensions>
   </trkpt>
   <trkpt lat="49.2663090" lon="-123.1093190">
    <ele>11.8</ele>
    <time>2026-04-19T17:35:11Z</time>
    <extensions>
     <power>177</power>
     <gpxtpx:TrackPointExtension>
      <gpxtpx:hr>173</gpxtpx:hr>
     </gpxtpx:TrackPointExtension>
    </extensions>
   </trkpt>
   <trkpt lat="49.2662730" lon="-123.1093160">
    <ele>11.8</ele>
    <time>2026-04-19T17:35:12Z</time>
    <extensions>
     <power>177</power>
     <gpxtpx:TrackPointExtension>
      <gpxtpx:hr>173</gpxtpx:hr>
     </gpxtpx:TrackPointExtension>
    </extensions>
   </trkpt>
   <trkpt lat="49.2662590" lon="-123.1093160">
    <ele>11.8</ele>
    <time>2026-04-19T17:35:13Z</time>
    <extensions>
     <power>177</power>
     <gpxtpx:TrackPointExtension>
      <gpxtpx:hr>174</gpxtpx:hr>
     </gpxtpx:TrackPointExtension>
    </extensions>
   </trkpt>
   <trkpt lat="49.2662450" lon="-123.1093160">
    <ele>12.0</ele>
    <time>2026-04-19T17:35:14Z</time>
    <extensions>
     <power>176</power>
     <gpxtpx:TrackPointExtension>
      <gpxtpx:hr>174</gpxtpx:hr>
     </gpxtpx:TrackPointExtension>
    </extensions>
   </trkpt>
   <trkpt lat="49.2662100" lon="-123.1093160">
    <ele>12.0</ele>
    <time>2026-04-19T17:35:15Z</time>
    <extensions>
     <power>176</power>
     <gpxtpx:TrackPointExtension>
      <gpxtpx:hr>174</gpxtpx:hr>
     </gpxtpx:TrackPointExtension>
    </extensions>
   </trkpt>
   <trkpt lat="49.2661970" lon="-123.1093160">
    <ele>12.0</ele>
    <time>2026-04-19T17:35:16Z</time>
    <extensions>
     <power>180</power>
     <gpxtpx:TrackPointExtension>
      <gpxtpx:hr>174</gpxtpx:hr>
     </gpxtpx:TrackPointExtension>
    </extensions>
   </trkpt>
   <trkpt lat="49.2661540" lon="-123.1093170">
    <ele>12.2</ele>
    <time>2026-04-19T17:35:17Z</time>
    <extensions>
     <power>180</power>
     <gpxtpx:TrackPointExtension>
      <gpxtpx:hr>174</gpxtpx:hr>
     </gpxtpx:TrackPointExtension>
    </extensions>
   </trkpt>
   <trkpt lat="49.2661360" lon="-123.1093180">
    <ele>12.2</ele>
    <time>2026-04-19T17:35:18Z</time>
    <extensions>
     <power>180</power>
     <gpxtpx:TrackPointExtension>
      <gpxtpx:hr>175</gpxtpx:hr>
     </gpxtpx:TrackPointExtension>
    </extensions>
   </trkpt>
   <trkpt lat="49.2661190" lon="-123.1093200">
    <ele>12.2</ele>
    <time>2026-04-19T17:35:19Z</time>
    <extensions>
     <power>184</power>
     <gpxtpx:TrackPointExtension>
      <gpxtpx:hr>175</gpxtpx:hr>
     </gpxtpx:TrackPointExtension>
    </extensions>
   </trkpt>
   <trkpt lat="49.2660790" lon="-123.1093210">
    <ele>12.4</ele>
    <time>2026-04-19T17:35:20Z</time>
    <extensions>
     <power>184</power>
     <gpxtpx:TrackPointExtension>
      <gpxtpx:hr>175</gpxtpx:hr>
     </gpxtpx:TrackPointExtension>
    </extensions>
   </trkpt>
   <trkpt lat="49.2660630" lon="-123.1093200">
    <ele>12.4</ele>
    <time>2026-04-19T17:35:21Z</time>
    <extensions>
     <power>184</power>
     <gpxtpx:TrackPointExtension>
      <gpxtpx:hr>175</gpxtpx:hr>
     </gpxtpx:TrackPointExtension>
    </extensions>
   </trkpt>
   <trkpt lat="49.2660470" lon="-123.1093190">
    <ele>12.4</ele>
    <time>2026-04-19T17:35:22Z</time>
    <extensions>
     <power>189</power>
     <gpxtpx:TrackPointExtension>
      <gpxtpx:hr>175</gpxtpx:hr>
     </gpxtpx:TrackPointExtension>
    </extensions>
   </trkpt>
   <trkpt lat="49.2660130" lon="-123.1093090">
    <ele>12.6</ele>
    <time>2026-04-19T17:35:23Z</time>
    <extensions>
     <power>189</power>
     <gpxtpx:TrackPointExtension>
      <gpxtpx:hr>175</gpxtpx:hr>
     </gpxtpx:TrackPointExtension>
    </extensions>
   </trkpt>
   <trkpt lat="49.2660010" lon="-123.1093060">
    <ele>12.6</ele>
    <time>2026-04-19T17:35:24Z</time>
    <extensions>
     <power>190</power>
     <gpxtpx:TrackPointExtension>
      <gpxtpx:hr>175</gpxtpx:hr>
     </gpxtpx:TrackPointExtension>
    </extensions>
   </trkpt>
   <trkpt lat="49.2659630" lon="-123.1093010">
    <ele>12.6</ele>
    <time>2026-04-19T17:35:25Z</time>
    <extensions>
     <power>190</power>
     <gpxtpx:TrackPointExtension>
      <gpxtpx:hr>175</gpxtpx:hr>
     </gpxtpx:TrackPointExtension>
    </extensions>
   </trkpt>
   <trkpt lat="49.2659470" lon="-123.1093010">
    <ele>12.8</ele>
    <time>2026-04-19T17:35:26Z</time>
    <extensions>
     <power>190</power>
     <gpxtpx:TrackPointExtension>
      <gpxtpx:hr>175</gpxtpx:hr>
     </gpxtpx:TrackPointExtension>
    </extensions>
   </trkpt>
   <trkpt lat="49.2659310" lon="-123.1093010">
    <ele>12.8</ele>
    <time>2026-04-19T17:35:27Z</time>
    <extensions>
     <power>191</power>
     <gpxtpx:TrackPointExtension>
      <gpxtpx:hr>175</gpxtpx:hr>
     </gpxtpx:TrackPointExtension>
    </extensions>
   </trkpt>
   <trkpt lat="49.2658960" lon="-123.1093000">
    <ele>12.8</ele>
    <time>2026-04-19T17:35:28Z</time>
    <extensions>
     <power>191</power>
     <gpxtpx:TrackPointExtension>
      <gpxtpx:hr>175</gpxtpx:hr>
     </gpxtpx:TrackPointExtension>
    </extensions>
   </trkpt>
   <trkpt lat="49.2658840" lon="-123.1093000">
    <ele>13.0</ele>
    <time>2026-04-19T17:35:29Z</time>
    <extensions>
     <power>191</power>
     <gpxtpx:TrackPointExtension>
      <gpxtpx:hr>175</gpxtpx:hr>
     </gpxtpx:TrackPointExtension>
    </extensions>
   </trkpt>
   <trkpt lat="49.2658470" lon="-123.1092990">
    <ele>13.0</ele>
    <time>2026-04-19T17:35:30Z</time>
    <extensions>
     <power>191</power>
     <gpxtpx:TrackPointExtension>
      <gpxtpx:hr>175</gpxtpx:hr>
     </gpxtpx:TrackPointExtension>
    </extensions>
   </trkpt>
   <trkpt lat="49.2658320" lon="-123.1092980">
    <ele>13.0</ele>
    <time>2026-04-19T17:35:31Z</time>
    <extensions>
     <power>191</power>
     <gpxtpx:TrackPointExtension>
      <gpxtpx:hr>175</gpxtpx:hr>
     </gpxtpx:TrackPointExtension>
    </extensions>
   </trkpt>
   <trkpt lat="49.2658180" lon="-123.1092980">
    <ele>13.0</ele>
    <time>2026-04-19T17:35:32Z</time>
    <extensions>
     <power>191</power>
     <gpxtpx:TrackPointExtension>
      <gpxtpx:hr>175</gpxtpx:hr>
     </gpxtpx:TrackPointExtension>
    </extensions>
   </trkpt>
   <trkpt lat="49.2657890" lon="-123.1092960">
    <ele>13.2</ele>
    <time>2026-04-19T17:35:33Z</time>
    <extensions>
     <power>191</power>
     <gpxtpx:TrackPointExtension>
      <gpxtpx:hr>175</gpxtpx:hr>
     </gpxtpx:TrackPointExtension>
    </extensions>
   </trkpt>
   <trkpt lat="49.2657790" lon="-123.1092950">
    <ele>13.2</ele>
    <time>2026-04-19T17:35:34Z</time>
    <extensions>
     <power>190</power>
     <gpxtpx:TrackPointExtension>
      <gpxtpx:hr>175</gpxtpx:hr>
     </gpxtpx:TrackPointExtension>
    </extensions>
   </trkpt>
   <trkpt lat="49.2657610" lon="-123.1092930">
    <ele>13.2</ele>
    <time>2026-04-19T17:35:35Z</time>
    <extensions>
     <power>190</power>
     <gpxtpx:TrackPointExtension>
      <gpxtpx:hr>175</gpxtpx:hr>
     </gpxtpx:TrackPointExtension>
    </extensions>
   </trkpt>
   <trkpt lat="49.2657460" lon="-123.1092910">
    <ele>13.4</ele>
    <time>2026-04-19T17:35:36Z</time>
    <extensions>
     <power>190</power>
     <gpxtpx:TrackPointExtension>
      <gpxtpx:hr>175</gpxtpx:hr>
     </gpxtpx:TrackPointExtension>
    </extensions>
   </trkpt>
   <trkpt lat="49.2657340" lon="-123.1092870">
    <ele>13.4</ele>
    <time>2026-04-19T17:35:37Z</time>
    <extensions>
     <power>176</power>
     <gpxtpx:TrackPointExtension>
      <gpxtpx:hr>175</gpxtpx:hr>
     </gpxtpx:TrackPointExtension>
    </extensions>
   </trkpt>
   <trkpt lat="49.2657270" lon="-123.1092520">
    <ele>13.4</ele>
    <time>2026-04-19T17:35:38Z</time>
    <extensions>
     <power>176</power>
     <gpxtpx:TrackPointExtension>
      <gpxtpx:hr>175</gpxtpx:hr>
     </gpxtpx:TrackPointExtension>
    </extensions>
   </trkpt>
   <trkpt lat="49.2657280" lon="-123.1092260">
    <ele>13.6</ele>
    <time>2026-04-19T17:35:39Z</time>
    <extensions>
     <power>183</power>
     <gpxtpx:TrackPointExtension>
      <gpxtpx:hr>176</gpxtpx:hr>
     </gpxtpx:TrackPointExtension>
    </extensions>
   </trkpt>
   <trkpt lat="49.2657280" lon="-123.1092010">
    <ele>13.6</ele>
    <time>2026-04-19T17:35:40Z</time>
    <extensions>
     <power>183</power>
     <gpxtpx:TrackPointExtension>
      <gpxtpx:hr>176</gpxtpx:hr>
     </gpxtpx:TrackPointExtension>
    </extensions>
   </trkpt>
   <trkpt lat="49.2657290" lon="-123.1091750">
    <ele>13.6</ele>
    <time>2026-04-19T17:35:41Z</time>
    <extensions>
     <power>183</power>
     <gpxtpx:TrackPointExtension>
      <gpxtpx:hr>175</gpxtpx:hr>
     </gpxtpx:TrackPointExtension>
    </extensions>
   </trkpt>
   <trkpt lat="49.2657290" lon="-123.1091500">
    <ele>13.8</ele>
    <time>2026-04-19T17:35:42Z</time>
    <extensions>
     <power>209</power>
     <gpxtpx:TrackPointExtension>
      <gpxtpx:hr>175</gpxtpx:hr>
     </gpxtpx:TrackPointExtension>
    </extensions>
   </trkpt>
   <trkpt lat="49.2657320" lon="-123.1090810">
    <ele>13.8</ele>
    <time>2026-04-19T17:35:43Z</time>
    <extensions>
     <power>209</power>
     <gpxtpx:TrackPointExtension>
      <gpxtpx:hr>175</gpxtpx:hr>
     </gpxtpx:TrackPointExtension>
    </extensions>
   </trkpt>
   <trkpt lat="49.2657320" lon="-123.1090550">
    <ele>13.8</ele>
    <time>2026-04-19T17:35:44Z</time>
    <extensions>
     <power>209</power>
     <gpxtpx:TrackPointExtension>
      <gpxtpx:hr>175</gpxtpx:hr>
     </gpxtpx:TrackPointExtension>
    </extensions>
   </trkpt>
   <trkpt lat="49.2657330" lon="-123.1090290">
    <ele>13.8</ele>
    <time>2026-04-19T17:35:45Z</time>
    <extensions>
     <power>204</power>
     <gpxtpx:TrackPointExtension>
      <gpxtpx:hr>175</gpxtpx:hr>
     </gpxtpx:TrackPointExtension>
    </extensions>
   </trkpt>
   <trkpt lat="49.2657310" lon="-123.1089740">
    <ele>13.8</ele>
    <time>2026-04-19T17:35:46Z</time>
    <extensions>
     <power>204</power>
     <gpxtpx:TrackPointExtension>
      <gpxtpx:hr>175</gpxtpx:hr>
     </gpxtpx:TrackPointExtension>
    </extensions>
   </trkpt>
   <trkpt lat="49.2657300" lon="-123.1089560">
    <ele>14.0</ele>
    <time>2026-04-19T17:35:47Z</time>
    <extensions>
     <power>201</power>
     <gpxtpx:TrackPointExtension>
      <gpxtpx:hr>175</gpxtpx:hr>
     </gpxtpx:TrackPointExtension>
    </extensions>
   </trkpt>
   <trkpt lat="49.2657250" lon="-123.1088960">
    <ele>14.0</ele>
    <time>2026-04-19T17:35:48Z</time>
    <extensions>
     <power>201</power>
     <gpxtpx:TrackPointExtension>
      <gpxtpx:hr>175</gpxtpx:hr>
     </gpxtpx:TrackPointExtension>
    </extensions>
   </trkpt>
   <trkpt lat="49.2657220" lon="-123.1088720">
    <ele>14.0</ele>
    <time>2026-04-19T17:35:49Z</time>
    <extensions>
     <power>201</power>
     <gpxtpx:TrackPointExtension>
      <gpxtpx:hr>174</gpxtpx:hr>
     </gpxtpx:TrackPointExtension>
    </extensions>
   </trkpt>
   <trkpt lat="49.2657200" lon="-123.1088470">
    <ele>14.0</ele>
    <time>2026-04-19T17:35:50Z</time>
    <extensions>
     <power>199</power>
     <gpxtpx:TrackPointExtension>
      <gpxtpx:hr>175</gpxtpx:hr>
     </gpxtpx:TrackPointExtension>
    </extensions>
   </trkpt>
   <trkpt lat="49.2657150" lon="-123.1087890">
    <ele>14.0</ele>
    <time>2026-04-19T17:35:51Z</time>
    <extensions>
     <power>199</power>
     <gpxtpx:TrackPointExtension>
      <gpxtpx:hr>175</gpxtpx:hr>
     </gpxtpx:TrackPointExtension>
    </extensions>
   </trkpt>
   <trkpt lat="49.2657140" lon="-123.1087700">
    <ele>14.0</ele>
    <time>2026-04-19T17:35:52Z</time>
    <extensions>
     <power>200</power>
     <gpxtpx:TrackPointExtension>
      <gpxtpx:hr>175</gpxtpx:hr>
     </gpxtpx:TrackPointExtension>
    </extensions>
   </trkpt>
   <trkpt lat="49.2657130" lon="-123.1087060">
    <ele>14.0</ele>
    <time>2026-04-19T17:35:53Z</time>
    <extensions>
     <power>200</power>
     <gpxtpx:TrackPointExtension>
      <gpxtpx:hr>175</gpxtpx:hr>
     </gpxtpx:TrackPointExtension>
    </extensions>
   </trkpt>
   <trkpt lat="49.2657130" lon="-123.1086820">
    <ele>14.0</ele>
    <time>2026-04-19T17:35:54Z</time>
    <extensions>
     <power>200</power>
     <gpxtpx:TrackPointExtension>
      <gpxtpx:hr>175</gpxtpx:hr>
     </gpxtpx:TrackPointExtension>
    </extensions>
   </trkpt>
   <trkpt lat="49.2657130" lon="-123.1086570">
    <ele>14.0</ele>
    <time>2026-04-19T17:35:55Z</time>
    <extensions>
     <power>199</power>
     <gpxtpx:TrackPointExtension>
      <gpxtpx:hr>175</gpxtpx:hr>
     </gpxtpx:TrackPointExtension>
    </extensions>
   </trkpt>
   <trkpt lat="49.2657120" lon="-123.1086040">
    <ele>14.0</ele>
    <time>2026-04-19T17:35:56Z</time>
    <extensions>
     <power>199</power>
     <gpxtpx:TrackPointExtension>
      <gpxtpx:hr>175</gpxtpx:hr>
     </gpxtpx:TrackPointExtension>
    </extensions>
   </trkpt>
   <trkpt lat="49.2657110" lon="-123.1085870">
    <ele>14.0</ele>
    <time>2026-04-19T17:35:57Z</time>
    <extensions>
     <power>198</power>
     <gpxtpx:TrackPointExtension>
      <gpxtpx:hr>175</gpxtpx:hr>
     </gpxtpx:TrackPointExtension>
    </extensions>
   </trkpt>
   <trkpt lat="49.2657100" lon="-123.1085250">
    <ele>14.0</ele>
    <time>2026-04-19T17:35:58Z</time>
    <extensions>
     <power>198</power>
     <gpxtpx:TrackPointExtension>
      <gpxtpx:hr>175</gpxtpx:hr>
     </gpxtpx:TrackPointExtension>
    </extensions>
   </trkpt>
   <trkpt lat="49.2657090" lon="-123.1084990">
    <ele>14.0</ele>
    <time>2026-04-19T17:35:59Z</time>
    <extensions>
     <power>198</power>
     <gpxtpx:TrackPointExtension>
      <gpxtpx:hr>175</gpxtpx:hr>
     </gpxtpx:TrackPointExtension>
    </extensions>
   </trkpt>
   <trkpt lat="49.2657090" lon="-123.1084740">
    <ele>14.2</ele>
    <time>2026-04-19T17:36:00Z</time>
    <extensions>
     <power>200</power>
     <gpxtpx:TrackPointExtension>
      <gpxtpx:hr>175</gpxtpx:hr>
     </gpxtpx:TrackPointExtension>
    </extensions>
   </trkpt>
   <trkpt lat="49.2657090" lon="-123.1084180">
    <ele>14.2</ele>
    <time>2026-04-19T17:36:01Z</time>
    <extensions>
     <power>200</power>
     <gpxtpx:TrackPointExtension>
      <gpxtpx:hr>175</gpxtpx:hr>
     </gpxtpx:TrackPointExtension>
    </extensions>
   </trkpt>
   <trkpt lat="49.2657080" lon="-123.1084000">
    <ele>14.2</ele>
    <time>2026-04-19T17:36:02Z</time>
    <extensions>
     <power>200</power>
     <gpxtpx:TrackPointExtension>
      <gpxtpx:hr>175</gpxtpx:hr>
     </gpxtpx:TrackPointExtension>
    </extensions>
   </trkpt>
   <trkpt lat="49.2657090" lon="-123.1083380">
    <ele>14.2</ele>
    <time>2026-04-19T17:36:03Z</time>
    <extensions>
     <power>200</power>
     <gpxtpx:TrackPointExtension>
      <gpxtpx:hr>175</gpxtpx:hr>
     </gpxtpx:TrackPointExtension>
    </extensions>
   </trkpt>
   <trkpt lat="49.2657110" lon="-123.1083150">
    <ele>14.2</ele>
    <time>2026-04-19T17:36:04Z</time>
    <extensions>
     <power>200</power>
     <gpxtpx:TrackPointExtension>
      <gpxtpx:hr>175</gpxtpx:hr>
     </gpxtpx:TrackPointExtension>
    </extensions>
   </trkpt>
   <trkpt lat="49.2657120" lon="-123.1082910">
    <ele>14.2</ele>
    <time>2026-04-19T17:36:05Z</time>
    <extensions>
     <power>200</power>
     <gpxtpx:TrackPointExtension>
      <gpxtpx:hr>175</gpxtpx:hr>
     </gpxtpx:TrackPointExtension>
    </extensions>
   </trkpt>
   <trkpt lat="49.2657160" lon="-123.1082310">
    <ele>14.2</ele>
    <time>2026-04-19T17:36:06Z</time>
    <extensions>
     <power>200</power>
     <gpxtpx:TrackPointExtension>
      <gpxtpx:hr>175</gpxtpx:hr>
     </gpxtpx:TrackPointExtension>
    </extensions>
   </trkpt>
   <trkpt lat="49.2657170" lon="-123.1082060">
    <ele>14.2</ele>
    <time>2026-04-19T17:36:07Z</time>
    <extensions>
     <power>200</power>
     <gpxtpx:TrackPointExtension>
      <gpxtpx:hr>175</gpxtpx:hr>
     </gpxtpx:TrackPointExtension>
    </extensions>
   </trkpt>
   <trkpt lat="49.2657180" lon="-123.1081820">
    <ele>14.4</ele>
    <time>2026-04-19T17:36:08Z</time>
    <extensions>
     <power>204</power>
     <gpxtpx:TrackPointExtension>
      <gpxtpx:hr>175</gpxtpx:hr>
     </gpxtpx:TrackPointExtension>
    </extensions>
   </trkpt>
   <trkpt lat="49.2657200" lon="-123.1081300">
    <ele>14.4</ele>
    <time>2026-04-19T17:36:09Z</time>
    <extensions>
     <power>204</power>
     <gpxtpx:TrackPointExtension>
      <gpxtpx:hr>175</gpxtpx:hr>
     </gpxtpx:TrackPointExtension>
    </extensions>
   </trkpt>
   <trkpt lat="49.2657200" lon="-123.1081130">
    <ele>14.4</ele>
    <time>2026-04-19T17:36:10Z</time>
    <extensions>
     <power>206</power>
     <gpxtpx:TrackPointExtension>
      <gpxtpx:hr>175</gpxtpx:hr>
     </gpxtpx:TrackPointExtension>
    </extensions>
   </trkpt>
   <trkpt lat="49.2657200" lon="-123.1080550">
    <ele>14.4</ele>
    <time>2026-04-19T17:36:11Z</time>
    <extensions>
     <power>206</power>
     <gpxtpx:TrackPointExtension>
      <gpxtpx:hr>175</gpxtpx:hr>
     </gpxtpx:TrackPointExtension>
    </extensions>
   </trkpt>
   <trkpt lat="49.2657200" lon="-123.1080330">
    <ele>14.4</ele>
    <time>2026-04-19T17:36:12Z</time>
    <extensions>
     <power>206</power>
     <gpxtpx:TrackPointExtension>
      <gpxtpx:hr>175</gpxtpx:hr>
     </gpxtpx:TrackPointExtension>
    </extensions>
   </trkpt>
   <trkpt lat="49.2657200" lon="-123.1080100">
    <ele>14.6</ele>
    <time>2026-04-19T17:36:13Z</time>
    <extensions>
     <power>211</power>
     <gpxtpx:TrackPointExtension>
      <gpxtpx:hr>176</gpxtpx:hr>
     </gpxtpx:TrackPointExtension>
    </extensions>
   </trkpt>
   <trkpt lat="49.2657200" lon="-123.1079600">
    <ele>14.6</ele>
    <time>2026-04-19T17:36:14Z</time>
    <extensions>
     <power>211</power>
     <gpxtpx:TrackPointExtension>
      <gpxtpx:hr>176</gpxtpx:hr>
     </gpxtpx:TrackPointExtension>
    </extensions>
   </trkpt>
   <trkpt lat="49.2657200" lon="-123.1079430">
    <ele>14.6</ele>
    <time>2026-04-19T17:36:15Z</time>
    <extensions>
     <power>213</power>
     <gpxtpx:TrackPointExtension>
      <gpxtpx:hr>176</gpxtpx:hr>
     </gpxtpx:TrackPointExtension>
    </extensions>
   </trkpt>
   <trkpt lat="49.2657190" lon="-123.1078880">
    <ele>14.6</ele>
    <time>2026-04-19T17:36:16Z</time>
    <extensions>
     <power>213</power>
     <gpxtpx:TrackPointExtension>
      <gpxtpx:hr>176</gpxtpx:hr>
     </gpxtpx:TrackPointExtension>
    </extensions>
   </trkpt>
   <trkpt lat="49.2657180" lon="-123.1078660">
    <ele>14.8</ele>
    <time>2026-04-19T17:36:17Z</time>
    <extensions>
     <power>213</power>
     <gpxtpx:TrackPointExtension>
      <gpxtpx:hr>176</gpxtpx:hr>
     </gpxtpx:TrackPointExtension>
    </extensions>
   </trkpt>
   <trkpt lat="49.2657180" lon="-123.1078440">
    <ele>14.8</ele>
    <time>2026-04-19T17:36:18Z</time>
    <extensions>
     <power>214</power>
     <gpxtpx:TrackPointExtension>
      <gpxtpx:hr>176</gpxtpx:hr>
     </gpxtpx:TrackPointExtension>
    </extensions>
   </trkpt>
   <trkpt lat="49.2657170" lon="-123.1077950">
    <ele>14.8</ele>
    <time>2026-04-19T17:36:19Z</time>
    <extensions>
     <power>214</power>
     <gpxtpx:TrackPointExtension>
      <gpxtpx:hr>176</gpxtpx:hr>
     </gpxtpx:TrackPointExtension>
    </extensions>
   </trkpt>
   <trkpt lat="49.2657160" lon="-123.1077790">
    <ele>14.8</ele>
    <time>2026-04-19T17:36:20Z</time>
    <extensions>
     <power>217</power>
     <gpxtpx:TrackPointExtension>
      <gpxtpx:hr>176</gpxtpx:hr>
     </gpxtpx:TrackPointExtension>
    </extensions>
   </trkpt>
   <trkpt lat="49.2657140" lon="-123.1077240">
    <ele>15.0</ele>
    <time>2026-04-19T17:36:21Z</time>
    <extensions>
     <power>217</power>
     <gpxtpx:TrackPointExtension>
      <gpxtpx:hr>176</gpxtpx:hr>
     </gpxtpx:TrackPointExtension>
    </extensions>
   </trkpt>
   <trkpt lat="49.2657130" lon="-123.1077030">
    <ele>15.0</ele>
    <time>2026-04-19T17:36:22Z</time>
    <extensions>
     <power>217</power>
     <gpxtpx:TrackPointExtension>
      <gpxtpx:hr>176</gpxtpx:hr>
     </gpxtpx:TrackPointExtension>
    </extensions>
   </trkpt>
   <trkpt lat="49.2657120" lon="-123.1076810">
    <ele>15.0</ele>
    <time>2026-04-19T17:36:23Z</time>
    <extensions>
     <power>223</power>
     <gpxtpx:TrackPointExtension>
      <gpxtpx:hr>176</gpxtpx:hr>
     </gpxtpx:TrackPointExtension>
    </extensions>
   </trkpt>
   <trkpt lat="49.2657100" lon="-123.1076300">
    <ele>15.0</ele>
    <time>2026-04-19T17:36:24Z</time>
    <extensions>
     <power>223</power>
     <gpxtpx:TrackPointExtension>
      <gpxtpx:hr>178</gpxtpx:hr>
     </gpxtpx:TrackPointExtension>
    </extensions>
   </trkpt>
   <trkpt lat="49.2657090" lon="-123.1076130">
    <ele>15.0</ele>
    <time>2026-04-19T17:36:25Z</time>
    <extensions>
     <power>249</power>
     <gpxtpx:TrackPointExtension>
      <gpxtpx:hr>178</gpxtpx:hr>
     </gpxtpx:TrackPointExtension>
    </extensions>
   </trkpt>
   <trkpt lat="49.2657060" lon="-123.1075580">
    <ele>15.2</ele>
    <time>2026-04-19T17:36:26Z</time>
    <extensions>
     <power>249</power>
     <gpxtpx:TrackPointExtension>
      <gpxtpx:hr>178</gpxtpx:hr>
     </gpxtpx:TrackPointExtension>
    </extensions>
   </trkpt>
   <trkpt lat="49.2657050" lon="-123.1075380">
    <ele>15.2</ele>
    <time>2026-04-19T17:36:27Z</time>
    <extensions>
     <power>249</power>
     <gpxtpx:TrackPointExtension>
      <gpxtpx:hr>178</gpxtpx:hr>
     </gpxtpx:TrackPointExtension>
    </extensions>
   </trkpt>
   <trkpt lat="49.2657040" lon="-123.1075170">
    <ele>15.2</ele>
    <time>2026-04-19T17:36:28Z</time>
    <extensions>
     <power>216</power>
     <gpxtpx:TrackPointExtension>
      <gpxtpx:hr>178</gpxtpx:hr>
     </gpxtpx:TrackPointExtension>
    </extensions>
   </trkpt>
   <trkpt lat="49.2657020" lon="-123.1074910">
    <ele>15.2</ele>
    <time>2026-04-19T17:36:29Z</time>
    <extensions>
     <power>216</power>
     <gpxtpx:TrackPointExtension>
      <gpxtpx:hr>178</gpxtpx:hr>
     </gpxtpx:TrackPointExtension>
    </extensions>
   </trkpt>
   <trkpt lat="49.2657000" lon="-123.1074650">
    <ele>15.2</ele>
    <time>2026-04-19T17:36:30Z</time>
    <extensions>
     <power>216</power>
     <gpxtpx:TrackPointExtension>
      <gpxtpx:hr>178</gpxtpx:hr>
     </gpxtpx:TrackPointExtension>
    </extensions>
   </trkpt>
   <trkpt lat="49.2656980" lon="-123.1074400">
    <ele>15.4</ele>
    <time>2026-04-19T17:36:31Z</time>
    <extensions>
     <power>156</power>
     <gpxtpx:TrackPointExtension>
      <gpxtpx:hr>177</gpxtpx:hr>
     </gpxtpx:TrackPointExtension>
    </extensions>
   </trkpt>
   <trkpt lat="49.2656960" lon="-123.1074020">
    <ele>15.4</ele>
    <time>2026-04-19T17:36:32Z</time>
    <extensions>
     <power>156</power>
     <gpxtpx:TrackPointExtension>
      <gpxtpx:hr>177</gpxtpx:hr>
     </gpxtpx:TrackPointExtension>
    </extensions>
   </trkpt>
   <trkpt lat="49.2656950" lon="-123.1073890">
    <ele>15.4</ele>
    <time>2026-04-19T17:36:33Z</time>
    <extensions>
     <power>114</power>
     <gpxtpx:TrackPointExtension>
      <gpxtpx:hr>177</gpxtpx:hr>
     </gpxtpx:TrackPointExtension>
    </extensions>
   </trkpt>
   <trkpt lat="49.2656930" lon="-123.1073620">
    <ele>15.4</ele>
    <time>2026-04-19T17:36:34Z</time>
    <extensions>
     <power>114</power>
     <gpxtpx:TrackPointExtension>
      <gpxtpx:hr>177</gpxtpx:hr>
     </gpxtpx:TrackPointExtension>
    </extensions>
   </trkpt>
   <trkpt lat="49.2656920" lon="-123.1073350">
    <ele>15.6</ele>
    <time>2026-04-19T17:36:35Z</time>
    <extensions>
     <power>114</power>
     <gpxtpx:TrackPointExtension>
      <gpxtpx:hr>177</gpxtpx:hr>
     </gpxtpx:TrackPointExtension>
    </extensions>
   </trkpt>
   <trkpt lat="49.2656900" lon="-123.1073080">
    <ele>15.6</ele>
    <time>2026-04-19T17:36:36Z</time>
    <extensions>
     <power>105</power>
     <gpxtpx:TrackPointExtension>
      <gpxtpx:hr>177</gpxtpx:hr>
     </gpxtpx:TrackPointExtension>
    </extensions>
   </trkpt>
   <trkpt lat="49.2656890" lon="-123.1072800">
    <ele>15.6</ele>
    <time>2026-04-19T17:36:37Z</time>
    <extensions>
     <power>105</power>
     <gpxtpx:TrackPointExtension>
      <gpxtpx:hr>177</gpxtpx:hr>
     </gpxtpx:TrackPointExtension>
    </extensions>
   </trkpt>
   <trkpt lat="49.2656870" lon="-123.1072520">
    <ele>15.6</ele>
    <time>2026-04-19T17:36:38Z</time>
    <extensions>
     <power>103</power>
     <gpxtpx:TrackPointExtension>
      <gpxtpx:hr>177</gpxtpx:hr>
     </gpxtpx:TrackPointExtension>
    </extensions>
   </trkpt>
   <trkpt lat="49.2656850" lon="-123.1071990">
    <ele>15.6</ele>
    <time>2026-04-19T17:36:39Z</time>
    <extensions>
     <power>103</power>
     <gpxtpx:TrackPointExtension>
      <gpxtpx:hr>175</gpxtpx:hr>
     </gpxtpx:TrackPointExtension>
    </extensions>
   </trkpt>
   <trkpt lat="49.2656840" lon="-123.1071740">
    <ele>15.8</ele>
    <time>2026-04-19T17:36:40Z</time>
    <extensions>
     <power>103</power>
     <gpxtpx:TrackPointExtension>
      <gpxtpx:hr>175</gpxtpx:hr>
     </gpxtpx:TrackPointExtension>
    </extensions>
   </trkpt>
   <trkpt lat="49.2656830" lon="-123.1071500">
    <ele>15.8</ele>
    <time>2026-04-19T17:36:41Z</time>
    <extensions>
     <power>133</power>
     <gpxtpx:TrackPointExtension>
      <gpxtpx:hr>175</gpxtpx:hr>
     </gpxtpx:TrackPointExtension>
    </extensions>
   </trkpt>
   <trkpt lat="49.2656820" lon="-123.1071250">
    <ele>15.8</ele>
    <time>2026-04-19T17:36:42Z</time>
    <extensions>
     <power>133</power>
     <gpxtpx:TrackPointExtension>
      <gpxtpx:hr>175</gpxtpx:hr>
     </gpxtpx:TrackPointExtension>
    </extensions>
   </trkpt>
   <trkpt lat="49.2656810" lon="-123.1071000">
    <ele>15.8</ele>
    <time>2026-04-19T17:36:43Z</time>
    <extensions>
     <power>141</power>
     <gpxtpx:TrackPointExtension>
      <gpxtpx:hr>175</gpxtpx:hr>
     </gpxtpx:TrackPointExtension>
    </extensions>
   </trkpt>
   <trkpt lat="49.2656790" lon="-123.1070460">
    <ele>15.8</ele>
    <time>2026-04-19T17:36:44Z</time>
    <extensions>
     <power>141</power>
     <gpxtpx:TrackPointExtension>
      <gpxtpx:hr>175</gpxtpx:hr>
     </gpxtpx:TrackPointExtension>
    </extensions>
   </trkpt>
   <trkpt lat="49.2656790" lon="-123.1070240">
    <ele>15.8</ele>
    <time>2026-04-19T17:36:45Z</time>
    <extensions>
     <power>141</power>
     <gpxtpx:TrackPointExtension>
      <gpxtpx:hr>175</gpxtpx:hr>
     </gpxtpx:TrackPointExtension>
    </extensions>
   </trkpt>
   <trkpt lat="49.2656780" lon="-123.1070020">
    <ele>15.8</ele>
    <time>2026-04-19T17:36:46Z</time>
    <extensions>
     <power>161</power>
     <gpxtpx:TrackPointExtension>
      <gpxtpx:hr>175</gpxtpx:hr>
     </gpxtpx:TrackPointExtension>
    </extensions>
   </trkpt>
   <trkpt lat="49.2656770" lon="-123.1069520">
    <ele>16.0</ele>
    <time>2026-04-19T17:36:47Z</time>
    <extensions>
     <power>161</power>
     <gpxtpx:TrackPointExtension>
      <gpxtpx:hr>175</gpxtpx:hr>
     </gpxtpx:TrackPointExtension>
    </extensions>
   </trkpt>
   <trkpt lat="49.2656760" lon="-123.1069360">
    <ele>16.0</ele>
    <time>2026-04-19T17:36:48Z</time>
    <extensions>
     <power>171</power>
     <gpxtpx:TrackPointExtension>
      <gpxtpx:hr>175</gpxtpx:hr>
     </gpxtpx:TrackPointExtension>
    </extensions>
   </trkpt>
   <trkpt lat="49.2656740" lon="-123.1068810">
    <ele>16.0</ele>
    <time>2026-04-19T17:36:49Z</time>
    <extensions>
     <power>171</power>
     <gpxtpx:TrackPointExtension>
      <gpxtpx:hr>175</gpxtpx:hr>
     </gpxtpx:TrackPointExtension>
    </extensions>
   </trkpt>
   <trkpt lat="49.2656740" lon="-123.1068590">
    <ele>16.0</ele>
    <time>2026-04-19T17:36:50Z</time>
    <extensions>
     <power>171</power>
     <gpxtpx:TrackPointExtension>
      <gpxtpx:hr>175</gpxtpx:hr>
     </gpxtpx:TrackPointExtension>
    </extensions>
   </trkpt>
   <trkpt lat="49.2656730" lon="-123.1068370">
    <ele>16.2</ele>
    <time>2026-04-19T17:36:51Z</time>
    <extensions>
     <power>196</power>
     <gpxtpx:TrackPointExtension>
      <gpxtpx:hr>176</gpxtpx:hr>
     </gpxtpx:TrackPointExtension>
    </extensions>
   </trkpt>
   <trkpt lat="49.2656710" lon="-123.1067810">
    <ele>16.2</ele>
    <time>2026-04-19T17:36:52Z</time>
    <extensions>
     <power>196</power>
     <gpxtpx:TrackPointExtension>
      <gpxtpx:hr>176</gpxtpx:hr>
     </gpxtpx:TrackPointExtension>
    </extensions>
   </trkpt>
   <trkpt lat="49.2656710" lon="-123.1067590">
    <ele>16.2</ele>
    <time>2026-04-19T17:36:53Z</time>
    <extensions>
     <power>196</power>
     <gpxtpx:TrackPointExtension>
      <gpxtpx:hr>176</gpxtpx:hr>
     </gpxtpx:TrackPointExtension>
    </extensions>
   </trkpt>
   <trkpt lat="49.2656700" lon="-123.1067360">
    <ele>16.4</ele>
    <time>2026-04-19T17:36:54Z</time>
    <extensions>
     <power>201</power>
     <gpxtpx:TrackPointExtension>
      <gpxtpx:hr>176</gpxtpx:hr>
     </gpxtpx:TrackPointExtension>
    </extensions>
   </trkpt>
   <trkpt lat="49.2656700" lon="-123.1066860">
    <ele>16.4</ele>
    <time>2026-04-19T17:36:55Z</time>
    <extensions>
     <power>201</power>
     <gpxtpx:TrackPointExtension>
      <gpxtpx:hr>176</gpxtpx:hr>
     </gpxtpx:TrackPointExtension>
    </extensions>
   </trkpt>
   <trkpt lat="49.2656690" lon="-123.1066700">
    <ele>16.6</ele>
    <time>2026-04-19T17:36:56Z</time>
    <extensions>
     <power>205</power>
     <gpxtpx:TrackPointExtension>
      <gpxtpx:hr>176</gpxtpx:hr>
     </gpxtpx:TrackPointExtension>
    </extensions>
   </trkpt>
   <trkpt lat="49.2656680" lon="-123.1066140">
    <ele>16.6</ele>
    <time>2026-04-19T17:36:57Z</time>
    <extensions>
     <power>205</power>
     <gpxtpx:TrackPointExtension>
      <gpxtpx:hr>176</gpxtpx:hr>
     </gpxtpx:TrackPointExtension>
    </extensions>
   </trkpt>
   <trkpt lat="49.2656670" lon="-123.1065900">
    <ele>16.8</ele>
    <time>2026-04-19T17:36:58Z</time>
    <extensions>
     <power>205</power>
     <gpxtpx:TrackPointExtension>
      <gpxtpx:hr>176</gpxtpx:hr>
     </gpxtpx:TrackPointExtension>
    </extensions>
   </trkpt>
   <trkpt lat="49.2656670" lon="-123.1065660">
    <ele>16.8</ele>
    <time>2026-04-19T17:36:59Z</time>
    <extensions>
     <power>217</power>
     <gpxtpx:TrackPointExtension>
      <gpxtpx:hr>176</gpxtpx:hr>
     </gpxtpx:TrackPointExtension>
    </extensions>
   </trkpt>
   <trkpt lat="49.2656670" lon="-123.1065080">
    <ele>16.8</ele>
    <time>2026-04-19T17:37:00Z</time>
    <extensions>
     <power>217</power>
     <gpxtpx:TrackPointExtension>
      <gpxtpx:hr>176</gpxtpx:hr>
     </gpxtpx:TrackPointExtension>
    </extensions>
   </trkpt>
   <trkpt lat="49.2656670" lon="-123.1064900">
    <ele>17.0</ele>
    <time>2026-04-19T17:37:01Z</time>
    <extensions>
     <power>213</power>
     <gpxtpx:TrackPointExtension>
      <gpxtpx:hr>176</gpxtpx:hr>
     </gpxtpx:TrackPointExtension>
    </extensions>
   </trkpt>
   <trkpt lat="49.2656670" lon="-123.1064340">
    <ele>17.0</ele>
    <time>2026-04-19T17:37:02Z</time>
    <extensions>
     <power>213</power>
     <gpxtpx:TrackPointExtension>
      <gpxtpx:hr>176</gpxtpx:hr>
     </gpxtpx:TrackPointExtension>
    </extensions>
   </trkpt>
   <trkpt lat="49.2656670" lon="-123.1064120">
    <ele>17.0</ele>
    <time>2026-04-19T17:37:03Z</time>
    <extensions>
     <power>213</power>
     <gpxtpx:TrackPointExtension>
      <gpxtpx:hr>176</gpxtpx:hr>
     </gpxtpx:TrackPointExtension>
    </extensions>
   </trkpt>
   <trkpt lat="49.2656670" lon="-123.1063900">
    <ele>17.2</ele>
    <time>2026-04-19T17:37:04Z</time>
    <extensions>
     <power>212</power>
     <gpxtpx:TrackPointExtension>
      <gpxtpx:hr>176</gpxtpx:hr>
     </gpxtpx:TrackPointExtension>
    </extensions>
   </trkpt>
   <trkpt lat="49.2656670" lon="-123.1063390">
    <ele>17.2</ele>
    <time>2026-04-19T17:37:05Z</time>
    <extensions>
     <power>212</power>
     <gpxtpx:TrackPointExtension>
      <gpxtpx:hr>176</gpxtpx:hr>
     </gpxtpx:TrackPointExtension>
    </extensions>
   </trkpt>
   <trkpt lat="49.2656670" lon="-123.1063210">
    <ele>17.2</ele>
    <time>2026-04-19T17:37:06Z</time>
    <extensions>
     <power>214</power>
     <gpxtpx:TrackPointExtension>
      <gpxtpx:hr>176</gpxtpx:hr>
     </gpxtpx:TrackPointExtension>
    </extensions>
   </trkpt>
   <trkpt lat="49.2656670" lon="-123.1062620">
    <ele>17.4</ele>
    <time>2026-04-19T17:37:07Z</time>
    <extensions>
     <power>214</power>
     <gpxtpx:TrackPointExtension>
      <gpxtpx:hr>177</gpxtpx:hr>
     </gpxtpx:TrackPointExtension>
    </extensions>
   </trkpt>
   <trkpt lat="49.2656670" lon="-123.1062380">
    <ele>17.4</ele>
    <time>2026-04-19T17:37:08Z</time>
    <extensions>
     <power>214</power>
     <gpxtpx:TrackPointExtension>
      <gpxtpx:hr>177</gpxtpx:hr>
     </gpxtpx:TrackPointExtension>
    </extensions>
   </trkpt>
   <trkpt lat="49.2656670" lon="-123.1062140">
    <ele>17.4</ele>
    <time>2026-04-19T17:37:09Z</time>
    <extensions>
     <power>214</power>
     <gpxtpx:TrackPointExtension>
      <gpxtpx:hr>177</gpxtpx:hr>
     </gpxtpx:TrackPointExtension>
    </extensions>
   </trkpt>
   <trkpt lat="49.2656660" lon="-123.1061640">
    <ele>17.4</ele>
    <time>2026-04-19T17:37:10Z</time>
    <extensions>
     <power>214</power>
     <gpxtpx:TrackPointExtension>
      <gpxtpx:hr>177</gpxtpx:hr>
     </gpxtpx:TrackPointExtension>
    </extensions>
   </trkpt>
   <trkpt lat="49.2656660" lon="-123.1061470">
    <ele>17.6</ele>
    <time>2026-04-19T17:37:11Z</time>
    <extensions>
     <power>209</power>
     <gpxtpx:TrackPointExtension>
      <gpxtpx:hr>177</gpxtpx:hr>
     </gpxtpx:TrackPointExtension>
    </extensions>
   </trkpt>
   <trkpt lat="49.2656660" lon="-123.1060990">
    <ele>17.6</ele>
    <time>2026-04-19T17:37:12Z</time>
    <extensions>
     <power>209</power>
     <gpxtpx:TrackPointExtension>
      <gpxtpx:hr>177</gpxtpx:hr>
     </gpxtpx:TrackPointExtension>
    </extensions>
   </trkpt>
   <trkpt lat="49.2656650" lon="-123.1060800">
    <ele>17.6</ele>
    <time>2026-04-19T17:37:13Z</time>
    <extensions>
     <power>209</power>
     <gpxtpx:TrackPointExtension>
      <gpxtpx:hr>177</gpxtpx:hr>
     </gpxtpx:TrackPointExtension>
    </extensions>
   </trkpt>
   <trkpt lat="49.2656650" lon="-123.1060620">
    <ele>17.8</ele>
    <time>2026-04-19T17:37:14Z</time>
    <extensions>
     <power>199</power>
     <gpxtpx:TrackPointExtension>
      <gpxtpx:hr>178</gpxtpx:hr>
     </gpxtpx:TrackPointExtension>
    </extensions>
   </trkpt>
   <trkpt lat="49.2656640" lon="-123.1060380">
    <ele>17.8</ele>
    <time>2026-04-19T17:37:15Z</time>
    <extensions>
     <power>199</power>
     <gpxtpx:TrackPointExtension>
      <gpxtpx:hr>178</gpxtpx:hr>
     </gpxtpx:TrackPointExtension>
    </extensions>
   </trkpt>
   <trkpt lat="49.2656640" lon="-123.1060170">
    <ele>17.8</ele>
    <time>2026-04-19T17:37:16Z</time>
    <extensions>
     <power>199</power>
     <gpxtpx:TrackPointExtension>
      <gpxtpx:hr>178</gpxtpx:hr>
     </gpxtpx:TrackPointExtension>
    </extensions>
   </trkpt>
   <trkpt lat="49.2656630" lon="-123.1059960">
    <ele>17.8</ele>
    <time>2026-04-19T17:37:17Z</time>
    <extensions>
     <power>114</power>
     <gpxtpx:TrackPointExtension>
      <gpxtpx:hr>178</gpxtpx:hr>
     </gpxtpx:TrackPointExtension>
    </extensions>
   </trkpt>
   <trkpt lat="49.2656630" lon="-123.1059740">
    <ele>18.0</ele>
    <time>2026-04-19T17:37:18Z</time>
    <extensions>
     <power>114</power>
     <gpxtpx:TrackPointExtension>
      <gpxtpx:hr>178</gpxtpx:hr>
     </gpxtpx:TrackPointExtension>
    </extensions>
   </trkpt>
   <trkpt lat="49.2656620" lon="-123.1059500">
    <ele>18.0</ele>
    <time>2026-04-19T17:37:19Z</time>
    <extensions>
     <power>132</power>
     <gpxtpx:TrackPointExtension>
      <gpxtpx:hr>178</gpxtpx:hr>
     </gpxtpx:TrackPointExtension>
    </extensions>
   </trkpt>
   <trkpt lat="49.2656620" lon="-123.1059090">
    <ele>18.0</ele>
    <time>2026-04-19T17:37:20Z</time>
    <extensions>
     <power>132</power>
     <gpxtpx:TrackPointExtension>
      <gpxtpx:hr>178</gpxtpx:hr>
     </gpxtpx:TrackPointExtension>
    </extensions>
   </trkpt>
   <trkpt lat="49.2656610" lon="-123.1058920">
    <ele>18.0</ele>
    <time>2026-04-19T17:37:21Z</time>
    <extensions>
     <power>132</power>
     <gpxtpx:TrackPointExtension>
      <gpxtpx:hr>178</gpxtpx:hr>
     </gpxtpx:TrackPointExtension>
    </extensions>
   </trkpt>
   <trkpt lat="49.2656610" lon="-123.1058750">
    <ele>18.2</ele>
    <time>2026-04-19T17:37:22Z</time>
    <extensions>
     <power>132</power>
     <gpxtpx:TrackPointExtension>
      <gpxtpx:hr>178</gpxtpx:hr>
     </gpxtpx:TrackPointExtension>
    </extensions>
   </trkpt>
   <trkpt lat="49.2656600" lon="-123.1058380">
    <ele>18.2</ele>
    <time>2026-04-19T17:37:23Z</time>
    <extensions>
     <power>132</power>
     <gpxtpx:TrackPointExtension>
      <gpxtpx:hr>178</gpxtpx:hr>
     </gpxtpx:TrackPointExtension>
    </extensions>
   </trkpt>
   <trkpt lat="49.2656600" lon="-123.1058250">
    <ele>18.2</ele>
    <time>2026-04-19T17:37:24Z</time>
    <extensions>
     <power>133</power>
     <gpxtpx:TrackPointExtension>
      <gpxtpx:hr>177</gpxtpx:hr>
     </gpxtpx:TrackPointExtension>
    </extensions>
   </trkpt>
   <trkpt lat="49.2656600" lon="-123.1057840">
    <ele>18.2</ele>
    <time>2026-04-19T17:37:25Z</time>
    <extensions>
     <power>133</power>
     <gpxtpx:TrackPointExtension>
      <gpxtpx:hr>177</gpxtpx:hr>
     </gpxtpx:TrackPointExtension>
    </extensions>
   </trkpt>
   <trkpt lat="49.2656590" lon="-123.1057670">
    <ele>18.2</ele>
    <time>2026-04-19T17:37:26Z</time>
    <extensions>
     <power>133</power>
     <gpxtpx:TrackPointExtension>
      <gpxtpx:hr>177</gpxtpx:hr>
     </gpxtpx:TrackPointExtension>
    </extensions>
   </trkpt>
   <trkpt lat="49.2656590" lon="-123.1057500">
    <ele>18.4</ele>
    <time>2026-04-19T17:37:27Z</time>
    <extensions>
     <power>148</power>
     <gpxtpx:TrackPointExtension>
      <gpxtpx:hr>177</gpxtpx:hr>
     </gpxtpx:TrackPointExtension>
    </extensions>
   </trkpt>
   <trkpt lat="49.2656580" lon="-123.1057120">
    <ele>18.4</ele>
    <time>2026-04-19T17:37:28Z</time>
    <extensions>
     <power>148</power>
     <gpxtpx:TrackPointExtension>
      <gpxtpx:hr>177</gpxtpx:hr>
     </gpxtpx:TrackPointExtension>
    </extensions>
   </trkpt>
   <trkpt lat="49.2656580" lon="-123.1056990">
    <ele>18.4</ele>
    <time>2026-04-19T17:37:29Z</time>
    <extensions>
     <power>149</power>
     <gpxtpx:TrackPointExtension>
      <gpxtpx:hr>177</gpxtpx:hr>
     </gpxtpx:TrackPointExtension>
    </extensions>
   </trkpt>
   <trkpt lat="49.2656570" lon="-123.1056730">
    <ele>18.4</ele>
    <time>2026-04-19T17:37:30Z</time>
    <extensions>
     <power>149</power>
     <gpxtpx:TrackPointExtension>
      <gpxtpx:hr>177</gpxtpx:hr>
     </gpxtpx:TrackPointExtension>
    </extensions>
   </trkpt>
   <trkpt lat="49.2656570" lon="-123.1056470">
    <ele>18.4</ele>
    <time>2026-04-19T17:37:31Z</time>
    <extensions>
     <power>149</power>
     <gpxtpx:TrackPointExtension>
      <gpxtpx:hr>177</gpxtpx:hr>
     </gpxtpx:TrackPointExtension>
    </extensions>
   </trkpt>
   <trkpt lat="49.2656560" lon="-123.1056210">
    <ele>18.6</ele>
    <time>2026-04-19T17:37:32Z</time>
    <extensions>
     <power>145</power>
     <gpxtpx:TrackPointExtension>
      <gpxtpx:hr>177</gpxtpx:hr>
     </gpxtpx:TrackPointExtension>
    </extensions>
   </trkpt>
   <trkpt lat="49.2656560" lon="-123.1055820">
    <ele>18.6</ele>
    <time>2026-04-19T17:37:33Z</time>
    <extensions>
     <power>145</power>
     <gpxtpx:TrackPointExtension>
      <gpxtpx:hr>175</gpxtpx:hr>
     </gpxtpx:TrackPointExtension>
    </extensions>
   </trkpt>
   <trkpt lat="49.2656550" lon="-123.1055690">
    <ele>18.6</ele>
    <time>2026-04-19T17:37:34Z</time>
    <extensions>
     <power>145</power>
     <gpxtpx:TrackPointExtension>
      <gpxtpx:hr>175</gpxtpx:hr>
     </gpxtpx:TrackPointExtension>
    </extensions>
   </trkpt>
   <trkpt lat="49.2656550" lon="-123.1055430">
    <ele>18.6</ele>
    <time>2026-04-19T17:37:35Z</time>
    <extensions>
     <power>145</power>
     <gpxtpx:TrackPointExtension>
      <gpxtpx:hr>175</gpxtpx:hr>
     </gpxtpx:TrackPointExtension>
    </extensions>
   </trkpt>
   <trkpt lat="49.2656540" lon="-123.1055170">
    <ele>18.6</ele>
    <time>2026-04-19T17:37:36Z</time>
    <extensions>
     <power>145</power>
     <gpxtpx:TrackPointExtension>
      <gpxtpx:hr>175</gpxtpx:hr>
     </gpxtpx:TrackPointExtension>
    </extensions>
   </trkpt>
   <trkpt lat="49.2656540" lon="-123.1054900">
    <ele>18.8</ele>
    <time>2026-04-19T17:37:37Z</time>
    <extensions>
     <power>146</power>
     <gpxtpx:TrackPointExtension>
      <gpxtpx:hr>175</gpxtpx:hr>
     </gpxtpx:TrackPointExtension>
    </extensions>
   </trkpt>
   <trkpt lat="49.2656520" lon="-123.1054480">
    <ele>18.8</ele>
    <time>2026-04-19T17:37:38Z</time>
    <extensions>
     <power>146</power>
     <gpxtpx:TrackPointExtension>
      <gpxtpx:hr>175</gpxtpx:hr>
     </gpxtpx:TrackPointExtension>
    </extensions>
   </trkpt>
   <trkpt lat="49.2656510" lon="-123.1054310">
    <ele>18.8</ele>
    <time>2026-04-19T17:37:39Z</time>
    <extensions>
     <power>146</power>
     <gpxtpx:TrackPointExtension>
      <gpxtpx:hr>176</gpxtpx:hr>
     </gpxtpx:TrackPointExtension>
    </extensions>
   </trkpt>
   <trkpt lat="49.2656500" lon="-123.1054140">
    <ele>18.8</ele>
    <time>2026-04-19T17:37:40Z</time>
    <extensions>
     <power>149</power>
     <gpxtpx:TrackPointExtension>
      <gpxtpx:hr>176</gpxtpx:hr>
     </gpxtpx:TrackPointExtension>
    </extensions>
   </trkpt>
   <trkpt lat="49.2656480" lon="-123.1053750">
    <ele>18.8</ele>
    <time>2026-04-19T17:37:41Z</time>
    <extensions>
     <power>149</power>
     <gpxtpx:TrackPointExtension>
      <gpxtpx:hr>176</gpxtpx:hr>
     </gpxtpx:TrackPointExtension>
    </extensions>
   </trkpt>
   <trkpt lat="49.2656470" lon="-123.1053630">
    <ele>18.8</ele>
    <time>2026-04-19T17:37:42Z</time>
    <extensions>
     <power>150</power>
     <gpxtpx:TrackPointExtension>
      <gpxtpx:hr>176</gpxtpx:hr>
     </gpxtpx:TrackPointExtension>
    </extensions>
   </trkpt>
   <trkpt lat="49.2656460" lon="-123.1053380">
    <ele>19.0</ele>
    <time>2026-04-19T17:37:43Z</time>
    <extensions>
     <power>150</power>
     <gpxtpx:TrackPointExtension>
      <gpxtpx:hr>176</gpxtpx:hr>
     </gpxtpx:TrackPointExtension>
    </extensions>
   </trkpt>
   <trkpt lat="49.2656440" lon="-123.1053130">
    <ele>19.0</ele>
    <time>2026-04-19T17:37:44Z</time>
    <extensions>
     <power>150</power>
     <gpxtpx:TrackPointExtension>
      <gpxtpx:hr>176</gpxtpx:hr>
     </gpxtpx:TrackPointExtension>
    </extensions>
   </trkpt>
   <trkpt lat="49.2656420" lon="-123.1052870">
    <ele>19.0</ele>
    <time>2026-04-19T17:37:45Z</time>
    <extensions>
     <power>148</power>
     <gpxtpx:TrackPointExtension>
      <gpxtpx:hr>176</gpxtpx:hr>
     </gpxtpx:TrackPointExtension>
    </extensions>
   </trkpt>
   <trkpt lat="49.2656390" lon="-123.1052470">
    <ele>19.0</ele>
    <time>2026-04-19T17:37:46Z</time>
    <extensions>
     <power>148</power>
     <gpxtpx:TrackPointExtension>
      <gpxtpx:hr>176</gpxtpx:hr>
     </gpxtpx:TrackPointExtension>
    </extensions>
   </trkpt>
   <trkpt lat="49.2656380" lon="-123.1052340">
    <ele>19.0</ele>
    <time>2026-04-19T17:37:47Z</time>
    <extensions>
     <power>150</power>
     <gpxtpx:TrackPointExtension>
      <gpxtpx:hr>176</gpxtpx:hr>
     </gpxtpx:TrackPointExtension>
    </extensions>
   </trkpt>
   <trkpt lat="49.2656350" lon="-123.1051900">
    <ele>19.2</ele>
    <time>2026-04-19T17:37:48Z</time>
    <extensions>
     <power>150</power>
     <gpxtpx:TrackPointExtension>
      <gpxtpx:hr>176</gpxtpx:hr>
     </gpxtpx:TrackPointExtension>
    </extensions>
   </trkpt>
   <trkpt lat="49.2656330" lon="-123.1051720">
    <ele>19.2</ele>
    <time>2026-04-19T17:37:49Z</time>
    <extensions>
     <power>150</power>
     <gpxtpx:TrackPointExtension>
      <gpxtpx:hr>175</gpxtpx:hr>
     </gpxtpx:TrackPointExtension>
    </extensions>
   </trkpt>
   <trkpt lat="49.2656320" lon="-123.1051540">
    <ele>19.2</ele>
    <time>2026-04-19T17:37:50Z</time>
    <extensions>
     <power>151</power>
     <gpxtpx:TrackPointExtension>
      <gpxtpx:hr>175</gpxtpx:hr>
     </gpxtpx:TrackPointExtension>
    </extensions>
   </trkpt>
   <trkpt lat="49.2656310" lon="-123.1051130">
    <ele>19.2</ele>
    <time>2026-04-19T17:37:51Z</time>
    <extensions>
     <power>151</power>
     <gpxtpx:TrackPointExtension>
      <gpxtpx:hr>175</gpxtpx:hr>
     </gpxtpx:TrackPointExtension>
    </extensions>
   </trkpt>
   <trkpt lat="49.2656300" lon="-123.1051000">
    <ele>19.2</ele>
    <time>2026-04-19T17:37:52Z</time>
    <extensions>
     <power>152</power>
     <gpxtpx:TrackPointExtension>
      <gpxtpx:hr>175</gpxtpx:hr>
     </gpxtpx:TrackPointExtension>
    </extensions>
   </trkpt>
   <trkpt lat="49.2656280" lon="-123.1050530">
    <ele>19.4</ele>
    <time>2026-04-19T17:37:53Z</time>
    <extensions>
     <power>152</power>
     <gpxtpx:TrackPointExtension>
      <gpxtpx:hr>175</gpxtpx:hr>
     </gpxtpx:TrackPointExtension>
    </extensions>
   </trkpt>
   <trkpt lat="49.2656270" lon="-123.1050350">
    <ele>19.4</ele>
    <time>2026-04-19T17:37:54Z</time>
    <extensions>
     <power>152</power>
     <gpxtpx:TrackPointExtension>
      <gpxtpx:hr>174</gpxtpx:hr>
     </gpxtpx:TrackPointExtension>
    </extensions>
   </trkpt>
   <trkpt lat="49.2656260" lon="-123.1050160">
    <ele>19.4</ele>
    <time>2026-04-19T17:37:55Z</time>
    <extensions>
     <power>154</power>
     <gpxtpx:TrackPointExtension>
      <gpxtpx:hr>175</gpxtpx:hr>
     </gpxtpx:TrackPointExtension>
    </extensions>
   </trkpt>
   <trkpt lat="49.2656240" lon="-123.1049890">
    <ele>19.4</ele>
    <time>2026-04-19T17:37:56Z</time>
    <extensions>
     <power>154</power>
     <gpxtpx:TrackPointExtension>
      <gpxtpx:hr>175</gpxtpx:hr>
     </gpxtpx:TrackPointExtension>
    </extensions>
   </trkpt>
   <trkpt lat="49.2656230" lon="-123.1049620">
    <ele>19.6</ele>
    <time>2026-04-19T17:37:57Z</time>
    <extensions>
     <power>153</power>
     <gpxtpx:TrackPointExtension>
      <gpxtpx:hr>175</gpxtpx:hr>
     </gpxtpx:TrackPointExtension>
    </extensions>
   </trkpt>
   <trkpt lat="49.2656210" lon="-123.1049170">
    <ele>19.6</ele>
    <time>2026-04-19T17:37:58Z</time>
    <extensions>
     <power>153</power>
     <gpxtpx:TrackPointExtension>
      <gpxtpx:hr>175</gpxtpx:hr>
     </gpxtpx:TrackPointExtension>
    </extensions>
   </trkpt>
   <trkpt lat="49.2656210" lon="-123.1048990">
    <ele>19.6</ele>
    <time>2026-04-19T17:37:59Z</time>
    <extensions>
     <power>153</power>
     <gpxtpx:TrackPointExtension>
      <gpxtpx:hr>175</gpxtpx:hr>
     </gpxtpx:TrackPointExtension>
    </extensions>
   </trkpt>
   <trkpt lat="49.2656200" lon="-123.1048800">
    <ele>19.6</ele>
    <time>2026-04-19T17:38:00Z</time>
    <extensions>
     <power>156</power>
     <gpxtpx:TrackPointExtension>
      <gpxtpx:hr>174</gpxtpx:hr>
     </gpxtpx:TrackPointExtension>
    </extensions>
   </trkpt>
   <trkpt lat="49.2656200" lon="-123.1048320">
    <ele>19.6</ele>
    <time>2026-04-19T17:38:01Z</time>
    <extensions>
     <power>156</power>
     <gpxtpx:TrackPointExtension>
      <gpxtpx:hr>174</gpxtpx:hr>
     </gpxtpx:TrackPointExtension>
    </extensions>
   </trkpt>
   <trkpt lat="49.2656190" lon="-123.1048140">
    <ele>19.6</ele>
    <time>2026-04-19T17:38:02Z</time>
    <extensions>
     <power>156</power>
     <gpxtpx:TrackPointExtension>
      <gpxtpx:hr>174</gpxtpx:hr>
     </gpxtpx:TrackPointExtension>
    </extensions>
   </trkpt>
   <trkpt lat="49.2656190" lon="-123.1047950">
    <ele>19.6</ele>
    <time>2026-04-19T17:38:03Z</time>
    <extensions>
     <power>158</power>
     <gpxtpx:TrackPointExtension>
      <gpxtpx:hr>174</gpxtpx:hr>
     </gpxtpx:TrackPointExtension>
    </extensions>
   </trkpt>
   <trkpt lat="49.2656190" lon="-123.1047530">
    <ele>19.6</ele>
    <time>2026-04-19T17:38:04Z</time>
    <extensions>
     <power>158</power>
     <gpxtpx:TrackPointExtension>
      <gpxtpx:hr>174</gpxtpx:hr>
     </gpxtpx:TrackPointExtension>
    </extensions>
   </trkpt>
   <trkpt lat="49.2656190" lon="-123.1047380">
    <ele>19.8</ele>
    <time>2026-04-19T17:38:05Z</time>
    <extensions>
     <power>158</power>
     <gpxtpx:TrackPointExtension>
      <gpxtpx:hr>172</gpxtpx:hr>
     </gpxtpx:TrackPointExtension>
    </extensions>
   </trkpt>
   <trkpt lat="49.2656190" lon="-123.1047100">
    <ele>19.8</ele>
    <time>2026-04-19T17:38:06Z</time>
    <extensions>
     <power>158</power>
     <gpxtpx:TrackPointExtension>
      <gpxtpx:hr>172</gpxtpx:hr>
     </gpxtpx:TrackPointExtension>
    </extensions>
   </trkpt>
   <trkpt lat="49.2656200" lon="-123.1046820">
    <ele>19.8</ele>
    <time>2026-04-19T17:38:07Z</time>
    <extensions>
     <power>158</power>
     <gpxtpx:TrackPointExtension>
      <gpxtpx:hr>172</gpxtpx:hr>
     </gpxtpx:TrackPointExtension>
    </extensions>
   </trkpt>
   <trkpt lat="49.2656200" lon="-123.1046540">
    <ele>19.8</ele>
    <time>2026-04-19T17:38:08Z</time>
    <extensions>
     <power>158</power>
     <gpxtpx:TrackPointExtension>
      <gpxtpx:hr>172</gpxtpx:hr>
     </gpxtpx:TrackPointExtension>
    </extensions>
   </trkpt>
   <trkpt lat="49.2656210" lon="-123.1046130">
    <ele>19.8</ele>
    <time>2026-04-19T17:38:09Z</time>
    <extensions>
     <power>158</power>
     <gpxtpx:TrackPointExtension>
      <gpxtpx:hr>172</gpxtpx:hr>
     </gpxtpx:TrackPointExtension>
    </extensions>
   </trkpt>
   <trkpt lat="49.2656210" lon="-123.1045990">
    <ele>19.8</ele>
    <time>2026-04-19T17:38:10Z</time>
    <extensions>
     <power>153</power>
     <gpxtpx:TrackPointExtension>
      <gpxtpx:hr>172</gpxtpx:hr>
     </gpxtpx:TrackPointExtension>
    </extensions>
   </trkpt>
   <trkpt lat="49.2656210" lon="-123.1045540">
    <ele>19.8</ele>
    <time>2026-04-19T17:38:11Z</time>
    <extensions>
     <power>153</power>
     <gpxtpx:TrackPointExtension>
      <gpxtpx:hr>172</gpxtpx:hr>
     </gpxtpx:TrackPointExtension>
    </extensions>
   </trkpt>
   <trkpt lat="49.2656220" lon="-123.1045360">
    <ele>19.8</ele>
    <time>2026-04-19T17:38:12Z</time>
    <extensions>
     <power>153</power>
     <gpxtpx:TrackPointExtension>
      <gpxtpx:hr>172</gpxtpx:hr>
     </gpxtpx:TrackPointExtension>
    </extensions>
   </trkpt>
   <trkpt lat="49.2656220" lon="-123.1045190">
    <ele>19.8</ele>
    <time>2026-04-19T17:38:13Z</time>
    <extensions>
     <power>155</power>
     <gpxtpx:TrackPointExtension>
      <gpxtpx:hr>172</gpxtpx:hr>
     </gpxtpx:TrackPointExtension>
    </extensions>
   </trkpt>
   <trkpt lat="49.2656240" lon="-123.1044790">
    <ele>19.8</ele>
    <time>2026-04-19T17:38:14Z</time>
    <extensions>
     <power>155</power>
     <gpxtpx:TrackPointExtension>
      <gpxtpx:hr>174</gpxtpx:hr>
     </gpxtpx:TrackPointExtension>
    </extensions>
   </trkpt>
   <trkpt lat="49.2656240" lon="-123.1044650">
    <ele>20.0</ele>
    <time>2026-04-19T17:38:15Z</time>
    <extensions>
     <power>156</power>
     <gpxtpx:TrackPointExtension>
      <gpxtpx:hr>174</gpxtpx:hr>
     </gpxtpx:TrackPointExtension>
    </extensions>
   </trkpt>
   <trkpt lat="49.2656220" lon="-123.1044200">
    <ele>20.0</ele>
    <time>2026-04-19T17:38:16Z</time>
    <extensions>
     <power>156</power>
     <gpxtpx:TrackPointExtension>
      <gpxtpx:hr>174</gpxtpx:hr>
     </gpxtpx:TrackPointExtension>
    </extensions>
   </trkpt>
   <trkpt lat="49.2656220" lon="-123.1044020">
    <ele>20.0</ele>
    <time>2026-04-19T17:38:17Z</time>
    <extensions>
     <power>156</power>
     <gpxtpx:TrackPointExtension>
      <gpxtpx:hr>174</gpxtpx:hr>
     </gpxtpx:TrackPointExtension>
    </extensions>
   </trkpt>
   <trkpt lat="49.2656210" lon="-123.1043840">
    <ele>20.2</ele>
    <time>2026-04-19T17:38:18Z</time>
    <extensions>
     <power>156</power>
     <gpxtpx:TrackPointExtension>
      <gpxtpx:hr>174</gpxtpx:hr>
     </gpxtpx:TrackPointExtension>
    </extensions>
   </trkpt>
   <trkpt lat="49.2656210" lon="-123.1043590">
    <ele>20.2</ele>
    <time>2026-04-19T17:38:19Z</time>
    <extensions>
     <power>156</power>
     <gpxtpx:TrackPointExtension>
      <gpxtpx:hr>173</gpxtpx:hr>
     </gpxtpx:TrackPointExtension>
    </extensions>
   </trkpt>
   <trkpt lat="49.2656200" lon="-123.1043350">
    <ele>20.2</ele>
    <time>2026-04-19T17:38:20Z</time>
    <extensions>
     <power>152</power>
     <gpxtpx:TrackPointExtension>
      <gpxtpx:hr>173</gpxtpx:hr>
     </gpxtpx:TrackPointExtension>
    </extensions>
   </trkpt>
   <trkpt lat="49.2656180" lon="-123.1043120">
    <ele>20.4</ele>
    <time>2026-04-19T17:38:21Z</time>
    <extensions>
     <power>152</power>
     <gpxtpx:TrackPointExtension>
      <gpxtpx:hr>173</gpxtpx:hr>
     </gpxtpx:TrackPointExtension>
    </extensions>
   </trkpt>
   <trkpt lat="49.2656140" lon="-123.1042900">
    <ele>20.4</ele>
    <time>2026-04-19T17:38:22Z</time>
    <extensions>
     <power>152</power>
     <gpxtpx:TrackPointExtension>
      <gpxtpx:hr>173</gpxtpx:hr>
     </gpxtpx:TrackPointExtension>
    </extensions>
   </trkpt>
   <trkpt lat="49.2656110" lon="-123.1042670">
    <ele>20.6</ele>
    <time>2026-04-19T17:38:23Z</time>
    <extensions>
     <power>147</power>
     <gpxtpx:TrackPointExtension>
      <gpxtpx:hr>173</gpxtpx:hr>
     </gpxtpx:TrackPointExtension>
    </extensions>
   </trkpt>
   <trkpt lat="49.2656070" lon="-123.1042220">
    <ele>20.6</ele>
    <time>2026-04-19T17:38:24Z</time>
    <extensions>
     <power>147</power>
     <gpxtpx:TrackPointExtension>
      <gpxtpx:hr>172</gpxtpx:hr>
     </gpxtpx:TrackPointExtension>
    </extensions>
   </trkpt>
   <trkpt lat="49.2656060" lon="-123.1042030">
    <ele>20.6</ele>
    <time>2026-04-19T17:38:25Z</time>
    <extensions>
     <power>147</power>
     <gpxtpx:TrackPointExtension>
      <gpxtpx:hr>172</gpxtpx:hr>
     </gpxtpx:TrackPointExtension>
    </extensions>
   </trkpt>
   <trkpt lat="49.2656040" lon="-123.1041830">
    <ele>20.8</ele>
    <time>2026-04-19T17:38:26Z</time>
    <extensions>
     <power>151</power>
     <gpxtpx:TrackPointExtension>
      <gpxtpx:hr>172</gpxtpx:hr>
     </gpxtpx:TrackPointExtension>
    </extensions>
   </trkpt>
   <trkpt lat="49.2656010" lon="-123.1041380">
    <ele>20.8</ele>
    <time>2026-04-19T17:38:27Z</time>
    <extensions>
     <power>151</power>
     <gpxtpx:TrackPointExtension>
      <gpxtpx:hr>172</gpxtpx:hr>
     </gpxtpx:TrackPointExtension>
    </extensions>
   </trkpt>
   <trkpt lat="49.2656010" lon="-123.1041240">
    <ele>21.0</ele>
    <time>2026-04-19T17:38:28Z</time>
    <extensions>
     <power>154</power>
     <gpxtpx:TrackPointExtension>
      <gpxtpx:hr>172</gpxtpx:hr>
     </gpxtpx:TrackPointExtension>
    </extensions>
   </trkpt>
   <trkpt lat="49.2656020" lon="-123.1040950">
    <ele>21.0</ele>
    <time>2026-04-19T17:38:29Z</time>
    <extensions>
     <power>154</power>
     <gpxtpx:TrackPointExtension>
      <gpxtpx:hr>172</gpxtpx:hr>
     </gpxtpx:TrackPointExtension>
    </extensions>
   </trkpt>
   <trkpt lat="49.2656040" lon="-123.1040660">
    <ele>21.2</ele>
    <time>2026-04-19T17:38:30Z</time>
    <extensions>
     <power>154</power>
     <gpxtpx:TrackPointExtension>
      <gpxtpx:hr>172</gpxtpx:hr>
     </gpxtpx:TrackPointExtension>
    </extensions>
   </trkpt>
   <trkpt lat="49.2656060" lon="-123.1040380">
    <ele>21.2</ele>
    <time>2026-04-19T17:38:31Z</time>
    <extensions>
     <power>157</power>
     <gpxtpx:TrackPointExtension>
      <gpxtpx:hr>172</gpxtpx:hr>
     </gpxtpx:TrackPointExtension>
    </extensions>
   </trkpt>
   <trkpt lat="49.2656100" lon="-123.1039960">
    <ele>21.4</ele>
    <time>2026-04-19T17:38:32Z</time>
    <extensions>
     <power>157</power>
     <gpxtpx:TrackPointExtension>
      <gpxtpx:hr>172</gpxtpx:hr>
     </gpxtpx:TrackPointExtension>
    </extensions>
   </trkpt>
   <trkpt lat="49.2656110" lon="-123.1039820">
    <ele>21.4</ele>
    <time>2026-04-19T17:38:33Z</time>
    <extensions>
     <power>158</power>
     <gpxtpx:TrackPointExtension>
      <gpxtpx:hr>172</gpxtpx:hr>
     </gpxtpx:TrackPointExtension>
    </extensions>
   </trkpt>
   <trkpt lat="49.2656140" lon="-123.1039310">
    <ele>21.6</ele>
    <time>2026-04-19T17:38:34Z</time>
    <extensions>
     <power>158</power>
     <gpxtpx:TrackPointExtension>
      <gpxtpx:hr>172</gpxtpx:hr>
     </gpxtpx:TrackPointExtension>
    </extensions>
   </trkpt>
   <trkpt lat="49.2656150" lon="-123.1039060">
    <ele>21.6</ele>
    <time>2026-04-19T17:38:35Z</time>
    <extensions>
     <power>158</power>
     <gpxtpx:TrackPointExtension>
      <gpxtpx:hr>172</gpxtpx:hr>
     </gpxtpx:TrackPointExtension>
    </extensions>
   </trkpt>
   <trkpt lat="49.2656160" lon="-123.1038820">
    <ele>21.8</ele>
    <time>2026-04-19T17:38:36Z</time>
    <extensions>
     <power>157</power>
     <gpxtpx:TrackPointExtension>
      <gpxtpx:hr>172</gpxtpx:hr>
     </gpxtpx:TrackPointExtension>
    </extensions>
   </trkpt>
   <trkpt lat="49.2656170" lon="-123.1038570">
    <ele>21.8</ele>
    <time>2026-04-19T17:38:37Z</time>
    <extensions>
     <power>157</power>
     <gpxtpx:TrackPointExtension>
      <gpxtpx:hr>173</gpxtpx:hr>
     </gpxtpx:TrackPointExtension>
    </extensions>
   </trkpt>
   <trkpt lat="49.2656180" lon="-123.1038320">
    <ele>21.8</ele>
    <time>2026-04-19T17:38:38Z</time>
    <extensions>
     <power>155</power>
     <gpxtpx:TrackPointExtension>
      <gpxtpx:hr>173</gpxtpx:hr>
     </gpxtpx:TrackPointExtension>
    </extensions>
   </trkpt>
   <trkpt lat="49.2656180" lon="-123.1038020">
    <ele>22.0</ele>
    <time>2026-04-19T17:38:39Z</time>
    <extensions>
     <power>155</power>
     <gpxtpx:TrackPointExtension>
      <gpxtpx:hr>173</gpxtpx:hr>
     </gpxtpx:TrackPointExtension>
    </extensions>
   </trkpt>
   <trkpt lat="49.2656180" lon="-123.1037720">
    <ele>22.0</ele>
    <time>2026-04-19T17:38:40Z</time>
    <extensions>
     <power>155</power>
     <gpxtpx:TrackPointExtension>
      <gpxtpx:hr>173</gpxtpx:hr>
     </gpxtpx:TrackPointExtension>
    </extensions>
   </trkpt>
   <trkpt lat="49.2656180" lon="-123.1037410">
    <ele>22.2</ele>
    <time>2026-04-19T17:38:41Z</time>
    <extensions>
     <power>145</power>
     <gpxtpx:TrackPointExtension>
      <gpxtpx:hr>173</gpxtpx:hr>
     </gpxtpx:TrackPointExtension>
    </extensions>
   </trkpt>
   <trkpt lat="49.2656190" lon="-123.1037100">
    <ele>22.2</ele>
    <time>2026-04-19T17:38:42Z</time>
    <extensions>
     <power>145</power>
     <gpxtpx:TrackPointExtension>
      <gpxtpx:hr>173</gpxtpx:hr>
     </gpxtpx:TrackPointExtension>
    </extensions>
   </trkpt>
   <trkpt lat="49.2656200" lon="-123.1036790">
    <ele>22.4</ele>
    <time>2026-04-19T17:38:43Z</time>
    <extensions>
     <power>131</power>
     <gpxtpx:TrackPointExtension>
      <gpxtpx:hr>173</gpxtpx:hr>
     </gpxtpx:TrackPointExtension>
    </extensions>
   </trkpt>
   <trkpt lat="49.2656200" lon="-123.1036250">
    <ele>22.6</ele>
    <time>2026-04-19T17:38:44Z</time>
    <extensions>
     <power>131</power>
     <gpxtpx:TrackPointExtension>
      <gpxtpx:hr>175</gpxtpx:hr>
     </gpxtpx:TrackPointExtension>
    </extensions>
   </trkpt>
   <trkpt lat="49.2656200" lon="-123.1036020">
    <ele>22.8</ele>
    <time>2026-04-19T17:38:45Z</time>
    <extensions>
     <power>131</power>
     <gpxtpx:TrackPointExtension>
      <gpxtpx:hr>175</gpxtpx:hr>
     </gpxtpx:TrackPointExtension>
    </extensions>
   </trkpt>
   <trkpt lat="49.2656200" lon="-123.1035800">
    <ele>22.8</ele>
    <time>2026-04-19T17:38:46Z</time>
    <extensions>
     <power>146</power>
     <gpxtpx:TrackPointExtension>
      <gpxtpx:hr>175</gpxtpx:hr>
     </gpxtpx:TrackPointExtension>
    </extensions>
   </trkpt>
   <trkpt lat="49.2656180" lon="-123.1035210">
    <ele>23.0</ele>
    <time>2026-04-19T17:38:47Z</time>
    <extensions>
     <power>146</power>
     <gpxtpx:TrackPointExtension>
      <gpxtpx:hr>175</gpxtpx:hr>
     </gpxtpx:TrackPointExtension>
    </extensions>
   </trkpt>
   <trkpt lat="49.2656170" lon="-123.1034960">
    <ele>23.2</ele>
    <time>2026-04-19T17:38:48Z</time>
    <extensions>
     <power>146</power>
     <gpxtpx:TrackPointExtension>
      <gpxtpx:hr>175</gpxtpx:hr>
     </gpxtpx:TrackPointExtension>
    </extensions>
   </trkpt>
   <trkpt lat="49.2656160" lon="-123.1034720">
    <ele>23.4</ele>
    <time>2026-04-19T17:38:49Z</time>
    <extensions>
     <power>157</power>
     <gpxtpx:TrackPointExtension>
      <gpxtpx:hr>175</gpxtpx:hr>
     </gpxtpx:TrackPointExtension>
    </extensions>
   </trkpt>
   <trkpt lat="49.2656140" lon="-123.1034170">
    <ele>23.4</ele>
    <time>2026-04-19T17:38:50Z</time>
    <extensions>
     <power>157</power>
     <gpxtpx:TrackPointExtension>
      <gpxtpx:hr>175</gpxtpx:hr>
     </gpxtpx:TrackPointExtension>
    </extensions>
   </trkpt>
   <trkpt lat="49.2656130" lon="-123.1033990">
    <ele>23.6</ele>
    <time>2026-04-19T17:38:51Z</time>
    <extensions>
     <power>252</power>
     <gpxtpx:TrackPointExtension>
      <gpxtpx:hr>175</gpxtpx:hr>
     </gpxtpx:TrackPointExtension>
    </extensions>
   </trkpt>
   <trkpt lat="49.2656110" lon="-123.1033340">
    <ele>23.8</ele>
    <time>2026-04-19T17:38:52Z</time>
    <extensions>
     <power>252</power>
     <gpxtpx:TrackPointExtension>
      <gpxtpx:hr>175</gpxtpx:hr>
     </gpxtpx:TrackPointExtension>
    </extensions>
   </trkpt>
   <trkpt lat="49.2656100" lon="-123.1033080">
    <ele>24.0</ele>
    <time>2026-04-19T17:38:53Z</time>
    <extensions>
     <power>252</power>
     <gpxtpx:TrackPointExtension>
      <gpxtpx:hr>175</gpxtpx:hr>
     </gpxtpx:TrackPointExtension>
    </extensions>
   </trkpt>
   <trkpt lat="49.2656100" lon="-123.1032820">
    <ele>24.0</ele>
    <time>2026-04-19T17:38:54Z</time>
    <extensions>
     <power>264</power>
     <gpxtpx:TrackPointExtension>
      <gpxtpx:hr>175</gpxtpx:hr>
     </gpxtpx:TrackPointExtension>
    </extensions>
   </trkpt>
   <trkpt lat="49.2656110" lon="-123.1032230">
    <ele>24.2</ele>
    <time>2026-04-19T17:38:55Z</time>
    <extensions>
     <power>264</power>
     <gpxtpx:TrackPointExtension>
      <gpxtpx:hr>175</gpxtpx:hr>
     </gpxtpx:TrackPointExtension>
    </extensions>
   </trkpt>
   <trkpt lat="49.2656130" lon="-123.1032040">
    <ele>24.4</ele>
    <time>2026-04-19T17:38:56Z</time>
    <extensions>
     <power>291</power>
     <gpxtpx:TrackPointExtension>
      <gpxtpx:hr>176</gpxtpx:hr>
     </gpxtpx:TrackPointExtension>
    </extensions>
   </trkpt>
   <trkpt lat="49.2656190" lon="-123.1031400">
    <ele>24.4</ele>
    <time>2026-04-19T17:38:57Z</time>
    <extensions>
     <power>291</power>
     <gpxtpx:TrackPointExtension>
      <gpxtpx:hr>176</gpxtpx:hr>
     </gpxtpx:TrackPointExtension>
    </extensions>
   </trkpt>
   <trkpt lat="49.2656240" lon="-123.1031160">
    <ele>24.6</ele>
    <time>2026-04-19T17:38:58Z</time>
    <extensions>
     <power>291</power>
     <gpxtpx:TrackPointExtension>
      <gpxtpx:hr>176</gpxtpx:hr>
     </gpxtpx:TrackPointExtension>
    </extensions>
   </trkpt>
   <trkpt lat="49.2656280" lon="-123.1030920">
    <ele>24.8</ele>
    <time>2026-04-19T17:38:59Z</time>
    <extensions>
     <power>302</power>
     <gpxtpx:TrackPointExtension>
      <gpxtpx:hr>176</gpxtpx:hr>
     </gpxtpx:TrackPointExtension>
    </extensions>
   </trkpt>
   <trkpt lat="49.2656490" lon="-123.1030490">
    <ele>24.8</ele>
    <time>2026-04-19T17:39:00Z</time>
    <extensions>
     <power>302</power>
     <gpxtpx:TrackPointExtension>
      <gpxtpx:hr>176</gpxtpx:hr>
     </gpxtpx:TrackPointExtension>
    </extensions>
   </trkpt>
   <trkpt lat="49.2656570" lon="-123.1030360">
    <ele>25.0</ele>
    <time>2026-04-19T17:39:01Z</time>
    <extensions>
     <power>299</power>
     <gpxtpx:TrackPointExtension>
      <gpxtpx:hr>178</gpxtpx:hr>
     </gpxtpx:TrackPointExtension>
    </extensions>
   </trkpt>
   <trkpt lat="49.2656970" lon="-123.1030040">
    <ele>25.0</ele>
    <time>2026-04-19T17:39:02Z</time>
    <extensions>
     <power>299</power>
     <gpxtpx:TrackPointExtension>
      <gpxtpx:hr>178</gpxtpx:hr>
     </gpxtpx:TrackPointExtension>
    </extensions>
   </trkpt>
   <trkpt lat="49.2657150" lon="-123.1029940">
    <ele>25.2</ele>
    <time>2026-04-19T17:39:03Z</time>
    <extensions>
     <power>299</power>
     <gpxtpx:TrackPointExtension>
      <gpxtpx:hr>178</gpxtpx:hr>
     </gpxtpx:TrackPointExtension>
    </extensions>
   </trkpt>
   <trkpt lat="49.2657330" lon="-123.1029830">
    <ele>25.2</ele>
    <time>2026-04-19T17:39:04Z</time>
    <extensions>
     <power>296</power>
     <gpxtpx:TrackPointExtension>
      <gpxtpx:hr>178</gpxtpx:hr>
     </gpxtpx:TrackPointExtension>
    </extensions>
   </trkpt>
   <trkpt lat="49.2657740" lon="-123.1029680">
    <ele>25.4</ele>
    <time>2026-04-19T17:39:05Z</time>
    <extensions>
     <power>296</power>
     <gpxtpx:TrackPointExtension>
      <gpxtpx:hr>178</gpxtpx:hr>
     </gpxtpx:TrackPointExtension>
    </extensions>
   </trkpt>
   <trkpt lat="49.2657870" lon="-123.1029640">
    <ele>25.4</ele>
    <time>2026-04-19T17:39:06Z</time>
    <extensions>
     <power>295</power>
     <gpxtpx:TrackPointExtension>
      <gpxtpx:hr>178</gpxtpx:hr>
     </gpxtpx:TrackPointExtension>
    </extensions>
   </trkpt>
   <trkpt lat="49.2658280" lon="-123.1029590">
    <ele>25.4</ele>
    <time>2026-04-19T17:39:07Z</time>
    <extensions>
     <power>295</power>
     <gpxtpx:TrackPointExtension>
      <gpxtpx:hr>178</gpxtpx:hr>
     </gpxtpx:TrackPointExtension>
    </extensions>
   </trkpt>
   <trkpt lat="49.2658450" lon="-123.1029590">
    <ele>25.4</ele>
    <time>2026-04-19T17:39:08Z</time>
    <extensions>
     <power>295</power>
     <gpxtpx:TrackPointExtension>
      <gpxtpx:hr>178</gpxtpx:hr>
     </gpxtpx:TrackPointExtension>
    </extensions>
   </trkpt>
   <trkpt lat="49.2658610" lon="-123.1029580">
    <ele>25.4</ele>
    <time>2026-04-19T17:39:09Z</time>
    <extensions>
     <power>288</power>
     <gpxtpx:TrackPointExtension>
      <gpxtpx:hr>178</gpxtpx:hr>
     </gpxtpx:TrackPointExtension>
    </extensions>
   </trkpt>
   <trkpt lat="49.2659010" lon="-123.1029600">
    <ele>25.2</ele>
    <time>2026-04-19T17:39:10Z</time>
    <extensions>
     <power>288</power>
     <gpxtpx:TrackPointExtension>
      <gpxtpx:hr>178</gpxtpx:hr>
     </gpxtpx:TrackPointExtension>
    </extensions>
   </trkpt>
   <trkpt lat="49.2659160" lon="-123.1029620">
    <ele>25.2</ele>
    <time>2026-04-19T17:39:11Z</time>
    <extensions>
     <power>288</power>
     <gpxtpx:TrackPointExtension>
      <gpxtpx:hr>178</gpxtpx:hr>
     </gpxtpx:TrackPointExtension>
    </extensions>
   </trkpt>
   <trkpt lat="49.2659320" lon="-123.1029630">
    <ele>25.2</ele>
    <time>2026-04-19T17:39:12Z</time>
    <extensions>
     <power>273</power>
     <gpxtpx:TrackPointExtension>
      <gpxtpx:hr>178</gpxtpx:hr>
     </gpxtpx:TrackPointExtension>
    </extensions>
   </trkpt>
   <trkpt lat="49.2659670" lon="-123.1029640">
    <ele>25.0</ele>
    <time>2026-04-19T17:39:13Z</time>
    <extensions>
     <power>273</power>
     <gpxtpx:TrackPointExtension>
      <gpxtpx:hr>178</gpxtpx:hr>
     </gpxtpx:TrackPointExtension>
    </extensions>
   </trkpt>
   <trkpt lat="49.2659790" lon="-123.1029650">
    <ele>24.8</ele>
    <time>2026-04-19T17:39:14Z</time>
    <extensions>
     <power>230</power>
     <gpxtpx:TrackPointExtension>
      <gpxtpx:hr>179</gpxtpx:hr>
     </gpxtpx:TrackPointExtension>
    </extensions>
   </trkpt>
   <trkpt lat="49.2660170" lon="-123.1029660">
    <ele>24.8</ele>
    <time>2026-04-19T17:39:15Z</time>
    <extensions>
     <power>230</power>
     <gpxtpx:TrackPointExtension>
      <gpxtpx:hr>179</gpxtpx:hr>
     </gpxtpx:TrackPointExtension>
    </extensions>
   </trkpt>
   <trkpt lat="49.2660320" lon="-123.1029660">
    <ele>24.6</ele>
    <time>2026-04-19T17:39:16Z</time>
    <extensions>
     <power>230</power>
     <gpxtpx:TrackPointExtension>
      <gpxtpx:hr>179</gpxtpx:hr>
     </gpxtpx:TrackPointExtension>
    </extensions>
   </trkpt>
   <trkpt lat="49.2660470" lon="-123.1029660">
    <ele>24.4</ele>
    <time>2026-04-19T17:39:17Z</time>
    <extensions>
     <power>210</power>
     <gpxtpx:TrackPointExtension>
      <gpxtpx:hr>179</gpxtpx:hr>
     </gpxtpx:TrackPointExtension>
    </extensions>
   </trkpt>
   <trkpt lat="49.2660830" lon="-123.1029640">
    <ele>24.2</ele>
    <time>2026-04-19T17:39:18Z</time>
    <extensions>
     <power>210</power>
     <gpxtpx:TrackPointExtension>
      <gpxtpx:hr>179</gpxtpx:hr>
     </gpxtpx:TrackPointExtension>
    </extensions>
   </trkpt>
   <trkpt lat="49.2660940" lon="-123.1029630">
    <ele>24.0</ele>
    <time>2026-04-19T17:39:19Z</time>
    <extensions>
     <power>164</power>
     <gpxtpx:TrackPointExtension>
      <gpxtpx:hr>180</gpxtpx:hr>
     </gpxtpx:TrackPointExtension>
    </extensions>
   </trkpt>
   <trkpt lat="49.2661340" lon="-123.1029600">
    <ele>23.8</ele>
    <time>2026-04-19T17:39:20Z</time>
    <extensions>
     <power>164</power>
     <gpxtpx:TrackPointExtension>
      <gpxtpx:hr>180</gpxtpx:hr>
     </gpxtpx:TrackPointExtension>
    </extensions>
   </trkpt>
   <trkpt lat="49.2661510" lon="-123.1029590">
    <ele>23.6</ele>
    <time>2026-04-19T17:39:21Z</time>
    <extensions>
     <power>164</power>
     <gpxtpx:TrackPointExtension>
      <gpxtpx:hr>180</gpxtpx:hr>
     </gpxtpx:TrackPointExtension>
    </extensions>
   </trkpt>
   <trkpt lat="49.2661670" lon="-123.1029580">
    <ele>23.4</ele>
    <time>2026-04-19T17:39:22Z</time>
    <extensions>
     <power>170</power>
     <gpxtpx:TrackPointExtension>
      <gpxtpx:hr>180</gpxtpx:hr>
     </gpxtpx:TrackPointExtension>
    </extensions>
   </trkpt>
   <trkpt lat="49.2662050" lon="-123.1029550">
    <ele>23.2</ele>
    <time>2026-04-19T17:39:23Z</time>
    <extensions>
     <power>170</power>
     <gpxtpx:TrackPointExtension>
      <gpxtpx:hr>179</gpxtpx:hr>
     </gpxtpx:TrackPointExtension>
    </extensions>
   </trkpt>
   <trkpt lat="49.2662170" lon="-123.1029540">
    <ele>23.0</ele>
    <time>2026-04-19T17:39:24Z</time>
    <extensions>
     <power>162</power>
     <gpxtpx:TrackPointExtension>
      <gpxtpx:hr>179</gpxtpx:hr>
     </gpxtpx:TrackPointExtension>
    </extensions>
   </trkpt>
   <trkpt lat="49.2662560" lon="-123.1029520">
    <ele>22.8</ele>
    <time>2026-04-19T17:39:25Z</time>
    <extensions>
     <power>162</power>
     <gpxtpx:TrackPointExtension>
      <gpxtpx:hr>179</gpxtpx:hr>
     </gpxtpx:TrackPointExtension>
    </extensions>
   </trkpt>
   <trkpt lat="49.2662700" lon="-123.1029510">
    <ele>22.6</ele>
    <time>2026-04-19T17:39:26Z</time>
    <extensions>
     <power>162</power>
     <gpxtpx:TrackPointExtension>
      <gpxtpx:hr>179</gpxtpx:hr>
     </gpxtpx:TrackPointExtension>
    </extensions>
   </trkpt>
   <trkpt lat="49.2662850" lon="-123.1029510">
    <ele>22.4</ele>
    <time>2026-04-19T17:39:27Z</time>
    <extensions>
     <power>147</power>
     <gpxtpx:TrackPointExtension>
      <gpxtpx:hr>179</gpxtpx:hr>
     </gpxtpx:TrackPointExtension>
    </extensions>
   </trkpt>
   <trkpt lat="49.2663190" lon="-123.1029490">
    <ele>22.2</ele>
    <time>2026-04-19T17:39:28Z</time>
    <extensions>
     <power>147</power>
     <gpxtpx:TrackPointExtension>
      <gpxtpx:hr>179</gpxtpx:hr>
     </gpxtpx:TrackPointExtension>
    </extensions>
   </trkpt>
   <trkpt lat="49.2663300" lon="-123.1029470">
    <ele>22.0</ele>
    <time>2026-04-19T17:39:29Z</time>
    <extensions>
     <power>150</power>
     <gpxtpx:TrackPointExtension>
      <gpxtpx:hr>179</gpxtpx:hr>
     </gpxtpx:TrackPointExtension>
    </extensions>
   </trkpt>
   <trkpt lat="49.2663680" lon="-123.1029390">
    <ele>21.8</ele>
    <time>2026-04-19T17:39:30Z</time>
    <extensions>
     <power>150</power>
     <gpxtpx:TrackPointExtension>
      <gpxtpx:hr>179</gpxtpx:hr>
     </gpxtpx:TrackPointExtension>
    </extensions>
   </trkpt>
   <trkpt lat="49.2663830" lon="-123.1029360">
    <ele>21.6</ele>
    <time>2026-04-19T17:39:31Z</time>
    <extensions>
     <power>150</power>
     <gpxtpx:TrackPointExtension>
      <gpxtpx:hr>179</gpxtpx:hr>
     </gpxtpx:TrackPointExtension>
    </extensions>
   </trkpt>
   <trkpt lat="49.2663990" lon="-123.1029320">
    <ele>21.4</ele>
    <time>2026-04-19T17:39:32Z</time>
    <extensions>
     <power>154</power>
     <gpxtpx:TrackPointExtension>
      <gpxtpx:hr>179</gpxtpx:hr>
     </gpxtpx:TrackPointExtension>
    </extensions>
   </trkpt>
   <trkpt lat="49.2664400" lon="-123.1029240">
    <ele>21.4</ele>
    <time>2026-04-19T17:39:33Z</time>
    <extensions>
     <power>154</power>
     <gpxtpx:TrackPointExtension>
      <gpxtpx:hr>179</gpxtpx:hr>
     </gpxtpx:TrackPointExtension>
    </extensions>
   </trkpt>
   <trkpt lat="49.2664580" lon="-123.1029200">
    <ele>21.2</ele>
    <time>2026-04-19T17:39:34Z</time>
    <extensions>
     <power>154</power>
     <gpxtpx:TrackPointExtension>
      <gpxtpx:hr>179</gpxtpx:hr>
     </gpxtpx:TrackPointExtension>
    </extensions>
   </trkpt>
   <trkpt lat="49.2664750" lon="-123.1029170">
    <ele>21.0</ele>
    <time>2026-04-19T17:39:35Z</time>
    <extensions>
     <power>162</power>
     <gpxtpx:TrackPointExtension>
      <gpxtpx:hr>179</gpxtpx:hr>
     </gpxtpx:TrackPointExtension>
    </extensions>
   </trkpt>
   <trkpt lat="49.2665140" lon="-123.1029080">
    <ele>21.0</ele>
    <time>2026-04-19T17:39:36Z</time>
    <extensions>
     <power>162</power>
     <gpxtpx:TrackPointExtension>
      <gpxtpx:hr>179</gpxtpx:hr>
     </gpxtpx:TrackPointExtension>
    </extensions>
   </trkpt>
   <trkpt lat="49.2665270" lon="-123.1029050">
    <ele>20.8</ele>
    <time>2026-04-19T17:39:37Z</time>
    <extensions>
     <power>158</power>
     <gpxtpx:TrackPointExtension>
      <gpxtpx:hr>179</gpxtpx:hr>
     </gpxtpx:TrackPointExtension>
    </extensions>
   </trkpt>
   <trkpt lat="49.2665710" lon="-123.1029000">
    <ele>20.6</ele>
    <time>2026-04-19T17:39:38Z</time>
    <extensions>
     <power>158</power>
     <gpxtpx:TrackPointExtension>
      <gpxtpx:hr>179</gpxtpx:hr>
     </gpxtpx:TrackPointExtension>
    </extensions>
   </trkpt>
   <trkpt lat="49.2665880" lon="-123.1028990">
    <ele>20.6</ele>
    <time>2026-04-19T17:39:39Z</time>
    <extensions>
     <power>158</power>
     <gpxtpx:TrackPointExtension>
      <gpxtpx:hr>179</gpxtpx:hr>
     </gpxtpx:TrackPointExtension>
    </extensions>
   </trkpt>
   <trkpt lat="49.2666060" lon="-123.1028970">
    <ele>20.6</ele>
    <time>2026-04-19T17:39:40Z</time>
    <extensions>
     <power>161</power>
     <gpxtpx:TrackPointExtension>
      <gpxtpx:hr>179</gpxtpx:hr>
     </gpxtpx:TrackPointExtension>
    </extensions>
   </trkpt>
   <trkpt lat="49.2666300" lon="-123.1028950">
    <ele>20.4</ele>
    <time>2026-04-19T17:39:41Z</time>
    <extensions>
     <power>161</power>
     <gpxtpx:TrackPointExtension>
      <gpxtpx:hr>179</gpxtpx:hr>
     </gpxtpx:TrackPointExtension>
    </extensions>
   </trkpt>
   <trkpt lat="49.2666530" lon="-123.1028940">
    <ele>20.4</ele>
    <time>2026-04-19T17:39:42Z</time>
    <extensions>
     <power>147</power>
     <gpxtpx:TrackPointExtension>
      <gpxtpx:hr>179</gpxtpx:hr>
     </gpxtpx:TrackPointExtension>
    </extensions>
   </trkpt>
   <trkpt lat="49.2666900" lon="-123.1028950">
    <ele>20.2</ele>
    <time>2026-04-19T17:39:43Z</time>
    <extensions>
     <power>147</power>
     <gpxtpx:TrackPointExtension>
      <gpxtpx:hr>178</gpxtpx:hr>
     </gpxtpx:TrackPointExtension>
    </extensions>
   </trkpt>
   <trkpt lat="49.2667040" lon="-123.1028940">
    <ele>20.2</ele>
    <time>2026-04-19T17:39:44Z</time>
    <extensions>
     <power>147</power>
     <gpxtpx:TrackPointExtension>
      <gpxtpx:hr>178</gpxtpx:hr>
     </gpxtpx:TrackPointExtension>
    </extensions>
   </trkpt>
   <trkpt lat="49.2667190" lon="-123.1028940">
    <ele>20.0</ele>
    <time>2026-04-19T17:39:45Z</time>
    <extensions>
     <power>143</power>
     <gpxtpx:TrackPointExtension>
      <gpxtpx:hr>178</gpxtpx:hr>
     </gpxtpx:TrackPointExtension>
    </extensions>
   </trkpt>
   <trkpt lat="49.2667570" lon="-123.1028890">
    <ele>20.0</ele>
    <time>2026-04-19T17:39:46Z</time>
    <extensions>
     <power>143</power>
     <gpxtpx:TrackPointExtension>
      <gpxtpx:hr>178</gpxtpx:hr>
     </gpxtpx:TrackPointExtension>
    </extensions>
   </trkpt>
   <trkpt lat="49.2667700" lon="-123.1028870">
    <ele>19.8</ele>
    <time>2026-04-19T17:39:47Z</time>
    <extensions>
     <power>149</power>
     <gpxtpx:TrackPointExtension>
      <gpxtpx:hr>178</gpxtpx:hr>
     </gpxtpx:TrackPointExtension>
    </extensions>
   </trkpt>
   <trkpt lat="49.2668130" lon="-123.1028800">
    <ele>19.8</ele>
    <time>2026-04-19T17:39:48Z</time>
    <extensions>
     <power>149</power>
     <gpxtpx:TrackPointExtension>
      <gpxtpx:hr>178</gpxtpx:hr>
     </gpxtpx:TrackPointExtension>
    </extensions>
   </trkpt>
   <trkpt lat="49.2668300" lon="-123.1028790">
    <ele>19.6</ele>
    <time>2026-04-19T17:39:49Z</time>
    <extensions>
     <power>149</power>
     <gpxtpx:TrackPointExtension>
      <gpxtpx:hr>178</gpxtpx:hr>
     </gpxtpx:TrackPointExtension>
    </extensions>
   </trkpt>
   <trkpt lat="49.2668470" lon="-123.1028770">
    <ele>19.4</ele>
    <time>2026-04-19T17:39:50Z</time>
    <extensions>
     <power>145</power>
     <gpxtpx:TrackPointExtension>
      <gpxtpx:hr>177</gpxtpx:hr>
     </gpxtpx:TrackPointExtension>
    </extensions>
   </trkpt>
   <trkpt lat="49.2668890" lon="-123.1028800">
    <ele>19.4</ele>
    <time>2026-04-19T17:39:51Z</time>
    <extensions>
     <power>145</power>
     <gpxtpx:TrackPointExtension>
      <gpxtpx:hr>177</gpxtpx:hr>
     </gpxtpx:TrackPointExtension>
    </extensions>
   </trkpt>
   <trkpt lat="49.2669050" lon="-123.1028810">
    <ele>19.2</ele>
    <time>2026-04-19T17:39:52Z</time>
    <extensions>
     <power>145</power>
     <gpxtpx:TrackPointExtension>
      <gpxtpx:hr>177</gpxtpx:hr>
     </gpxtpx:TrackPointExtension>
    </extensions>
   </trkpt>
   <trkpt lat="49.2669220" lon="-123.1028820">
    <ele>19.0</ele>
    <time>2026-04-19T17:39:53Z</time>
    <extensions>
     <power>152</power>
     <gpxtpx:TrackPointExtension>
      <gpxtpx:hr>177</gpxtpx:hr>
     </gpxtpx:TrackPointExtension>
    </extensions>
   </trkpt>
   <trkpt lat="49.2669600" lon="-123.1028820">
    <ele>18.8</ele>
    <time>2026-04-19T17:39:54Z</time>
    <extensions>
     <power>152</power>
     <gpxtpx:TrackPointExtension>
      <gpxtpx:hr>177</gpxtpx:hr>
     </gpxtpx:TrackPointExtension>
    </extensions>
   </trkpt>
   <trkpt lat="49.2669730" lon="-123.1028830">
    <ele>18.8</ele>
    <time>2026-04-19T17:39:55Z</time>
    <extensions>
     <power>157</power>
     <gpxtpx:TrackPointExtension>
      <gpxtpx:hr>177</gpxtpx:hr>
     </gpxtpx:TrackPointExtension>
    </extensions>
   </trkpt>
   <trkpt lat="49.2670150" lon="-123.1028840">
    <ele>18.6</ele>
    <time>2026-04-19T17:39:56Z</time>
    <extensions>
     <power>157</power>
     <gpxtpx:TrackPointExtension>
      <gpxtpx:hr>177</gpxtpx:hr>
     </gpxtpx:TrackPointExtension>
    </extensions>
   </trkpt>
   <trkpt lat="49.2670320" lon="-123.1028850">
    <ele>18.4</ele>
    <time>2026-04-19T17:39:57Z</time>
    <extensions>
     <power>157</power>
     <gpxtpx:TrackPointExtension>
      <gpxtpx:hr>177</gpxtpx:hr>
     </gpxtpx:TrackPointExtension>
    </extensions>
   </trkpt>
   <trkpt lat="49.2670490" lon="-123.1028850">
    <ele>18.4</ele>
    <time>2026-04-19T17:39:58Z</time>
    <extensions>
     <power>158</power>
     <gpxtpx:TrackPointExtension>
      <gpxtpx:hr>177</gpxtpx:hr>
     </gpxtpx:TrackPointExtension>
    </extensions>
   </trkpt>
   <trkpt lat="49.2670880" lon="-123.1028820">
    <ele>18.2</ele>
    <time>2026-04-19T17:39:59Z</time>
    <extensions>
     <power>158</power>
     <gpxtpx:TrackPointExtension>
      <gpxtpx:hr>176</gpxtpx:hr>
     </gpxtpx:TrackPointExtension>
    </extensions>
   </trkpt>
   <trkpt lat="49.2671010" lon="-123.1028800">
    <ele>18.0</ele>
    <time>2026-04-19T17:40:00Z</time>
    <extensions>
     <power>160</power>
     <gpxtpx:TrackPointExtension>
      <gpxtpx:hr>176</gpxtpx:hr>
     </gpxtpx:TrackPointExtension>
    </extensions>
   </trkpt>
   <trkpt lat="49.2671410" lon="-123.1028750">
    <ele>17.8</ele>
    <time>2026-04-19T17:40:01Z</time>
    <extensions>
     <power>160</power>
     <gpxtpx:TrackPointExtension>
      <gpxtpx:hr>176</gpxtpx:hr>
     </gpxtpx:TrackPointExtension>
    </extensions>
   </trkpt>
   <trkpt lat="49.2671580" lon="-123.1028720">
    <ele>17.8</ele>
    <time>2026-04-19T17:40:02Z</time>
    <extensions>
     <power>160</power>
     <gpxtpx:TrackPointExtension>
      <gpxtpx:hr>176</gpxtpx:hr>
     </gpxtpx:TrackPointExtension>
    </extensions>
   </trkpt>
   <trkpt lat="49.2671740" lon="-123.1028700">
    <ele>17.6</ele>
    <time>2026-04-19T17:40:03Z</time>
    <extensions>
     <power>160</power>
     <gpxtpx:TrackPointExtension>
      <gpxtpx:hr>176</gpxtpx:hr>
     </gpxtpx:TrackPointExtension>
    </extensions>
   </trkpt>
   <trkpt lat="49.2672120" lon="-123.1028660">
    <ele>17.4</ele>
    <time>2026-04-19T17:40:04Z</time>
    <extensions>
     <power>160</power>
     <gpxtpx:TrackPointExtension>
      <gpxtpx:hr>175</gpxtpx:hr>
     </gpxtpx:TrackPointExtension>
    </extensions>
   </trkpt>
   <trkpt lat="49.2672250" lon="-123.1028650">
    <ele>17.2</ele>
    <time>2026-04-19T17:40:05Z</time>
    <extensions>
     <power>161</power>
     <gpxtpx:TrackPointExtension>
      <gpxtpx:hr>175</gpxtpx:hr>
     </gpxtpx:TrackPointExtension>
    </extensions>
   </trkpt>
   <trkpt lat="49.2672680" lon="-123.1028650">
    <ele>17.0</ele>
    <time>2026-04-19T17:40:06Z</time>
    <extensions>
     <power>161</power>
     <gpxtpx:TrackPointExtension>
      <gpxtpx:hr>175</gpxtpx:hr>
     </gpxtpx:TrackPointExtension>
    </extensions>
   </trkpt>
   <trkpt lat="49.2672850" lon="-123.1028640">
    <ele>17.0</ele>
    <time>2026-04-19T17:40:07Z</time>
    <extensions>
     <power>161</power>
     <gpxtpx:TrackPointExtension>
      <gpxtpx:hr>175</gpxtpx:hr>
     </gpxtpx:TrackPointExtension>
    </extensions>
   </trkpt>
   <trkpt lat="49.2673030" lon="-123.1028630">
    <ele>16.8</ele>
    <time>2026-04-19T17:40:08Z</time>
    <extensions>
     <power>154</power>
     <gpxtpx:TrackPointExtension>
      <gpxtpx:hr>175</gpxtpx:hr>
     </gpxtpx:TrackPointExtension>
    </extensions>
   </trkpt>
   <trkpt lat="49.2673440" lon="-123.1028580">
    <ele>16.6</ele>
    <time>2026-04-19T17:40:09Z</time>
    <extensions>
     <power>154</power>
     <gpxtpx:TrackPointExtension>
      <gpxtpx:hr>175</gpxtpx:hr>
     </gpxtpx:TrackPointExtension>
    </extensions>
   </trkpt>
   <trkpt lat="49.2673570" lon="-123.1028560">
    <ele>16.6</ele>
    <time>2026-04-19T17:40:10Z</time>
    <extensions>
     <power>155</power>
     <gpxtpx:TrackPointExtension>
      <gpxtpx:hr>175</gpxtpx:hr>
     </gpxtpx:TrackPointExtension>
    </extensions>
   </trkpt>
   <trkpt lat="49.2674000" lon="-123.1028540">
    <ele>16.4</ele>
    <time>2026-04-19T17:40:11Z</time>
    <extensions>
     <power>155</power>
     <gpxtpx:TrackPointExtension>
      <gpxtpx:hr>175</gpxtpx:hr>
     </gpxtpx:TrackPointExtension>
    </extensions>
   </trkpt>
   <trkpt lat="49.2674160" lon="-123.1028530">
    <ele>16.4</ele>
    <time>2026-04-19T17:40:12Z</time>
    <extensions>
     <power>155</power>
     <gpxtpx:TrackPointExtension>
      <gpxtpx:hr>175</gpxtpx:hr>
     </gpxtpx:TrackPointExtension>
    </extensions>
   </trkpt>
   <trkpt lat="49.2674330" lon="-123.1028530">
    <ele>16.2</ele>
    <time>2026-04-19T17:40:13Z</time>
    <extensions>
     <power>154</power>
     <gpxtpx:TrackPointExtension>
      <gpxtpx:hr>175</gpxtpx:hr>
     </gpxtpx:TrackPointExtension>
    </extensions>
   </trkpt>
   <trkpt lat="49.2674730" lon="-123.1028530">
    <ele>16.2</ele>
    <time>2026-04-19T17:40:14Z</time>
    <extensions>
     <power>154</power>
     <gpxtpx:TrackPointExtension>
      <gpxtpx:hr>175</gpxtpx:hr>
     </gpxtpx:TrackPointExtension>
    </extensions>
   </trkpt>
   <trkpt lat="49.2674890" lon="-123.1028530">
    <ele>16.0</ele>
    <time>2026-04-19T17:40:15Z</time>
    <extensions>
     <power>154</power>
     <gpxtpx:TrackPointExtension>
      <gpxtpx:hr>175</gpxtpx:hr>
     </gpxtpx:TrackPointExtension>
    </extensions>
   </trkpt>
   <trkpt lat="49.2675050" lon="-123.1028530">
    <ele>16.0</ele>
    <time>2026-04-19T17:40:16Z</time>
    <extensions>
     <power>154</power>
     <gpxtpx:TrackPointExtension>
      <gpxtpx:hr>175</gpxtpx:hr>
     </gpxtpx:TrackPointExtension>
    </extensions>
   </trkpt>
   <trkpt lat="49.2675420" lon="-123.1028540">
    <ele>15.8</ele>
    <time>2026-04-19T17:40:17Z</time>
    <extensions>
     <power>154</power>
     <gpxtpx:TrackPointExtension>
      <gpxtpx:hr>175</gpxtpx:hr>
     </gpxtpx:TrackPointExtension>
    </extensions>
   </trkpt>
   <trkpt lat="49.2675540" lon="-123.1028540">
    <ele>15.8</ele>
    <time>2026-04-19T17:40:18Z</time>
    <extensions>
     <power>154</power>
     <gpxtpx:TrackPointExtension>
      <gpxtpx:hr>175</gpxtpx:hr>
     </gpxtpx:TrackPointExtension>
    </extensions>
   </trkpt>
   <trkpt lat="49.2675960" lon="-123.1028540">
    <ele>15.6</ele>
    <time>2026-04-19T17:40:19Z</time>
    <extensions>
     <power>154</power>
     <gpxtpx:TrackPointExtension>
      <gpxtpx:hr>175</gpxtpx:hr>
     </gpxtpx:TrackPointExtension>
    </extensions>
   </trkpt>
   <trkpt lat="49.2676120" lon="-123.1028530">
    <ele>15.6</ele>
    <time>2026-04-19T17:40:20Z</time>
    <extensions>
     <power>154</power>
     <gpxtpx:TrackPointExtension>
      <gpxtpx:hr>174</gpxtpx:hr>
     </gpxtpx:TrackPointExtension>
    </extensions>
   </trkpt>
   <trkpt lat="49.2676290" lon="-123.1028530">
    <ele>15.6</ele>
    <time>2026-04-19T17:40:21Z</time>
    <extensions>
     <power>148</power>
     <gpxtpx:TrackPointExtension>
      <gpxtpx:hr>174</gpxtpx:hr>
     </gpxtpx:TrackPointExtension>
    </extensions>
   </trkpt>
   <trkpt lat="49.2676540" lon="-123.1028530">
    <ele>15.4</ele>
    <time>2026-04-19T17:40:22Z</time>
    <extensions>
     <power>148</power>
     <gpxtpx:TrackPointExtension>
      <gpxtpx:hr>174</gpxtpx:hr>
     </gpxtpx:TrackPointExtension>
    </extensions>
   </trkpt>
   <trkpt lat="49.2676780" lon="-123.1028520">
    <ele>15.4</ele>
    <time>2026-04-19T17:40:23Z</time>
    <extensions>
     <power>137</power>
     <gpxtpx:TrackPointExtension>
      <gpxtpx:hr>174</gpxtpx:hr>
     </gpxtpx:TrackPointExtension>
    </extensions>
   </trkpt>
   <trkpt lat="49.2677200" lon="-123.1028510">
    <ele>15.2</ele>
    <time>2026-04-19T17:40:24Z</time>
    <extensions>
     <power>137</power>
     <gpxtpx:TrackPointExtension>
      <gpxtpx:hr>174</gpxtpx:hr>
     </gpxtpx:TrackPointExtension>
    </extensions>
   </trkpt>
   <trkpt lat="49.2677370" lon="-123.1028500">
    <ele>15.2</ele>
    <time>2026-04-19T17:40:25Z</time>
    <extensions>
     <power>137</power>
     <gpxtpx:TrackPointExtension>
      <gpxtpx:hr>175</gpxtpx:hr>
     </gpxtpx:TrackPointExtension>
    </extensions>
   </trkpt>
   <trkpt lat="49.2677540" lon="-123.1028500">
    <ele>15.0</ele>
    <time>2026-04-19T17:40:26Z</time>
    <extensions>
     <power>118</power>
     <gpxtpx:TrackPointExtension>
      <gpxtpx:hr>175</gpxtpx:hr>
     </gpxtpx:TrackPointExtension>
    </extensions>
   </trkpt>
   <trkpt lat="49.2677950" lon="-123.1028490">
    <ele>15.0</ele>
    <time>2026-04-19T17:40:27Z</time>
    <extensions>
     <power>118</power>
     <gpxtpx:TrackPointExtension>
      <gpxtpx:hr>175</gpxtpx:hr>
     </gpxtpx:TrackPointExtension>
    </extensions>
   </trkpt>
   <trkpt lat="49.2678090" lon="-123.1028480">
    <ele>14.8</ele>
    <time>2026-04-19T17:40:28Z</time>
    <extensions>
     <power>141</power>
     <gpxtpx:TrackPointExtension>
      <gpxtpx:hr>175</gpxtpx:hr>
     </gpxtpx:TrackPointExtension>
    </extensions>
   </trkpt>
   <trkpt lat="49.2678560" lon="-123.1028450">
    <ele>14.6</ele>
    <time>2026-04-19T17:40:29Z</time>
    <extensions>
     <power>141</power>
     <gpxtpx:TrackPointExtension>
      <gpxtpx:hr>175</gpxtpx:hr>
     </gpxtpx:TrackPointExtension>
    </extensions>
   </trkpt>
   <trkpt lat="49.2678740" lon="-123.1028440">
    <ele>14.6</ele>
    <time>2026-04-19T17:40:30Z</time>
    <extensions>
     <power>141</power>
     <gpxtpx:TrackPointExtension>
      <gpxtpx:hr>174</gpxtpx:hr>
     </gpxtpx:TrackPointExtension>
    </extensions>
   </trkpt>
   <trkpt lat="49.2678920" lon="-123.1028430">
    <ele>14.4</ele>
    <time>2026-04-19T17:40:31Z</time>
    <extensions>
     <power>153</power>
     <gpxtpx:TrackPointExtension>
      <gpxtpx:hr>174</gpxtpx:hr>
     </gpxtpx:TrackPointExtension>
    </extensions>
   </trkpt>
   <trkpt lat="49.2679310" lon="-123.1028410">
    <ele>14.2</ele>
    <time>2026-04-19T17:40:32Z</time>
    <extensions>
     <power>153</power>
     <gpxtpx:TrackPointExtension>
      <gpxtpx:hr>174</gpxtpx:hr>
     </gpxtpx:TrackPointExtension>
    </extensions>
   </trkpt>
   <trkpt lat="49.2679440" lon="-123.1028400">
    <ele>14.2</ele>
    <time>2026-04-19T17:40:33Z</time>
    <extensions>
     <power>153</power>
     <gpxtpx:TrackPointExtension>
      <gpxtpx:hr>174</gpxtpx:hr>
     </gpxtpx:TrackPointExtension>
    </extensions>
   </trkpt>
   <trkpt lat="49.2679860" lon="-123.1028380">
    <ele>14.0</ele>
    <time>2026-04-19T17:40:34Z</time>
    <extensions>
     <power>153</power>
     <gpxtpx:TrackPointExtension>
      <gpxtpx:hr>174</gpxtpx:hr>
     </gpxtpx:TrackPointExtension>
    </extensions>
   </trkpt>
   <trkpt lat="49.2680020" lon="-123.1028360">
    <ele>13.8</ele>
    <time>2026-04-19T17:40:35Z</time>
    <extensions>
     <power>153</power>
     <gpxtpx:TrackPointExtension>
      <gpxtpx:hr>174</gpxtpx:hr>
     </gpxtpx:TrackPointExtension>
    </extensions>
   </trkpt>
   <trkpt lat="49.2680190" lon="-123.1028350">
    <ele>13.8</ele>
    <time>2026-04-19T17:40:36Z</time>
    <extensions>
     <power>151</power>
     <gpxtpx:TrackPointExtension>
      <gpxtpx:hr>174</gpxtpx:hr>
     </gpxtpx:TrackPointExtension>
    </extensions>
   </trkpt>
   <trkpt lat="49.2680640" lon="-123.1028330">
    <ele>13.6</ele>
    <time>2026-04-19T17:40:37Z</time>
    <extensions>
     <power>151</power>
     <gpxtpx:TrackPointExtension>
      <gpxtpx:hr>174</gpxtpx:hr>
     </gpxtpx:TrackPointExtension>
    </extensions>
   </trkpt>
   <trkpt lat="49.2680830" lon="-123.1028320">
    <ele>13.4</ele>
    <time>2026-04-19T17:40:38Z</time>
    <extensions>
     <power>151</power>
     <gpxtpx:TrackPointExtension>
      <gpxtpx:hr>174</gpxtpx:hr>
     </gpxtpx:TrackPointExtension>
    </extensions>
   </trkpt>
   <trkpt lat="49.2681010" lon="-123.1028310">
    <ele>13.2</ele>
    <time>2026-04-19T17:40:39Z</time>
    <extensions>
     <power>156</power>
     <gpxtpx:TrackPointExtension>
      <gpxtpx:hr>174</gpxtpx:hr>
     </gpxtpx:TrackPointExtension>
    </extensions>
   </trkpt>
   <trkpt lat="49.2681400" lon="-123.1028300">
    <ele>13.2</ele>
    <time>2026-04-19T17:40:40Z</time>
    <extensions>
     <power>156</power>
     <gpxtpx:TrackPointExtension>
      <gpxtpx:hr>174</gpxtpx:hr>
     </gpxtpx:TrackPointExtension>
    </extensions>
   </trkpt>
   <trkpt lat="49.2681520" lon="-123.1028290">
    <ele>13.0</ele>
    <time>2026-04-19T17:40:41Z</time>
    <extensions>
     <power>152</power>
     <gpxtpx:TrackPointExtension>
      <gpxtpx:hr>174</gpxtpx:hr>
     </gpxtpx:TrackPointExtension>
    </extensions>
   </trkpt>
   <trkpt lat="49.2681930" lon="-123.1028280">
    <ele>12.8</ele>
    <time>2026-04-19T17:40:42Z</time>
    <extensions>
     <power>152</power>
     <gpxtpx:TrackPointExtension>
      <gpxtpx:hr>173</gpxtpx:hr>
     </gpxtpx:TrackPointExtension>
    </extensions>
   </trkpt>
   <trkpt lat="49.2682090" lon="-123.1028270">
    <ele>12.8</ele>
    <time>2026-04-19T17:40:43Z</time>
    <extensions>
     <power>152</power>
     <gpxtpx:TrackPointExtension>
      <gpxtpx:hr>173</gpxtpx:hr>
     </gpxtpx:TrackPointExtension>
    </extensions>
   </trkpt>
   <trkpt lat="49.2682250" lon="-123.1028270">
    <ele>12.6</ele>
    <time>2026-04-19T17:40:44Z</time>
    <extensions>
     <power>151</power>
     <gpxtpx:TrackPointExtension>
      <gpxtpx:hr>173</gpxtpx:hr>
     </gpxtpx:TrackPointExtension>
    </extensions>
   </trkpt>
   <trkpt lat="49.2682580" lon="-123.1028260">
    <ele>12.6</ele>
    <time>2026-04-19T17:40:45Z</time>
    <extensions>
     <power>151</power>
     <gpxtpx:TrackPointExtension>
      <gpxtpx:hr>173</gpxtpx:hr>
     </gpxtpx:TrackPointExtension>
    </extensions>
   </trkpt>
   <trkpt lat="49.2682690" lon="-123.1028250">
    <ele>12.4</ele>
    <time>2026-04-19T17:40:46Z</time>
    <extensions>
     <power>147</power>
     <gpxtpx:TrackPointExtension>
      <gpxtpx:hr>173</gpxtpx:hr>
     </gpxtpx:TrackPointExtension>
    </extensions>
   </trkpt>
   <trkpt lat="49.2683090" lon="-123.1028230">
    <ele>12.4</ele>
    <time>2026-04-19T17:40:47Z</time>
    <extensions>
     <power>147</power>
     <gpxtpx:TrackPointExtension>
      <gpxtpx:hr>173</gpxtpx:hr>
     </gpxtpx:TrackPointExtension>
    </extensions>
   </trkpt>
   <trkpt lat="49.2683270" lon="-123.1028220">
    <ele>12.2</ele>
    <time>2026-04-19T17:40:48Z</time>
    <extensions>
     <power>147</power>
     <gpxtpx:TrackPointExtension>
      <gpxtpx:hr>173</gpxtpx:hr>
     </gpxtpx:TrackPointExtension>
    </extensions>
   </trkpt>
   <trkpt lat="49.2683440" lon="-123.1028210">
    <ele>12.2</ele>
    <time>2026-04-19T17:40:49Z</time>
    <extensions>
     <power>150</power>
     <gpxtpx:TrackPointExtension>
      <gpxtpx:hr>173</gpxtpx:hr>
     </gpxtpx:TrackPointExtension>
    </extensions>
   </trkpt>
   <trkpt lat="49.2683840" lon="-123.1028180">
    <ele>12.2</ele>
    <time>2026-04-19T17:40:50Z</time>
    <extensions>
     <power>150</power>
     <gpxtpx:TrackPointExtension>
      <gpxtpx:hr>173</gpxtpx:hr>
     </gpxtpx:TrackPointExtension>
    </extensions>
   </trkpt>
   <trkpt lat="49.2683970" lon="-123.1028160">
    <ele>12.0</ele>
    <time>2026-04-19T17:40:51Z</time>
    <extensions>
     <power>150</power>
     <gpxtpx:TrackPointExtension>
      <gpxtpx:hr>173</gpxtpx:hr>
     </gpxtpx:TrackPointExtension>
    </extensions>
   </trkpt>
   <trkpt lat="49.2684400" lon="-123.1028130">
    <ele>12.0</ele>
    <time>2026-04-19T17:40:52Z</time>
    <extensions>
     <power>150</power>
     <gpxtpx:TrackPointExtension>
      <gpxtpx:hr>173</gpxtpx:hr>
     </gpxtpx:TrackPointExtension>
    </extensions>
   </trkpt>
   <trkpt lat="49.2684560" lon="-123.1028120">
    <ele>12.0</ele>
    <time>2026-04-19T17:40:53Z</time>
    <extensions>
     <power>150</power>
     <gpxtpx:TrackPointExtension>
      <gpxtpx:hr>173</gpxtpx:hr>
     </gpxtpx:TrackPointExtension>
    </extensions>
   </trkpt>
   <trkpt lat="49.2684730" lon="-123.1028110">
    <ele>12.0</ele>
    <time>2026-04-19T17:40:54Z</time>
    <extensions>
     <power>147</power>
     <gpxtpx:TrackPointExtension>
      <gpxtpx:hr>173</gpxtpx:hr>
     </gpxtpx:TrackPointExtension>
    </extensions>
   </trkpt>
   <trkpt lat="49.2685110" lon="-123.1028080">
    <ele>12.0</ele>
    <time>2026-04-19T17:40:55Z</time>
    <extensions>
     <power>147</power>
     <gpxtpx:TrackPointExtension>
      <gpxtpx:hr>173</gpxtpx:hr>
     </gpxtpx:TrackPointExtension>
    </extensions>
   </trkpt>
   <trkpt lat="49.2685230" lon="-123.1028070">
    <ele>12.0</ele>
    <time>2026-04-19T17:40:56Z</time>
    <extensions>
     <power>146</power>
     <gpxtpx:TrackPointExtension>
      <gpxtpx:hr>173</gpxtpx:hr>
     </gpxtpx:TrackPointExtension>
    </extensions>
   </trkpt>
   <trkpt lat="49.2685640" lon="-123.1028050">
    <ele>11.8</ele>
    <time>2026-04-19T17:40:57Z</time>
    <extensions>
     <power>146</power>
     <gpxtpx:TrackPointExtension>
      <gpxtpx:hr>173</gpxtpx:hr>
     </gpxtpx:TrackPointExtension>
    </extensions>
   </trkpt>
   <trkpt lat="49.2685800" lon="-123.1028040">
    <ele>11.8</ele>
    <time>2026-04-19T17:40:58Z</time>
    <extensions>
     <power>146</power>
     <gpxtpx:TrackPointExtension>
      <gpxtpx:hr>173</gpxtpx:hr>
     </gpxtpx:TrackPointExtension>
    </extensions>
   </trkpt>
   <trkpt lat="49.2685960" lon="-123.1028030">
    <ele>11.8</ele>
    <time>2026-04-19T17:40:59Z</time>
    <extensions>
     <power>142</power>
     <gpxtpx:TrackPointExtension>
      <gpxtpx:hr>173</gpxtpx:hr>
     </gpxtpx:TrackPointExtension>
    </extensions>
   </trkpt>
   <trkpt lat="49.2686350" lon="-123.1028000">
    <ele>11.8</ele>
    <time>2026-04-19T17:41:00Z</time>
    <extensions>
     <power>142</power>
     <gpxtpx:TrackPointExtension>
      <gpxtpx:hr>173</gpxtpx:hr>
     </gpxtpx:TrackPointExtension>
    </extensions>
   </trkpt>
   <trkpt lat="49.2686500" lon="-123.1028000">
    <ele>11.6</ele>
    <time>2026-04-19T17:41:01Z</time>
    <extensions>
     <power>142</power>
     <gpxtpx:TrackPointExtension>
      <gpxtpx:hr>173</gpxtpx:hr>
     </gpxtpx:TrackPointExtension>
    </extensions>
   </trkpt>
   <trkpt lat="49.2686660" lon="-123.1027990">
    <ele>11.6</ele>
    <time>2026-04-19T17:41:02Z</time>
    <extensions>
     <power>142</power>
     <gpxtpx:TrackPointExtension>
      <gpxtpx:hr>173</gpxtpx:hr>
     </gpxtpx:TrackPointExtension>
    </extensions>
   </trkpt>
   <trkpt lat="49.2687010" lon="-123.1027980">
    <ele>11.6</ele>
    <time>2026-04-19T17:41:03Z</time>
    <extensions>
     <power>142</power>
     <gpxtpx:TrackPointExtension>
      <gpxtpx:hr>173</gpxtpx:hr>
     </gpxtpx:TrackPointExtension>
    </extensions>
   </trkpt>
   <trkpt lat="49.2687130" lon="-123.1027970">
    <ele>11.4</ele>
    <time>2026-04-19T17:41:04Z</time>
    <extensions>
     <power>142</power>
     <gpxtpx:TrackPointExtension>
      <gpxtpx:hr>174</gpxtpx:hr>
     </gpxtpx:TrackPointExtension>
    </extensions>
   </trkpt>
   <trkpt lat="49.2687560" lon="-123.1027960">
    <ele>11.4</ele>
    <time>2026-04-19T17:41:05Z</time>
    <extensions>
     <power>142</power>
     <gpxtpx:TrackPointExtension>
      <gpxtpx:hr>174</gpxtpx:hr>
     </gpxtpx:TrackPointExtension>
    </extensions>
   </trkpt>
   <trkpt lat="49.2687750" lon="-123.1027950">
    <ele>11.2</ele>
    <time>2026-04-19T17:41:06Z</time>
    <extensions>
     <power>142</power>
     <gpxtpx:TrackPointExtension>
      <gpxtpx:hr>174</gpxtpx:hr>
     </gpxtpx:TrackPointExtension>
    </extensions>
   </trkpt>
   <trkpt lat="49.2687930" lon="-123.1027940">
    <ele>11.0</ele>
    <time>2026-04-19T17:41:07Z</time>
    <extensions>
     <power>149</power>
     <gpxtpx:TrackPointExtension>
      <gpxtpx:hr>174</gpxtpx:hr>
     </gpxtpx:TrackPointExtension>
    </extensions>
   </trkpt>
   <trkpt lat="49.2688320" lon="-123.1027940">
    <ele>11.0</ele>
    <time>2026-04-19T17:41:08Z</time>
    <extensions>
     <power>149</power>
     <gpxtpx:TrackPointExtension>
      <gpxtpx:hr>175</gpxtpx:hr>
     </gpxtpx:TrackPointExtension>
    </extensions>
   </trkpt>
   <trkpt lat="49.2688450" lon="-123.1027930">
    <ele>10.8</ele>
    <time>2026-04-19T17:41:09Z</time>
    <extensions>
     <power>153</power>
     <gpxtpx:TrackPointExtension>
      <gpxtpx:hr>175</gpxtpx:hr>
     </gpxtpx:TrackPointExtension>
    </extensions>
   </trkpt>
   <trkpt lat="49.2688890" lon="-123.1027910">
    <ele>10.8</ele>
    <time>2026-04-19T17:41:10Z</time>
    <extensions>
     <power>153</power>
     <gpxtpx:TrackPointExtension>
      <gpxtpx:hr>175</gpxtpx:hr>
     </gpxtpx:TrackPointExtension>
    </extensions>
   </trkpt>
   <trkpt lat="49.2689070" lon="-123.1027900">
    <ele>10.6</ele>
    <time>2026-04-19T17:41:11Z</time>
    <extensions>
     <power>153</power>
     <gpxtpx:TrackPointExtension>
      <gpxtpx:hr>175</gpxtpx:hr>
     </gpxtpx:TrackPointExtension>
    </extensions>
   </trkpt>
   <trkpt lat="49.2689250" lon="-123.1027890">
    <ele>10.4</ele>
    <time>2026-04-19T17:41:12Z</time>
    <extensions>
     <power>165</power>
     <gpxtpx:TrackPointExtension>
      <gpxtpx:hr>175</gpxtpx:hr>
     </gpxtpx:TrackPointExtension>
    </extensions>
   </trkpt>
   <trkpt lat="49.2689670" lon="-123.1027860">
    <ele>10.4</ele>
    <time>2026-04-19T17:41:13Z</time>
    <extensions>
     <power>165</power>
     <gpxtpx:TrackPointExtension>
      <gpxtpx:hr>175</gpxtpx:hr>
     </gpxtpx:TrackPointExtension>
    </extensions>
   </trkpt>
   <trkpt lat="49.2689800" lon="-123.1027850">
    <ele>10.4</ele>
    <time>2026-04-19T17:41:14Z</time>
    <extensions>
     <power>164</power>
     <gpxtpx:TrackPointExtension>
      <gpxtpx:hr>175</gpxtpx:hr>
     </gpxtpx:TrackPointExtension>
    </extensions>
   </trkpt>
   <trkpt lat="49.2690200" lon="-123.1027820">
    <ele>10.2</ele>
    <time>2026-04-19T17:41:15Z</time>
    <extensions>
     <power>164</power>
     <gpxtpx:TrackPointExtension>
      <gpxtpx:hr>175</gpxtpx:hr>
     </gpxtpx:TrackPointExtension>
    </extensions>
   </trkpt>
   <trkpt lat="49.2690360" lon="-123.1027820">
    <ele>10.2</ele>
    <time>2026-04-19T17:41:16Z</time>
    <extensions>
     <power>164</power>
     <gpxtpx:TrackPointExtension>
      <gpxtpx:hr>175</gpxtpx:hr>
     </gpxtpx:TrackPointExtension>
    </extensions>
   </trkpt>
   <trkpt lat="49.2690520" lon="-123.1027810">
    <ele>10.0</ele>
    <time>2026-04-19T17:41:17Z</time>
    <extensions>
     <power>163</power>
     <gpxtpx:TrackPointExtension>
      <gpxtpx:hr>175</gpxtpx:hr>
     </gpxtpx:TrackPointExtension>
    </extensions>
   </trkpt>
   <trkpt lat="49.2690920" lon="-123.1027820">
    <ele>10.0</ele>
    <time>2026-04-19T17:41:18Z</time>
    <extensions>
     <power>163</power>
     <gpxtpx:TrackPointExtension>
      <gpxtpx:hr>175</gpxtpx:hr>
     </gpxtpx:TrackPointExtension>
    </extensions>
   </trkpt>
   <trkpt lat="49.2691050" lon="-123.1027820">
    <ele>9.8</ele>
    <time>2026-04-19T17:41:19Z</time>
    <extensions>
     <power>165</power>
     <gpxtpx:TrackPointExtension>
      <gpxtpx:hr>175</gpxtpx:hr>
     </gpxtpx:TrackPointExtension>
    </extensions>
   </trkpt>
   <trkpt lat="49.2691470" lon="-123.1027790">
    <ele>9.8</ele>
    <time>2026-04-19T17:41:20Z</time>
    <extensions>
     <power>165</power>
     <gpxtpx:TrackPointExtension>
      <gpxtpx:hr>175</gpxtpx:hr>
     </gpxtpx:TrackPointExtension>
    </extensions>
   </trkpt>
   <trkpt lat="49.2691630" lon="-123.1027780">
    <ele>9.6</ele>
    <time>2026-04-19T17:41:21Z</time>
    <extensions>
     <power>165</power>
     <gpxtpx:TrackPointExtension>
      <gpxtpx:hr>175</gpxtpx:hr>
     </gpxtpx:TrackPointExtension>
    </extensions>
   </trkpt>
   <trkpt lat="49.2691790" lon="-123.1027760">
    <ele>9.6</ele>
    <time>2026-04-19T17:41:22Z</time>
    <extensions>
     <power>162</power>
     <gpxtpx:TrackPointExtension>
      <gpxtpx:hr>175</gpxtpx:hr>
     </gpxtpx:TrackPointExtension>
    </extensions>
   </trkpt>
   <trkpt lat="49.2692170" lon="-123.1027720">
    <ele>9.6</ele>
    <time>2026-04-19T17:41:23Z</time>
    <extensions>
     <power>162</power>
     <gpxtpx:TrackPointExtension>
      <gpxtpx:hr>175</gpxtpx:hr>
     </gpxtpx:TrackPointExtension>
    </extensions>
   </trkpt>
   <trkpt lat="49.2692330" lon="-123.1027710">
    <ele>9.4</ele>
    <time>2026-04-19T17:41:24Z</time>
    <extensions>
     <power>162</power>
     <gpxtpx:TrackPointExtension>
      <gpxtpx:hr>175</gpxtpx:hr>
     </gpxtpx:TrackPointExtension>
    </extensions>
   </trkpt>
   <trkpt lat="49.2692480" lon="-123.1027700">
    <ele>9.4</ele>
    <time>2026-04-19T17:41:25Z</time>
    <extensions>
     <power>160</power>
     <gpxtpx:TrackPointExtension>
      <gpxtpx:hr>175</gpxtpx:hr>
     </gpxtpx:TrackPointExtension>
    </extensions>
   </trkpt>
   <trkpt lat="49.2692810" lon="-123.1027690">
    <ele>9.4</ele>
    <time>2026-04-19T17:41:26Z</time>
    <extensions>
     <power>160</power>
     <gpxtpx:TrackPointExtension>
      <gpxtpx:hr>175</gpxtpx:hr>
     </gpxtpx:TrackPointExtension>
    </extensions>
   </trkpt>
   <trkpt lat="49.2692910" lon="-123.1027680">
    <ele>9.4</ele>
    <time>2026-04-19T17:41:27Z</time>
    <extensions>
     <power>157</power>
     <gpxtpx:TrackPointExtension>
      <gpxtpx:hr>175</gpxtpx:hr>
     </gpxtpx:TrackPointExtension>
    </extensions>
   </trkpt>
   <trkpt lat="49.2693290" lon="-123.1027660">
    <ele>9.2</ele>
    <time>2026-04-19T17:41:28Z</time>
    <extensions>
     <power>157</power>
     <gpxtpx:TrackPointExtension>
      <gpxtpx:hr>175</gpxtpx:hr>
     </gpxtpx:TrackPointExtension>
    </extensions>
   </trkpt>
   <trkpt lat="49.2693450" lon="-123.1027640">
    <ele>9.2</ele>
    <time>2026-04-19T17:41:29Z</time>
    <extensions>
     <power>157</power>
     <gpxtpx:TrackPointExtension>
      <gpxtpx:hr>175</gpxtpx:hr>
     </gpxtpx:TrackPointExtension>
    </extensions>
   </trkpt>
   <trkpt lat="49.2693610" lon="-123.1027630">
    <ele>9.2</ele>
    <time>2026-04-19T17:41:30Z</time>
    <extensions>
     <power>157</power>
     <gpxtpx:TrackPointExtension>
      <gpxtpx:hr>175</gpxtpx:hr>
     </gpxtpx:TrackPointExtension>
    </extensions>
   </trkpt>
   <trkpt lat="49.2693950" lon="-123.1027600">
    <ele>9.2</ele>
    <time>2026-04-19T17:41:31Z</time>
    <extensions>
     <power>157</power>
     <gpxtpx:TrackPointExtension>
      <gpxtpx:hr>175</gpxtpx:hr>
     </gpxtpx:TrackPointExtension>
    </extensions>
   </trkpt>
   <trkpt lat="49.2694050" lon="-123.1027590">
    <ele>9.2</ele>
    <time>2026-04-19T17:41:32Z</time>
    <extensions>
     <power>152</power>
     <gpxtpx:TrackPointExtension>
      <gpxtpx:hr>175</gpxtpx:hr>
     </gpxtpx:TrackPointExtension>
    </extensions>
   </trkpt>
   <trkpt lat="49.2694460" lon="-123.1027550">
    <ele>9.0</ele>
    <time>2026-04-19T17:41:33Z</time>
    <extensions>
     <power>152</power>
     <gpxtpx:TrackPointExtension>
      <gpxtpx:hr>175</gpxtpx:hr>
     </gpxtpx:TrackPointExtension>
    </extensions>
   </trkpt>
   <trkpt lat="49.2694630" lon="-123.1027540">
    <ele>9.0</ele>
    <time>2026-04-19T17:41:34Z</time>
    <extensions>
     <power>152</power>
     <gpxtpx:TrackPointExtension>
      <gpxtpx:hr>174</gpxtpx:hr>
     </gpxtpx:TrackPointExtension>
    </extensions>
   </trkpt>
   <trkpt lat="49.2694810" lon="-123.1027520">
    <ele>9.0</ele>
    <time>2026-04-19T17:41:35Z</time>
    <extensions>
     <power>159</power>
     <gpxtpx:TrackPointExtension>
      <gpxtpx:hr>174</gpxtpx:hr>
     </gpxtpx:TrackPointExtension>
    </extensions>
   </trkpt>
   <trkpt lat="49.2695220" lon="-123.1027490">
    <ele>9.0</ele>
    <time>2026-04-19T17:41:36Z</time>
    <extensions>
     <power>159</power>
     <gpxtpx:TrackPointExtension>
      <gpxtpx:hr>174</gpxtpx:hr>
     </gpxtpx:TrackPointExtension>
    </extensions>
   </trkpt>
   <trkpt lat="49.2695350" lon="-123.1027470">
    <ele>8.8</ele>
    <time>2026-04-19T17:41:37Z</time>
    <extensions>
     <power>153</power>
     <gpxtpx:TrackPointExtension>
      <gpxtpx:hr>174</gpxtpx:hr>
     </gpxtpx:TrackPointExtension>
    </extensions>
   </trkpt>
   <trkpt lat="49.2695800" lon="-123.1027440">
    <ele>8.8</ele>
    <time>2026-04-19T17:41:38Z</time>
    <extensions>
     <power>153</power>
     <gpxtpx:TrackPointExtension>
      <gpxtpx:hr>174</gpxtpx:hr>
     </gpxtpx:TrackPointExtension>
    </extensions>
   </trkpt>
   <trkpt lat="49.2695990" lon="-123.1027420">
    <ele>8.8</ele>
    <time>2026-04-19T17:41:39Z</time>
    <extensions>
     <power>153</power>
     <gpxtpx:TrackPointExtension>
      <gpxtpx:hr>175</gpxtpx:hr>
     </gpxtpx:TrackPointExtension>
    </extensions>
   </trkpt>
   <trkpt lat="49.2696170" lon="-123.1027410">
    <ele>8.8</ele>
    <time>2026-04-19T17:41:40Z</time>
    <extensions>
     <power>157</power>
     <gpxtpx:TrackPointExtension>
      <gpxtpx:hr>175</gpxtpx:hr>
     </gpxtpx:TrackPointExtension>
    </extensions>
   </trkpt>
   <trkpt lat="49.2696570" lon="-123.1027370">
    <ele>8.6</ele>
    <time>2026-04-19T17:41:41Z</time>
    <extensions>
     <power>157</power>
     <gpxtpx:TrackPointExtension>
      <gpxtpx:hr>175</gpxtpx:hr>
     </gpxtpx:TrackPointExtension>
    </extensions>
   </trkpt>
   <trkpt lat="49.2696700" lon="-123.1027360">
    <ele>8.6</ele>
    <time>2026-04-19T17:41:42Z</time>
    <extensions>
     <power>159</power>
     <gpxtpx:TrackPointExtension>
      <gpxtpx:hr>175</gpxtpx:hr>
     </gpxtpx:TrackPointExtension>
    </extensions>
   </trkpt>
   <trkpt lat="49.2697120" lon="-123.1027330">
    <ele>8.6</ele>
    <time>2026-04-19T17:41:43Z</time>
    <extensions>
     <power>159</power>
     <gpxtpx:TrackPointExtension>
      <gpxtpx:hr>175</gpxtpx:hr>
     </gpxtpx:TrackPointExtension>
    </extensions>
   </trkpt>
   <trkpt lat="49.2697280" lon="-123.1027310">
    <ele>8.4</ele>
    <time>2026-04-19T17:41:44Z</time>
    <extensions>
     <power>159</power>
     <gpxtpx:TrackPointExtension>
      <gpxtpx:hr>176</gpxtpx:hr>
     </gpxtpx:TrackPointExtension>
    </extensions>
   </trkpt>
   <trkpt lat="49.2697450" lon="-123.1027300">
    <ele>8.4</ele>
    <time>2026-04-19T17:41:45Z</time>
    <extensions>
     <power>161</power>
     <gpxtpx:TrackPointExtension>
      <gpxtpx:hr>176</gpxtpx:hr>
     </gpxtpx:TrackPointExtension>
    </extensions>
   </trkpt>
   <trkpt lat="49.2697870" lon="-123.1027250">
    <ele>8.4</ele>
    <time>2026-04-19T17:41:46Z</time>
    <extensions>
     <power>161</power>
     <gpxtpx:TrackPointExtension>
      <gpxtpx:hr>176</gpxtpx:hr>
     </gpxtpx:TrackPointExtension>
    </extensions>
   </trkpt>
   <trkpt lat="49.2698030" lon="-123.1027240">
    <ele>8.2</ele>
    <time>2026-04-19T17:41:47Z</time>
    <extensions>
     <power>161</power>
     <gpxtpx:TrackPointExtension>
      <gpxtpx:hr>176</gpxtpx:hr>
     </gpxtpx:TrackPointExtension>
    </extensions>
   </trkpt>
   <trkpt lat="49.2698200" lon="-123.1027220">
    <ele>8.2</ele>
    <time>2026-04-19T17:41:48Z</time>
    <extensions>
     <power>162</power>
     <gpxtpx:TrackPointExtension>
      <gpxtpx:hr>176</gpxtpx:hr>
     </gpxtpx:TrackPointExtension>
    </extensions>
   </trkpt>
   <trkpt lat="49.2698590" lon="-123.1027180">
    <ele>8.0</ele>
    <time>2026-04-19T17:41:49Z</time>
    <extensions>
     <power>162</power>
     <gpxtpx:TrackPointExtension>
      <gpxtpx:hr>176</gpxtpx:hr>
     </gpxtpx:TrackPointExtension>
    </extensions>
   </trkpt>
   <trkpt lat="49.2698720" lon="-123.1027160">
    <ele>8.0</ele>
    <time>2026-04-19T17:41:50Z</time>
    <extensions>
     <power>165</power>
     <gpxtpx:TrackPointExtension>
      <gpxtpx:hr>176</gpxtpx:hr>
     </gpxtpx:TrackPointExtension>
    </extensions>
   </trkpt>
   <trkpt lat="49.2699160" lon="-123.1027110">
    <ele>7.8</ele>
    <time>2026-04-19T17:41:51Z</time>
    <extensions>
     <power>165</power>
     <gpxtpx:TrackPointExtension>
      <gpxtpx:hr>176</gpxtpx:hr>
     </gpxtpx:TrackPointExtension>
    </extensions>
   </trkpt>
   <trkpt lat="49.2699330" lon="-123.1027090">
    <ele>7.8</ele>
    <time>2026-04-19T17:41:52Z</time>
    <extensions>
     <power>165</power>
     <gpxtpx:TrackPointExtension>
      <gpxtpx:hr>176</gpxtpx:hr>
     </gpxtpx:TrackPointExtension>
    </extensions>
   </trkpt>
   <trkpt lat="49.2699500" lon="-123.1027070">
    <ele>7.8</ele>
    <time>2026-04-19T17:41:53Z</time>
    <extensions>
     <power>167</power>
     <gpxtpx:TrackPointExtension>
      <gpxtpx:hr>176</gpxtpx:hr>
     </gpxtpx:TrackPointExtension>
    </extensions>
   </trkpt>
   <trkpt lat="49.2699880" lon="-123.1027030">
    <ele>7.6</ele>
    <time>2026-04-19T17:41:54Z</time>
    <extensions>
     <power>167</power>
     <gpxtpx:TrackPointExtension>
      <gpxtpx:hr>177</gpxtpx:hr>
     </gpxtpx:TrackPointExtension>
    </extensions>
   </trkpt>
   <trkpt lat="49.2700000" lon="-123.1027010">
    <ele>7.6</ele>
    <time>2026-04-19T17:41:55Z</time>
    <extensions>
     <power>168</power>
     <gpxtpx:TrackPointExtension>
      <gpxtpx:hr>177</gpxtpx:hr>
     </gpxtpx:TrackPointExtension>
    </extensions>
   </trkpt>
   <trkpt lat="49.2700420" lon="-123.1026980">
    <ele>7.4</ele>
    <time>2026-04-19T17:41:56Z</time>
    <extensions>
     <power>168</power>
     <gpxtpx:TrackPointExtension>
      <gpxtpx:hr>177</gpxtpx:hr>
     </gpxtpx:TrackPointExtension>
    </extensions>
   </trkpt>
   <trkpt lat="49.2700590" lon="-123.1026960">
    <ele>7.4</ele>
    <time>2026-04-19T17:41:57Z</time>
    <extensions>
     <power>168</power>
     <gpxtpx:TrackPointExtension>
      <gpxtpx:hr>177</gpxtpx:hr>
     </gpxtpx:TrackPointExtension>
    </extensions>
   </trkpt>
   <trkpt lat="49.2700760" lon="-123.1026950">
    <ele>7.4</ele>
    <time>2026-04-19T17:41:58Z</time>
    <extensions>
     <power>171</power>
     <gpxtpx:TrackPointExtension>
      <gpxtpx:hr>177</gpxtpx:hr>
     </gpxtpx:TrackPointExtension>
    </extensions>
   </trkpt>
   <trkpt lat="49.2701150" lon="-123.1026920">
    <ele>7.2</ele>
    <time>2026-04-19T17:41:59Z</time>
    <extensions>
     <power>171</power>
     <gpxtpx:TrackPointExtension>
      <gpxtpx:hr>177</gpxtpx:hr>
     </gpxtpx:TrackPointExtension>
    </extensions>
   </trkpt>
   <trkpt lat="49.2701280" lon="-123.1026910">
    <ele>7.2</ele>
    <time>2026-04-19T17:42:00Z</time>
    <extensions>
     <power>175</power>
     <gpxtpx:TrackPointExtension>
      <gpxtpx:hr>177</gpxtpx:hr>
     </gpxtpx:TrackPointExtension>
    </extensions>
   </trkpt>
   <trkpt lat="49.2701730" lon="-123.1026870">
    <ele>7.2</ele>
    <time>2026-04-19T17:42:01Z</time>
    <extensions>
     <power>175</power>
     <gpxtpx:TrackPointExtension>
      <gpxtpx:hr>177</gpxtpx:hr>
     </gpxtpx:TrackPointExtension>
    </extensions>
   </trkpt>
   <trkpt lat="49.2701910" lon="-123.1026860">
    <ele>7.2</ele>
    <time>2026-04-19T17:42:02Z</time>
    <extensions>
     <power>175</power>
     <gpxtpx:TrackPointExtension>
      <gpxtpx:hr>177</gpxtpx:hr>
     </gpxtpx:TrackPointExtension>
    </extensions>
   </trkpt>
   <trkpt lat="49.2702090" lon="-123.1026840">
    <ele>7.2</ele>
    <time>2026-04-19T17:42:03Z</time>
    <extensions>
     <power>172</power>
     <gpxtpx:TrackPointExtension>
      <gpxtpx:hr>177</gpxtpx:hr>
     </gpxtpx:TrackPointExtension>
    </extensions>
   </trkpt>
   <trkpt lat="49.2702480" lon="-123.1026820">
    <ele>7.2</ele>
    <time>2026-04-19T17:42:04Z</time>
    <extensions>
     <power>172</power>
     <gpxtpx:TrackPointExtension>
      <gpxtpx:hr>177</gpxtpx:hr>
     </gpxtpx:TrackPointExtension>
    </extensions>
   </trkpt>
   <trkpt lat="49.2702610" lon="-123.1026810">
    <ele>7.2</ele>
    <time>2026-04-19T17:42:05Z</time>
    <extensions>
     <power>165</power>
     <gpxtpx:TrackPointExtension>
      <gpxtpx:hr>177</gpxtpx:hr>
     </gpxtpx:TrackPointExtension>
    </extensions>
   </trkpt>
   <trkpt lat="49.2703050" lon="-123.1026830">
    <ele>7.2</ele>
    <time>2026-04-19T17:42:06Z</time>
    <extensions>
     <power>165</power>
     <gpxtpx:TrackPointExtension>
      <gpxtpx:hr>177</gpxtpx:hr>
     </gpxtpx:TrackPointExtension>
    </extensions>
   </trkpt>
   <trkpt lat="49.2703220" lon="-123.1026830">
    <ele>7.2</ele>
    <time>2026-04-19T17:42:07Z</time>
    <extensions>
     <power>165</power>
     <gpxtpx:TrackPointExtension>
      <gpxtpx:hr>177</gpxtpx:hr>
     </gpxtpx:TrackPointExtension>
    </extensions>
   </trkpt>
   <trkpt lat="49.2703400" lon="-123.1026840">
    <ele>7.2</ele>
    <time>2026-04-19T17:42:08Z</time>
    <extensions>
     <power>168</power>
     <gpxtpx:TrackPointExtension>
      <gpxtpx:hr>177</gpxtpx:hr>
     </gpxtpx:TrackPointExtension>
    </extensions>
   </trkpt>
   <trkpt lat="49.2703880" lon="-123.1026840">
    <ele>7.2</ele>
    <time>2026-04-19T17:42:09Z</time>
    <extensions>
     <power>168</power>
     <gpxtpx:TrackPointExtension>
      <gpxtpx:hr>177</gpxtpx:hr>
     </gpxtpx:TrackPointExtension>
    </extensions>
   </trkpt>
   <trkpt lat="49.2704080" lon="-123.1026830">
    <ele>7.2</ele>
    <time>2026-04-19T17:42:10Z</time>
    <extensions>
     <power>168</power>
     <gpxtpx:TrackPointExtension>
      <gpxtpx:hr>177</gpxtpx:hr>
     </gpxtpx:TrackPointExtension>
    </extensions>
   </trkpt>
   <trkpt lat="49.2704280" lon="-123.1026830">
    <ele>7.2</ele>
    <time>2026-04-19T17:42:11Z</time>
    <extensions>
     <power>171</power>
     <gpxtpx:TrackPointExtension>
      <gpxtpx:hr>177</gpxtpx:hr>
     </gpxtpx:TrackPointExtension>
    </extensions>
   </trkpt>
   <trkpt lat="49.2704710" lon="-123.1026820">
    <ele>7.2</ele>
    <time>2026-04-19T17:42:12Z</time>
    <extensions>
     <power>171</power>
     <gpxtpx:TrackPointExtension>
      <gpxtpx:hr>177</gpxtpx:hr>
     </gpxtpx:TrackPointExtension>
    </extensions>
   </trkpt>
   <trkpt lat="49.2704850" lon="-123.1026810">
    <ele>7.2</ele>
    <time>2026-04-19T17:42:13Z</time>
    <extensions>
     <power>175</power>
     <gpxtpx:TrackPointExtension>
      <gpxtpx:hr>177</gpxtpx:hr>
     </gpxtpx:TrackPointExtension>
    </extensions>
   </trkpt>
   <trkpt lat="49.2705280" lon="-123.1026770">
    <ele>7.2</ele>
    <time>2026-04-19T17:42:14Z</time>
    <extensions>
     <power>175</power>
     <gpxtpx:TrackPointExtension>
      <gpxtpx:hr>177</gpxtpx:hr>
     </gpxtpx:TrackPointExtension>
    </extensions>
   </trkpt>
   <trkpt lat="49.2705440" lon="-123.1026760">
    <ele>7.2</ele>
    <time>2026-04-19T17:42:15Z</time>
    <extensions>
     <power>175</power>
     <gpxtpx:TrackPointExtension>
      <gpxtpx:hr>177</gpxtpx:hr>
     </gpxtpx:TrackPointExtension>
    </extensions>
   </trkpt>
   <trkpt lat="49.2705610" lon="-123.1026740">
    <ele>7.2</ele>
    <time>2026-04-19T17:42:16Z</time>
    <extensions>
     <power>164</power>
     <gpxtpx:TrackPointExtension>
      <gpxtpx:hr>177</gpxtpx:hr>
     </gpxtpx:TrackPointExtension>
    </extensions>
   </trkpt>
   <trkpt lat="49.2705980" lon="-123.1026680">
    <ele>7.2</ele>
    <time>2026-04-19T17:42:17Z</time>
    <extensions>
     <power>164</power>
     <gpxtpx:TrackPointExtension>
      <gpxtpx:hr>177</gpxtpx:hr>
     </gpxtpx:TrackPointExtension>
    </extensions>
   </trkpt>
   <trkpt lat="49.2706100" lon="-123.1026660">
    <ele>7.4</ele>
    <time>2026-04-19T17:42:18Z</time>
    <extensions>
     <power>165</power>
     <gpxtpx:TrackPointExtension>
      <gpxtpx:hr>177</gpxtpx:hr>
     </gpxtpx:TrackPointExtension>
    </extensions>
   </trkpt>
   <trkpt lat="49.2706520" lon="-123.1026590">
    <ele>7.4</ele>
    <time>2026-04-19T17:42:19Z</time>
    <extensions>
     <power>165</power>
     <gpxtpx:TrackPointExtension>
      <gpxtpx:hr>177</gpxtpx:hr>
     </gpxtpx:TrackPointExtension>
    </extensions>
   </trkpt>
   <trkpt lat="49.2706690" lon="-123.1026560">
    <ele>7.4</ele>
    <time>2026-04-19T17:42:20Z</time>
    <extensions>
     <power>165</power>
     <gpxtpx:TrackPointExtension>
      <gpxtpx:hr>177</gpxtpx:hr>
     </gpxtpx:TrackPointExtension>
    </extensions>
   </trkpt>
   <trkpt lat="49.2706860" lon="-123.1026530">
    <ele>7.4</ele>
    <time>2026-04-19T17:42:21Z</time>
    <extensions>
     <power>159</power>
     <gpxtpx:TrackPointExtension>
      <gpxtpx:hr>177</gpxtpx:hr>
     </gpxtpx:TrackPointExtension>
    </extensions>
   </trkpt>
   <trkpt lat="49.2707260" lon="-123.1026450">
    <ele>7.4</ele>
    <time>2026-04-19T17:42:22Z</time>
    <extensions>
     <power>159</power>
     <gpxtpx:TrackPointExtension>
      <gpxtpx:hr>178</gpxtpx:hr>
     </gpxtpx:TrackPointExtension>
    </extensions>
   </trkpt>
   <trkpt lat="49.2707390" lon="-123.1026420">
    <ele>7.4</ele>
    <time>2026-04-19T17:42:23Z</time>
    <extensions>
     <power>188</power>
     <gpxtpx:TrackPointExtension>
      <gpxtpx:hr>178</gpxtpx:hr>
     </gpxtpx:TrackPointExtension>
    </extensions>
   </trkpt>
   <trkpt lat="49.2707840" lon="-123.1026310">
    <ele>7.4</ele>
    <time>2026-04-19T17:42:24Z</time>
    <extensions>
     <power>188</power>
     <gpxtpx:TrackPointExtension>
      <gpxtpx:hr>178</gpxtpx:hr>
     </gpxtpx:TrackPointExtension>
    </extensions>
   </trkpt>
   <trkpt lat="49.2708010" lon="-123.1026270">
    <ele>7.6</ele>
    <time>2026-04-19T17:42:25Z</time>
    <extensions>
     <power>188</power>
     <gpxtpx:TrackPointExtension>
      <gpxtpx:hr>178</gpxtpx:hr>
     </gpxtpx:TrackPointExtension>
    </extensions>
   </trkpt>
   <trkpt lat="49.2708190" lon="-123.1026220">
    <ele>7.6</ele>
    <time>2026-04-19T17:42:26Z</time>
    <extensions>
     <power>194</power>
     <gpxtpx:TrackPointExtension>
      <gpxtpx:hr>178</gpxtpx:hr>
     </gpxtpx:TrackPointExtension>
    </extensions>
   </trkpt>
   <trkpt lat="49.2708590" lon="-123.1026110">
    <ele>7.6</ele>
    <time>2026-04-19T17:42:27Z</time>
    <extensions>
     <power>194</power>
     <gpxtpx:TrackPointExtension>
      <gpxtpx:hr>178</gpxtpx:hr>
     </gpxtpx:TrackPointExtension>
    </extensions>
   </trkpt>
   <trkpt lat="49.2708720" lon="-123.1026070">
    <ele>7.6</ele>
    <time>2026-04-19T17:42:28Z</time>
    <extensions>
     <power>198</power>
     <gpxtpx:TrackPointExtension>
      <gpxtpx:hr>178</gpxtpx:hr>
     </gpxtpx:TrackPointExtension>
    </extensions>
   </trkpt>
   <trkpt lat="49.2709140" lon="-123.1025930">
    <ele>7.6</ele>
    <time>2026-04-19T17:42:29Z</time>
    <extensions>
     <power>198</power>
     <gpxtpx:TrackPointExtension>
      <gpxtpx:hr>178</gpxtpx:hr>
     </gpxtpx:TrackPointExtension>
    </extensions>
   </trkpt>
   <trkpt lat="49.2709310" lon="-123.1025870">
    <ele>7.6</ele>
    <time>2026-04-19T17:42:30Z</time>
    <extensions>
     <power>198</power>
     <gpxtpx:TrackPointExtension>
      <gpxtpx:hr>178</gpxtpx:hr>
     </gpxtpx:TrackPointExtension>
    </extensions>
   </trkpt>
   <trkpt lat="49.2709480" lon="-123.1025810">
    <ele>7.6</ele>
    <time>2026-04-19T17:42:31Z</time>
    <extensions>
     <power>200</power>
     <gpxtpx:TrackPointExtension>
      <gpxtpx:hr>178</gpxtpx:hr>
     </gpxtpx:TrackPointExtension>
    </extensions>
   </trkpt>
   <trkpt lat="49.2709880" lon="-123.1025650">
    <ele>7.6</ele>
    <time>2026-04-19T17:42:32Z</time>
    <extensions>
     <power>200</power>
     <gpxtpx:TrackPointExtension>
      <gpxtpx:hr>178</gpxtpx:hr>
     </gpxtpx:TrackPointExtension>
    </extensions>
   </trkpt>
   <trkpt lat="49.2710050" lon="-123.1025580">
    <ele>7.6</ele>
    <time>2026-04-19T17:42:33Z</time>
    <extensions>
     <power>200</power>
     <gpxtpx:TrackPointExtension>
      <gpxtpx:hr>178</gpxtpx:hr>
     </gpxtpx:TrackPointExtension>
    </extensions>
   </trkpt>
   <trkpt lat="49.2710210" lon="-123.1025510">
    <ele>7.6</ele>
    <time>2026-04-19T17:42:34Z</time>
    <extensions>
     <power>201</power>
     <gpxtpx:TrackPointExtension>
      <gpxtpx:hr>178</gpxtpx:hr>
     </gpxtpx:TrackPointExtension>
    </extensions>
   </trkpt>
   <trkpt lat="49.2710580" lon="-123.1025340">
    <ele>7.6</ele>
    <time>2026-04-19T17:42:35Z</time>
    <extensions>
     <power>201</power>
     <gpxtpx:TrackPointExtension>
      <gpxtpx:hr>178</gpxtpx:hr>
     </gpxtpx:TrackPointExtension>
    </extensions>
   </trkpt>
   <trkpt lat="49.2710700" lon="-123.1025280">
    <ele>7.6</ele>
    <time>2026-04-19T17:42:36Z</time>
    <extensions>
     <power>191</power>
     <gpxtpx:TrackPointExtension>
      <gpxtpx:hr>178</gpxtpx:hr>
     </gpxtpx:TrackPointExtension>
    </extensions>
   </trkpt>
   <trkpt lat="49.2710940" lon="-123.1025170">
    <ele>7.6</ele>
    <time>2026-04-19T17:42:37Z</time>
    <extensions>
     <power>191</power>
     <gpxtpx:TrackPointExtension>
      <gpxtpx:hr>178</gpxtpx:hr>
     </gpxtpx:TrackPointExtension>
    </extensions>
   </trkpt>
   <trkpt lat="49.2711180" lon="-123.1025040">
    <ele>7.6</ele>
    <time>2026-04-19T17:42:38Z</time>
    <extensions>
     <power>191</power>
     <gpxtpx:TrackPointExtension>
      <gpxtpx:hr>178</gpxtpx:hr>
     </gpxtpx:TrackPointExtension>
    </extensions>
   </trkpt>
   <trkpt lat="49.2711410" lon="-123.1024920">
    <ele>7.4</ele>
    <time>2026-04-19T17:42:39Z</time>
    <extensions>
     <power>177</power>
     <gpxtpx:TrackPointExtension>
      <gpxtpx:hr>178</gpxtpx:hr>
     </gpxtpx:TrackPointExtension>
    </extensions>
   </trkpt>
   <trkpt lat="49.2711760" lon="-123.1024720">
    <ele>7.4</ele>
    <time>2026-04-19T17:42:40Z</time>
    <extensions>
     <power>177</power>
     <gpxtpx:TrackPointExtension>
      <gpxtpx:hr>178</gpxtpx:hr>
     </gpxtpx:TrackPointExtension>
    </extensions>
   </trkpt>
   <trkpt lat="49.2711880" lon="-123.1024650">
    <ele>7.4</ele>
    <time>2026-04-19T17:42:41Z</time>
    <extensions>
     <power>183</power>
     <gpxtpx:TrackPointExtension>
      <gpxtpx:hr>178</gpxtpx:hr>
     </gpxtpx:TrackPointExtension>
    </extensions>
   </trkpt>
   <trkpt lat="49.2712290" lon="-123.1024400">
    <ele>7.4</ele>
    <time>2026-04-19T17:42:42Z</time>
    <extensions>
     <power>183</power>
     <gpxtpx:TrackPointExtension>
      <gpxtpx:hr>178</gpxtpx:hr>
     </gpxtpx:TrackPointExtension>
    </extensions>
   </trkpt>
   <trkpt lat="49.2712460" lon="-123.1024300">
    <ele>7.4</ele>
    <time>2026-04-19T17:42:43Z</time>
    <extensions>
     <power>183</power>
     <gpxtpx:TrackPointExtension>
      <gpxtpx:hr>178</gpxtpx:hr>
     </gpxtpx:TrackPointExtension>
    </extensions>
   </trkpt>
   <trkpt lat="49.2712630" lon="-123.1024200">
    <ele>7.4</ele>
    <time>2026-04-19T17:42:44Z</time>
    <extensions>
     <power>175</power>
     <gpxtpx:TrackPointExtension>
      <gpxtpx:hr>178</gpxtpx:hr>
     </gpxtpx:TrackPointExtension>
    </extensions>
   </trkpt>
   <trkpt lat="49.2713000" lon="-123.1023980">
    <ele>7.4</ele>
    <time>2026-04-19T17:42:45Z</time>
    <extensions>
     <power>175</power>
     <gpxtpx:TrackPointExtension>
      <gpxtpx:hr>179</gpxtpx:hr>
     </gpxtpx:TrackPointExtension>
    </extensions>
   </trkpt>
   <trkpt lat="49.2713120" lon="-123.1023900">
    <ele>7.4</ele>
    <time>2026-04-19T17:42:46Z</time>
    <extensions>
     <power>173</power>
     <gpxtpx:TrackPointExtension>
      <gpxtpx:hr>179</gpxtpx:hr>
     </gpxtpx:TrackPointExtension>
    </extensions>
   </trkpt>
   <trkpt lat="49.2713520" lon="-123.1023660">
    <ele>7.4</ele>
    <time>2026-04-19T17:42:47Z</time>
    <extensions>
     <power>173</power>
     <gpxtpx:TrackPointExtension>
      <gpxtpx:hr>179</gpxtpx:hr>
     </gpxtpx:TrackPointExtension>
    </extensions>
   </trkpt>
   <trkpt lat="49.2713690" lon="-123.1023570">
    <ele>7.4</ele>
    <time>2026-04-19T17:42:48Z</time>
    <extensions>
     <power>173</power>
     <gpxtpx:TrackPointExtension>
      <gpxtpx:hr>179</gpxtpx:hr>
     </gpxtpx:TrackPointExtension>
    </extensions>
   </trkpt>
   <trkpt lat="49.2713850" lon="-123.1023470">
    <ele>7.4</ele>
    <time>2026-04-19T17:42:49Z</time>
    <extensions>
     <power>177</power>
     <gpxtpx:TrackPointExtension>
      <gpxtpx:hr>179</gpxtpx:hr>
     </gpxtpx:TrackPointExtension>
    </extensions>
   </trkpt>
   <trkpt lat="49.2714210" lon="-123.1023270">
    <ele>7.4</ele>
    <time>2026-04-19T17:42:50Z</time>
    <extensions>
     <power>177</power>
     <gpxtpx:TrackPointExtension>
      <gpxtpx:hr>179</gpxtpx:hr>
     </gpxtpx:TrackPointExtension>
    </extensions>
   </trkpt>
   <trkpt lat="49.2714320" lon="-123.1023200">
    <ele>7.4</ele>
    <time>2026-04-19T17:42:51Z</time>
    <extensions>
     <power>181</power>
     <gpxtpx:TrackPointExtension>
      <gpxtpx:hr>179</gpxtpx:hr>
     </gpxtpx:TrackPointExtension>
    </extensions>
   </trkpt>
   <trkpt lat="49.2714670" lon="-123.1022990">
    <ele>7.4</ele>
    <time>2026-04-19T17:42:52Z</time>
    <extensions>
     <power>181</power>
     <gpxtpx:TrackPointExtension>
      <gpxtpx:hr>179</gpxtpx:hr>
     </gpxtpx:TrackPointExtension>
    </extensions>
   </trkpt>
   <trkpt lat="49.2714800" lon="-123.1022920">
    <ele>7.2</ele>
    <time>2026-04-19T17:42:53Z</time>
    <extensions>
     <power>181</power>
     <gpxtpx:TrackPointExtension>
      <gpxtpx:hr>179</gpxtpx:hr>
     </gpxtpx:TrackPointExtension>
    </extensions>
   </trkpt>
   <trkpt lat="49.2714930" lon="-123.1022840">
    <ele>7.2</ele>
    <time>2026-04-19T17:42:54Z</time>
    <extensions>
     <power>177</power>
     <gpxtpx:TrackPointExtension>
      <gpxtpx:hr>179</gpxtpx:hr>
     </gpxtpx:TrackPointExtension>
    </extensions>
   </trkpt>
   <trkpt lat="49.2715210" lon="-123.1022660">
    <ele>7.2</ele>
    <time>2026-04-19T17:42:55Z</time>
    <extensions>
     <power>177</power>
     <gpxtpx:TrackPointExtension>
      <gpxtpx:hr>179</gpxtpx:hr>
     </gpxtpx:TrackPointExtension>
    </extensions>
   </trkpt>
   <trkpt lat="49.2715330" lon="-123.1022600">
    <ele>7.2</ele>
    <time>2026-04-19T17:42:56Z</time>
    <extensions>
     <power>177</power>
     <gpxtpx:TrackPointExtension>
      <gpxtpx:hr>179</gpxtpx:hr>
     </gpxtpx:TrackPointExtension>
    </extensions>
   </trkpt>
   <trkpt lat="49.2715440" lon="-123.1022530">
    <ele>7.2</ele>
    <time>2026-04-19T17:42:57Z</time>
    <extensions>
     <power>163</power>
     <gpxtpx:TrackPointExtension>
      <gpxtpx:hr>179</gpxtpx:hr>
     </gpxtpx:TrackPointExtension>
    </extensions>
   </trkpt>
   <trkpt lat="49.2715690" lon="-123.1022380">
    <ele>7.4</ele>
    <time>2026-04-19T17:42:58Z</time>
    <extensions>
     <power>163</power>
     <gpxtpx:TrackPointExtension>
      <gpxtpx:hr>179</gpxtpx:hr>
     </gpxtpx:TrackPointExtension>
    </extensions>
   </trkpt>
   <trkpt lat="49.2715780" lon="-123.1022330">
    <ele>7.4</ele>
    <time>2026-04-19T17:42:59Z</time>
    <extensions>
     <power>102</power>
     <gpxtpx:TrackPointExtension>
      <gpxtpx:hr>179</gpxtpx:hr>
     </gpxtpx:TrackPointExtension>
    </extensions>
   </trkpt>
   <trkpt lat="49.2715950" lon="-123.1022220">
    <ele>7.4</ele>
    <time>2026-04-19T17:43:00Z</time>
    <extensions>
     <power>102</power>
     <gpxtpx:TrackPointExtension>
      <gpxtpx:hr>179</gpxtpx:hr>
     </gpxtpx:TrackPointExtension>
    </extensions>
   </trkpt>
   <trkpt lat="49.2716130" lon="-123.1022120">
    <ele>7.4</ele>
    <time>2026-04-19T17:43:01Z</time>
    <extensions>
     <power>102</power>
     <gpxtpx:TrackPointExtension>
      <gpxtpx:hr>179</gpxtpx:hr>
     </gpxtpx:TrackPointExtension>
    </extensions>
   </trkpt>
   <trkpt lat="49.2716300" lon="-123.1022020">
    <ele>7.4</ele>
    <time>2026-04-19T17:43:02Z</time>
    <extensions>
     <power>103</power>
     <gpxtpx:TrackPointExtension>
      <gpxtpx:hr>179</gpxtpx:hr>
     </gpxtpx:TrackPointExtension>
    </extensions>
   </trkpt>
   <trkpt lat="49.2716470" lon="-123.1021920">
    <ele>7.4</ele>
    <time>2026-04-19T17:43:03Z</time>
    <extensions>
     <power>103</power>
     <gpxtpx:TrackPointExtension>
      <gpxtpx:hr>179</gpxtpx:hr>
     </gpxtpx:TrackPointExtension>
    </extensions>
   </trkpt>
   <trkpt lat="49.2716630" lon="-123.1021820">
    <ele>7.4</ele>
    <time>2026-04-19T17:43:04Z</time>
    <extensions>
     <power>103</power>
     <gpxtpx:TrackPointExtension>
      <gpxtpx:hr>178</gpxtpx:hr>
     </gpxtpx:TrackPointExtension>
    </extensions>
   </trkpt>
   <trkpt lat="49.2716900" lon="-123.1021670">
    <ele>7.4</ele>
    <time>2026-04-19T17:43:05Z</time>
    <extensions>
     <power>103</power>
     <gpxtpx:TrackPointExtension>
      <gpxtpx:hr>178</gpxtpx:hr>
     </gpxtpx:TrackPointExtension>
    </extensions>
   </trkpt>
   <trkpt lat="49.2717010" lon="-123.1021610">
    <ele>7.4</ele>
    <time>2026-04-19T17:43:06Z</time>
    <extensions>
     <power>103</power>
     <gpxtpx:TrackPointExtension>
      <gpxtpx:hr>178</gpxtpx:hr>
     </gpxtpx:TrackPointExtension>
    </extensions>
   </trkpt>
   <trkpt lat="49.2717120" lon="-123.1021550">
    <ele>7.4</ele>
    <time>2026-04-19T17:43:07Z</time>
    <extensions>
     <power>106</power>
     <gpxtpx:TrackPointExtension>
      <gpxtpx:hr>178</gpxtpx:hr>
     </gpxtpx:TrackPointExtension>
    </extensions>
   </trkpt>
   <trkpt lat="49.2717380" lon="-123.1021410">
    <ele>7.4</ele>
    <time>2026-04-19T17:43:08Z</time>
    <extensions>
     <power>106</power>
     <gpxtpx:TrackPointExtension>
      <gpxtpx:hr>178</gpxtpx:hr>
     </gpxtpx:TrackPointExtension>
    </extensions>
   </trkpt>
   <trkpt lat="49.2717470" lon="-123.1021370">
    <ele>7.4</ele>
    <time>2026-04-19T17:43:09Z</time>
    <extensions>
     <power>115</power>
     <gpxtpx:TrackPointExtension>
      <gpxtpx:hr>178</gpxtpx:hr>
     </gpxtpx:TrackPointExtension>
    </extensions>
   </trkpt>
   <trkpt lat="49.2717740" lon="-123.1021230">
    <ele>7.4</ele>
    <time>2026-04-19T17:43:10Z</time>
    <extensions>
     <power>115</power>
     <gpxtpx:TrackPointExtension>
      <gpxtpx:hr>179</gpxtpx:hr>
     </gpxtpx:TrackPointExtension>
    </extensions>
   </trkpt>
   <trkpt lat="49.2717860" lon="-123.1021190">
    <ele>7.4</ele>
    <time>2026-04-19T17:43:11Z</time>
    <extensions>
     <power>115</power>
     <gpxtpx:TrackPointExtension>
      <gpxtpx:hr>179</gpxtpx:hr>
     </gpxtpx:TrackPointExtension>
    </extensions>
   </trkpt>
   <trkpt lat="49.2717970" lon="-123.1021140">
    <ele>7.4</ele>
    <time>2026-04-19T17:43:12Z</time>
    <extensions>
     <power>116</power>
     <gpxtpx:TrackPointExtension>
      <gpxtpx:hr>179</gpxtpx:hr>
     </gpxtpx:TrackPointExtension>
    </extensions>
   </trkpt>
   <trkpt lat="49.2718230" lon="-123.1021050">
    <ele>7.4</ele>
    <time>2026-04-19T17:43:13Z</time>
    <extensions>
     <power>116</power>
     <gpxtpx:TrackPointExtension>
      <gpxtpx:hr>179</gpxtpx:hr>
     </gpxtpx:TrackPointExtension>
    </extensions>
   </trkpt>
   <trkpt lat="49.2718310" lon="-123.1021010">
    <ele>7.4</ele>
    <time>2026-04-19T17:43:14Z</time>
    <extensions>
     <power>116</power>
     <gpxtpx:TrackPointExtension>
      <gpxtpx:hr>179</gpxtpx:hr>
     </gpxtpx:TrackPointExtension>
    </extensions>
   </trkpt>
   <trkpt lat="49.2718600" lon="-123.1020900">
    <ele>7.2</ele>
    <time>2026-04-19T17:43:15Z</time>
    <extensions>
     <power>116</power>
     <gpxtpx:TrackPointExtension>
      <gpxtpx:hr>179</gpxtpx:hr>
     </gpxtpx:TrackPointExtension>
    </extensions>
   </trkpt>
   <trkpt lat="49.2718710" lon="-123.1020860">
    <ele>7.2</ele>
    <time>2026-04-19T17:43:16Z</time>
    <extensions>
     <power>116</power>
     <gpxtpx:TrackPointExtension>
      <gpxtpx:hr>180</gpxtpx:hr>
     </gpxtpx:TrackPointExtension>
    </extensions>
   </trkpt>
   <trkpt lat="49.2718820" lon="-123.1020820">
    <ele>7.2</ele>
    <time>2026-04-19T17:43:17Z</time>
    <extensions>
     <power>115</power>
     <gpxtpx:TrackPointExtension>
      <gpxtpx:hr>180</gpxtpx:hr>
     </gpxtpx:TrackPointExtension>
    </extensions>
   </trkpt>
   <trkpt lat="49.2719110" lon="-123.1020710">
    <ele>7.2</ele>
    <time>2026-04-19T17:43:18Z</time>
    <extensions>
     <power>115</power>
     <gpxtpx:TrackPointExtension>
      <gpxtpx:hr>180</gpxtpx:hr>
     </gpxtpx:TrackPointExtension>
    </extensions>
   </trkpt>
   <trkpt lat="49.2719220" lon="-123.1020660">
    <ele>7.2</ele>
    <time>2026-04-19T17:43:19Z</time>
    <extensions>
     <power>115</power>
     <gpxtpx:TrackPointExtension>
      <gpxtpx:hr>180</gpxtpx:hr>
     </gpxtpx:TrackPointExtension>
    </extensions>
   </trkpt>
   <trkpt lat="49.2719340" lon="-123.1020620">
    <ele>7.2</ele>
    <time>2026-04-19T17:43:20Z</time>
    <extensions>
     <power>115</power>
     <gpxtpx:TrackPointExtension>
      <gpxtpx:hr>180</gpxtpx:hr>
     </gpxtpx:TrackPointExtension>
    </extensions>
   </trkpt>
   <trkpt lat="49.2719600" lon="-123.1020500">
    <ele>7.2</ele>
    <time>2026-04-19T17:43:21Z</time>
    <extensions>
     <power>115</power>
     <gpxtpx:TrackPointExtension>
      <gpxtpx:hr>180</gpxtpx:hr>
     </gpxtpx:TrackPointExtension>
    </extensions>
   </trkpt>
   <trkpt lat="49.2719680" lon="-123.1020450">
    <ele>7.2</ele>
    <time>2026-04-19T17:43:22Z</time>
    <extensions>
     <power>117</power>
     <gpxtpx:TrackPointExtension>
      <gpxtpx:hr>179</gpxtpx:hr>
     </gpxtpx:TrackPointExtension>
    </extensions>
   </trkpt>
   <trkpt lat="49.2719980" lon="-123.1020310">
    <ele>7.2</ele>
    <time>2026-04-19T17:43:23Z</time>
    <extensions>
     <power>117</power>
     <gpxtpx:TrackPointExtension>
      <gpxtpx:hr>179</gpxtpx:hr>
     </gpxtpx:TrackPointExtension>
    </extensions>
   </trkpt>
   <trkpt lat="49.2720090" lon="-123.1020260">
    <ele>7.2</ele>
    <time>2026-04-19T17:43:24Z</time>
    <extensions>
     <power>117</power>
     <gpxtpx:TrackPointExtension>
      <gpxtpx:hr>179</gpxtpx:hr>
     </gpxtpx:TrackPointExtension>
    </extensions>
   </trkpt>
   <trkpt lat="49.2720210" lon="-123.1020210">
    <ele>7.2</ele>
    <time>2026-04-19T17:43:25Z</time>
    <extensions>
     <power>119</power>
     <gpxtpx:TrackPointExtension>
      <gpxtpx:hr>177</gpxtpx:hr>
     </gpxtpx:TrackPointExtension>
    </extensions>
   </trkpt>
   <trkpt lat="49.2720490" lon="-123.1020110">
    <ele>7.2</ele>
    <time>2026-04-19T17:43:26Z</time>
    <extensions>
     <power>119</power>
     <gpxtpx:TrackPointExtension>
      <gpxtpx:hr>177</gpxtpx:hr>
     </gpxtpx:TrackPointExtension>
    </extensions>
   </trkpt>
   <trkpt lat="49.2720580" lon="-123.1020070">
    <ele>7.2</ele>
    <time>2026-04-19T17:43:27Z</time>
    <extensions>
     <power>123</power>
     <gpxtpx:TrackPointExtension>
      <gpxtpx:hr>177</gpxtpx:hr>
     </gpxtpx:TrackPointExtension>
    </extensions>
   </trkpt>
   <trkpt lat="49.2720770" lon="-123.1020000">
    <ele>7.2</ele>
    <time>2026-04-19T17:43:28Z</time>
    <extensions>
     <power>123</power>
     <gpxtpx:TrackPointExtension>
      <gpxtpx:hr>177</gpxtpx:hr>
     </gpxtpx:TrackPointExtension>
    </extensions>
   </trkpt>
   <trkpt lat="49.2720950" lon="-123.1019910">
    <ele>7.2</ele>
    <time>2026-04-19T17:43:29Z</time>
    <extensions>
     <power>123</power>
     <gpxtpx:TrackPointExtension>
      <gpxtpx:hr>177</gpxtpx:hr>
     </gpxtpx:TrackPointExtension>
    </extensions>
   </trkpt>
   <trkpt lat="49.2721130" lon="-123.1019840">
    <ele>7.2</ele>
    <time>2026-04-19T17:43:30Z</time>
    <extensions>
     <power>123</power>
     <gpxtpx:TrackPointExtension>
      <gpxtpx:hr>177</gpxtpx:hr>
     </gpxtpx:TrackPointExtension>
    </extensions>
   </trkpt>
   <trkpt lat="49.2721390" lon="-123.1019750">
    <ele>7.2</ele>
    <time>2026-04-19T17:43:31Z</time>
    <extensions>
     <power>123</power>
     <gpxtpx:TrackPointExtension>
      <gpxtpx:hr>177</gpxtpx:hr>
     </gpxtpx:TrackPointExtension>
    </extensions>
   </trkpt>
   <trkpt lat="49.2721480" lon="-123.1019720">
    <ele>7.4</ele>
    <time>2026-04-19T17:43:32Z</time>
    <extensions>
     <power>123</power>
     <gpxtpx:TrackPointExtension>
      <gpxtpx:hr>177</gpxtpx:hr>
     </gpxtpx:TrackPointExtension>
    </extensions>
   </trkpt>
   <trkpt lat="49.2721770" lon="-123.1019660">
    <ele>7.4</ele>
    <time>2026-04-19T17:43:33Z</time>
    <extensions>
     <power>123</power>
     <gpxtpx:TrackPointExtension>
      <gpxtpx:hr>175</gpxtpx:hr>
     </gpxtpx:TrackPointExtension>
    </extensions>
   </trkpt>
   <trkpt lat="49.2721890" lon="-123.1019630">
    <ele>7.4</ele>
    <time>2026-04-19T17:43:34Z</time>
    <extensions>
     <power>123</power>
     <gpxtpx:TrackPointExtension>
      <gpxtpx:hr>175</gpxtpx:hr>
     </gpxtpx:TrackPointExtension>
    </extensions>
   </trkpt>
   <trkpt lat="49.2722000" lon="-123.1019610">
    <ele>7.4</ele>
    <time>2026-04-19T17:43:35Z</time>
    <extensions>
     <power>122</power>
     <gpxtpx:TrackPointExtension>
      <gpxtpx:hr>175</gpxtpx:hr>
     </gpxtpx:TrackPointExtension>
    </extensions>
   </trkpt>
   <trkpt lat="49.2722270" lon="-123.1019550">
    <ele>7.4</ele>
    <time>2026-04-19T17:43:36Z</time>
    <extensions>
     <power>122</power>
     <gpxtpx:TrackPointExtension>
      <gpxtpx:hr>175</gpxtpx:hr>
     </gpxtpx:TrackPointExtension>
    </extensions>
   </trkpt>
   <trkpt lat="49.2722360" lon="-123.1019520">
    <ele>7.4</ele>
    <time>2026-04-19T17:43:37Z</time>
    <extensions>
     <power>108</power>
     <gpxtpx:TrackPointExtension>
      <gpxtpx:hr>175</gpxtpx:hr>
     </gpxtpx:TrackPointExtension>
    </extensions>
   </trkpt>
   <trkpt lat="49.2722660" lon="-123.1019440">
    <ele>7.4</ele>
    <time>2026-04-19T17:43:38Z</time>
    <extensions>
     <power>108</power>
     <gpxtpx:TrackPointExtension>
      <gpxtpx:hr>173</gpxtpx:hr>
     </gpxtpx:TrackPointExtension>
    </extensions>
   </trkpt>
   <trkpt lat="49.2722780" lon="-123.1019400">
    <ele>7.4</ele>
    <time>2026-04-19T17:43:39Z</time>
    <extensions>
     <power>108</power>
     <gpxtpx:TrackPointExtension>
      <gpxtpx:hr>173</gpxtpx:hr>
     </gpxtpx:TrackPointExtension>
    </extensions>
   </trkpt>
   <trkpt lat="49.2722900" lon="-123.1019370">
    <ele>7.4</ele>
    <time>2026-04-19T17:43:40Z</time>
    <extensions>
     <power>118</power>
     <gpxtpx:TrackPointExtension>
      <gpxtpx:hr>173</gpxtpx:hr>
     </gpxtpx:TrackPointExtension>
    </extensions>
   </trkpt>
   <trkpt lat="49.2723220" lon="-123.1019300">
    <ele>7.4</ele>
    <time>2026-04-19T17:43:41Z</time>
    <extensions>
     <power>118</power>
     <gpxtpx:TrackPointExtension>
      <gpxtpx:hr>173</gpxtpx:hr>
     </gpxtpx:TrackPointExtension>
    </extensions>
   </trkpt>
   <trkpt lat="49.2723340" lon="-123.1019280">
    <ele>7.4</ele>
    <time>2026-04-19T17:43:42Z</time>
    <extensions>
     <power>118</power>
     <gpxtpx:TrackPointExtension>
      <gpxtpx:hr>173</gpxtpx:hr>
     </gpxtpx:TrackPointExtension>
    </extensions>
   </trkpt>
   <trkpt lat="49.2723470" lon="-123.1019250">
    <ele>7.4</ele>
    <time>2026-04-19T17:43:43Z</time>
    <extensions>
     <power>124</power>
     <gpxtpx:TrackPointExtension>
      <gpxtpx:hr>171</gpxtpx:hr>
     </gpxtpx:TrackPointExtension>
    </extensions>
   </trkpt>
   <trkpt lat="49.2723750" lon="-123.1019190">
    <ele>7.4</ele>
    <time>2026-04-19T17:43:44Z</time>
    <extensions>
     <power>124</power>
     <gpxtpx:TrackPointExtension>
      <gpxtpx:hr>171</gpxtpx:hr>
     </gpxtpx:TrackPointExtension>
    </extensions>
   </trkpt>
   <trkpt lat="49.2723840" lon="-123.1019170">
    <ele>7.4</ele>
    <time>2026-04-19T17:43:45Z</time>
    <extensions>
     <power>123</power>
     <gpxtpx:TrackPointExtension>
      <gpxtpx:hr>169</gpxtpx:hr>
     </gpxtpx:TrackPointExtension>
    </extensions>
   </trkpt>
   <trkpt lat="49.2724140" lon="-123.1019120">
    <ele>7.6</ele>
    <time>2026-04-19T17:43:46Z</time>
    <extensions>
     <power>123</power>
     <gpxtpx:TrackPointExtension>
      <gpxtpx:hr>169</gpxtpx:hr>
     </gpxtpx:TrackPointExtension>
    </extensions>
   </trkpt>
   <trkpt lat="49.2724270" lon="-123.1019090">
    <ele>7.6</ele>
    <time>2026-04-19T17:43:47Z</time>
    <extensions>
     <power>123</power>
     <gpxtpx:TrackPointExtension>
      <gpxtpx:hr>169</gpxtpx:hr>
     </gpxtpx:TrackPointExtension>
    </extensions>
   </trkpt>
   <trkpt lat="49.2724390" lon="-123.1019070">
    <ele>7.6</ele>
    <time>2026-04-19T17:43:48Z</time>
    <extensions>
     <power>127</power>
     <gpxtpx:TrackPointExtension>
      <gpxtpx:hr>169</gpxtpx:hr>
     </gpxtpx:TrackPointExtension>
    </extensions>
   </trkpt>
   <trkpt lat="49.2724680" lon="-123.1019030">
    <ele>7.6</ele>
    <time>2026-04-19T17:43:49Z</time>
    <extensions>
     <power>127</power>
     <gpxtpx:TrackPointExtension>
      <gpxtpx:hr>169</gpxtpx:hr>
     </gpxtpx:TrackPointExtension>
    </extensions>
   </trkpt>
   <trkpt lat="49.2724770" lon="-123.1019020">
    <ele>7.6</ele>
    <time>2026-04-19T17:43:50Z</time>
    <extensions>
     <power>133</power>
     <gpxtpx:TrackPointExtension>
      <gpxtpx:hr>169</gpxtpx:hr>
     </gpxtpx:TrackPointExtension>
    </extensions>
   </trkpt>
   <trkpt lat="49.2724960" lon="-123.1018990">
    <ele>7.6</ele>
    <time>2026-04-19T17:43:51Z</time>
    <extensions>
     <power>133</power>
     <gpxtpx:TrackPointExtension>
      <gpxtpx:hr>169</gpxtpx:hr>
     </gpxtpx:TrackPointExtension>
    </extensions>
   </trkpt>
   <trkpt lat="49.2725140" lon="-123.1018960">
    <ele>7.6</ele>
    <time>2026-04-19T17:43:52Z</time>
    <extensions>
     <power>133</power>
     <gpxtpx:TrackPointExtension>
      <gpxtpx:hr>169</gpxtpx:hr>
     </gpxtpx:TrackPointExtension>
    </extensions>
   </trkpt>
   <trkpt lat="49.2725330" lon="-123.1018940">
    <ele>7.6</ele>
    <time>2026-04-19T17:43:53Z</time>
    <extensions>
     <power>131</power>
     <gpxtpx:TrackPointExtension>
      <gpxtpx:hr>169</gpxtpx:hr>
     </gpxtpx:TrackPointExtension>
    </extensions>
   </trkpt>
   <trkpt lat="49.2725610" lon="-123.1018900">
    <ele>7.6</ele>
    <time>2026-04-19T17:43:54Z</time>
    <extensions>
     <power>131</power>
     <gpxtpx:TrackPointExtension>
      <gpxtpx:hr>168</gpxtpx:hr>
     </gpxtpx:TrackPointExtension>
    </extensions>
   </trkpt>
   <trkpt lat="49.2725700" lon="-123.1018890">
    <ele>7.6</ele>
    <time>2026-04-19T17:43:55Z</time>
    <extensions>
     <power>132</power>
     <gpxtpx:TrackPointExtension>
      <gpxtpx:hr>168</gpxtpx:hr>
     </gpxtpx:TrackPointExtension>
    </extensions>
   </trkpt>
   <trkpt lat="49.2726000" lon="-123.1018860">
    <ele>7.6</ele>
    <time>2026-04-19T17:43:56Z</time>
    <extensions>
     <power>132</power>
     <gpxtpx:TrackPointExtension>
      <gpxtpx:hr>168</gpxtpx:hr>
     </gpxtpx:TrackPointExtension>
    </extensions>
   </trkpt>
   <trkpt lat="49.2726110" lon="-123.1018850">
    <ele>7.6</ele>
    <time>2026-04-19T17:43:57Z</time>
    <extensions>
     <power>132</power>
     <gpxtpx:TrackPointExtension>
      <gpxtpx:hr>168</gpxtpx:hr>
     </gpxtpx:TrackPointExtension>
    </extensions>
   </trkpt>
   <trkpt lat="49.2726230" lon="-123.1018830">
    <ele>7.6</ele>
    <time>2026-04-19T17:43:58Z</time>
    <extensions>
     <power>130</power>
     <gpxtpx:TrackPointExtension>
      <gpxtpx:hr>167</gpxtpx:hr>
     </gpxtpx:TrackPointExtension>
    </extensions>
   </trkpt>
   <trkpt lat="49.2726410" lon="-123.1018810">
    <ele>7.6</ele>
    <time>2026-04-19T17:43:59Z</time>
    <extensions>
     <power>130</power>
     <gpxtpx:TrackPointExtension>
      <gpxtpx:hr>167</gpxtpx:hr>
     </gpxtpx:TrackPointExtension>
    </extensions>
   </trkpt>
   <trkpt lat="49.2726590" lon="-123.1018790">
    <ele>7.6</ele>
    <time>2026-04-19T17:44:00Z</time>
    <extensions>
     <power>129</power>
     <gpxtpx:TrackPointExtension>
      <gpxtpx:hr>166</gpxtpx:hr>
     </gpxtpx:TrackPointExtension>
    </extensions>
   </trkpt>
   <trkpt lat="49.2726880" lon="-123.1018760">
    <ele>7.6</ele>
    <time>2026-04-19T17:44:01Z</time>
    <extensions>
     <power>129</power>
     <gpxtpx:TrackPointExtension>
      <gpxtpx:hr>166</gpxtpx:hr>
     </gpxtpx:TrackPointExtension>
    </extensions>
   </trkpt>
   <trkpt lat="49.2726990" lon="-123.1018740">
    <ele>7.6</ele>
    <time>2026-04-19T17:44:02Z</time>
    <extensions>
     <power>129</power>
     <gpxtpx:TrackPointExtension>
      <gpxtpx:hr>166</gpxtpx:hr>
     </gpxtpx:TrackPointExtension>
    </extensions>
   </trkpt>
   <trkpt lat="49.2727110" lon="-123.1018730">
    <ele>7.6</ele>
    <time>2026-04-19T17:44:03Z</time>
    <extensions>
     <power>128</power>
     <gpxtpx:TrackPointExtension>
      <gpxtpx:hr>166</gpxtpx:hr>
     </gpxtpx:TrackPointExtension>
    </extensions>
   </trkpt>
   <trkpt lat="49.2727410" lon="-123.1018720">
    <ele>7.6</ele>
    <time>2026-04-19T17:44:04Z</time>
    <extensions>
     <power>128</power>
     <gpxtpx:TrackPointExtension>
      <gpxtpx:hr>166</gpxtpx:hr>
     </gpxtpx:TrackPointExtension>
    </extensions>
   </trkpt>
   <trkpt lat="49.2727530" lon="-123.1018710">
    <ele>7.6</ele>
    <time>2026-04-19T17:44:05Z</time>
    <extensions>
     <power>128</power>
     <gpxtpx:TrackPointExtension>
      <gpxtpx:hr>166</gpxtpx:hr>
     </gpxtpx:TrackPointExtension>
    </extensions>
   </trkpt>
   <trkpt lat="49.2727650" lon="-123.1018710">
    <ele>7.6</ele>
    <time>2026-04-19T17:44:06Z</time>
    <extensions>
     <power>127</power>
     <gpxtpx:TrackPointExtension>
      <gpxtpx:hr>166</gpxtpx:hr>
     </gpxtpx:TrackPointExtension>
    </extensions>
   </trkpt>
   <trkpt lat="49.2727930" lon="-123.1018710">
    <ele>7.6</ele>
    <time>2026-04-19T17:44:07Z</time>
    <extensions>
     <power>127</power>
     <gpxtpx:TrackPointExtension>
      <gpxtpx:hr>166</gpxtpx:hr>
     </gpxtpx:TrackPointExtension>
    </extensions>
   </trkpt>
   <trkpt lat="49.2728020" lon="-123.1018720">
    <ele>7.6</ele>
    <time>2026-04-19T17:44:08Z</time>
    <extensions>
     <power>126</power>
     <gpxtpx:TrackPointExtension>
      <gpxtpx:hr>164</gpxtpx:hr>
     </gpxtpx:TrackPointExtension>
    </extensions>
   </trkpt>
   <trkpt lat="49.2728330" lon="-123.1018720">
    <ele>7.6</ele>
    <time>2026-04-19T17:44:09Z</time>
    <extensions>
     <power>126</power>
     <gpxtpx:TrackPointExtension>
      <gpxtpx:hr>164</gpxtpx:hr>
     </gpxtpx:TrackPointExtension>
    </extensions>
   </trkpt>
   <trkpt lat="49.2728450" lon="-123.1018710">
    <ele>7.4</ele>
    <time>2026-04-19T17:44:10Z</time>
    <extensions>
     <power>126</power>
     <gpxtpx:TrackPointExtension>
      <gpxtpx:hr>164</gpxtpx:hr>
     </gpxtpx:TrackPointExtension>
    </extensions>
   </trkpt>
   <trkpt lat="49.2728580" lon="-123.1018710">
    <ele>7.4</ele>
    <time>2026-04-19T17:44:11Z</time>
    <extensions>
     <power>129</power>
     <gpxtpx:TrackPointExtension>
      <gpxtpx:hr>163</gpxtpx:hr>
     </gpxtpx:TrackPointExtension>
    </extensions>
   </trkpt>
   <trkpt lat="49.2728850" lon="-123.1018730">
    <ele>7.4</ele>
    <time>2026-04-19T17:44:12Z</time>
    <extensions>
     <power>129</power>
     <gpxtpx:TrackPointExtension>
      <gpxtpx:hr>163</gpxtpx:hr>
     </gpxtpx:TrackPointExtension>
    </extensions>
   </trkpt>
   <trkpt lat="49.2728940" lon="-123.1018740">
    <ele>7.4</ele>
    <time>2026-04-19T17:44:13Z</time>
    <extensions>
     <power>129</power>
     <gpxtpx:TrackPointExtension>
      <gpxtpx:hr>163</gpxtpx:hr>
     </gpxtpx:TrackPointExtension>
    </extensions>
   </trkpt>
   <trkpt lat="49.2729240" lon="-123.1018790">
    <ele>7.4</ele>
    <time>2026-04-19T17:44:14Z</time>
    <extensions>
     <power>129</power>
     <gpxtpx:TrackPointExtension>
      <gpxtpx:hr>163</gpxtpx:hr>
     </gpxtpx:TrackPointExtension>
    </extensions>
   </trkpt>
   <trkpt lat="49.2729350" lon="-123.1018820">
    <ele>7.4</ele>
    <time>2026-04-19T17:44:15Z</time>
    <extensions>
     <power>129</power>
     <gpxtpx:TrackPointExtension>
      <gpxtpx:hr>164</gpxtpx:hr>
     </gpxtpx:TrackPointExtension>
    </extensions>
   </trkpt>
   <trkpt lat="49.2729470" lon="-123.1018840">
    <ele>7.4</ele>
    <time>2026-04-19T17:44:16Z</time>
    <extensions>
     <power>129</power>
     <gpxtpx:TrackPointExtension>
      <gpxtpx:hr>164</gpxtpx:hr>
     </gpxtpx:TrackPointExtension>
    </extensions>
   </trkpt>
   <trkpt lat="49.2729750" lon="-123.1018860">
    <ele>7.4</ele>
    <time>2026-04-19T17:44:17Z</time>
    <extensions>
     <power>129</power>
     <gpxtpx:TrackPointExtension>
      <gpxtpx:hr>164</gpxtpx:hr>
     </gpxtpx:TrackPointExtension>
    </extensions>
   </trkpt>
   <trkpt lat="49.2729840" lon="-123.1018870">
    <ele>7.4</ele>
    <time>2026-04-19T17:44:18Z</time>
    <extensions>
     <power>130</power>
     <gpxtpx:TrackPointExtension>
      <gpxtpx:hr>164</gpxtpx:hr>
     </gpxtpx:TrackPointExtension>
    </extensions>
   </trkpt>
   <trkpt lat="49.2730150" lon="-123.1018900">
    <ele>7.4</ele>
    <time>2026-04-19T17:44:19Z</time>
    <extensions>
     <power>130</power>
     <gpxtpx:TrackPointExtension>
      <gpxtpx:hr>164</gpxtpx:hr>
     </gpxtpx:TrackPointExtension>
    </extensions>
   </trkpt>
   <trkpt lat="49.2730280" lon="-123.1018920">
    <ele>7.4</ele>
    <time>2026-04-19T17:44:20Z</time>
    <extensions>
     <power>130</power>
     <gpxtpx:TrackPointExtension>
      <gpxtpx:hr>166</gpxtpx:hr>
     </gpxtpx:TrackPointExtension>
    </extensions>
   </trkpt>
   <trkpt lat="49.2730400" lon="-123.1018930">
    <ele>7.4</ele>
    <time>2026-04-19T17:44:21Z</time>
    <extensions>
     <power>132</power>
     <gpxtpx:TrackPointExtension>
      <gpxtpx:hr>166</gpxtpx:hr>
     </gpxtpx:TrackPointExtension>
    </extensions>
   </trkpt>
   <trkpt lat="49.2730590" lon="-123.1018950">
    <ele>7.4</ele>
    <time>2026-04-19T17:44:22Z</time>
    <extensions>
     <power>132</power>
     <gpxtpx:TrackPointExtension>
      <gpxtpx:hr>166</gpxtpx:hr>
     </gpxtpx:TrackPointExtension>
    </extensions>
   </trkpt>
   <trkpt lat="49.2730780" lon="-123.1018960">
    <ele>7.4</ele>
    <time>2026-04-19T17:44:23Z</time>
    <extensions>
     <power>136</power>
     <gpxtpx:TrackPointExtension>
      <gpxtpx:hr>166</gpxtpx:hr>
     </gpxtpx:TrackPointExtension>
    </extensions>
   </trkpt>
   <trkpt lat="49.2731080" lon="-123.1018990">
    <ele>7.4</ele>
    <time>2026-04-19T17:44:24Z</time>
    <extensions>
     <power>136</power>
     <gpxtpx:TrackPointExtension>
      <gpxtpx:hr>166</gpxtpx:hr>
     </gpxtpx:TrackPointExtension>
    </extensions>
   </trkpt>
   <trkpt lat="49.2731200" lon="-123.1019000">
    <ele>7.4</ele>
    <time>2026-04-19T17:44:25Z</time>
    <extensions>
     <power>136</power>
     <gpxtpx:TrackPointExtension>
      <gpxtpx:hr>164</gpxtpx:hr>
     </gpxtpx:TrackPointExtension>
    </extensions>
   </trkpt>
   <trkpt lat="49.2731320" lon="-123.1019010">
    <ele>7.4</ele>
    <time>2026-04-19T17:44:26Z</time>
    <extensions>
     <power>133</power>
     <gpxtpx:TrackPointExtension>
      <gpxtpx:hr>164</gpxtpx:hr>
     </gpxtpx:TrackPointExtension>
    </extensions>
   </trkpt>
   <trkpt lat="49.2731640" lon="-123.1019030">
    <ele>7.4</ele>
    <time>2026-04-19T17:44:27Z</time>
    <extensions>
     <power>133</power>
     <gpxtpx:TrackPointExtension>
      <gpxtpx:hr>164</gpxtpx:hr>
     </gpxtpx:TrackPointExtension>
    </extensions>
   </trkpt>
   <trkpt lat="49.2731770" lon="-123.1019030">
    <ele>7.4</ele>
    <time>2026-04-19T17:44:28Z</time>
    <extensions>
     <power>133</power>
     <gpxtpx:TrackPointExtension>
      <gpxtpx:hr>164</gpxtpx:hr>
     </gpxtpx:TrackPointExtension>
    </extensions>
   </trkpt>
   <trkpt lat="49.2731900" lon="-123.1019040">
    <ele>7.4</ele>
    <time>2026-04-19T17:44:29Z</time>
    <extensions>
     <power>133</power>
     <gpxtpx:TrackPointExtension>
      <gpxtpx:hr>164</gpxtpx:hr>
     </gpxtpx:TrackPointExtension>
    </extensions>
   </trkpt>
   <trkpt lat="49.2732190" lon="-123.1019040">
    <ele>7.4</ele>
    <time>2026-04-19T17:44:30Z</time>
    <extensions>
     <power>133</power>
     <gpxtpx:TrackPointExtension>
      <gpxtpx:hr>164</gpxtpx:hr>
     </gpxtpx:TrackPointExtension>
    </extensions>
   </trkpt>
   <trkpt lat="49.2732280" lon="-123.1019040">
    <ele>7.2</ele>
    <time>2026-04-19T17:44:31Z</time>
    <extensions>
     <power>135</power>
     <gpxtpx:TrackPointExtension>
      <gpxtpx:hr>164</gpxtpx:hr>
     </gpxtpx:TrackPointExtension>
    </extensions>
   </trkpt>
   <trkpt lat="49.2732600" lon="-123.1019040">
    <ele>7.2</ele>
    <time>2026-04-19T17:44:32Z</time>
    <extensions>
     <power>135</power>
     <gpxtpx:TrackPointExtension>
      <gpxtpx:hr>164</gpxtpx:hr>
     </gpxtpx:TrackPointExtension>
    </extensions>
   </trkpt>
   <trkpt lat="49.2732720" lon="-123.1019030">
    <ele>7.2</ele>
    <time>2026-04-19T17:44:33Z</time>
    <extensions>
     <power>135</power>
     <gpxtpx:TrackPointExtension>
      <gpxtpx:hr>164</gpxtpx:hr>
     </gpxtpx:TrackPointExtension>
    </extensions>
   </trkpt>
   <trkpt lat="49.2732850" lon="-123.1019030">
    <ele>7.2</ele>
    <time>2026-04-19T17:44:34Z</time>
    <extensions>
     <power>143</power>
     <gpxtpx:TrackPointExtension>
      <gpxtpx:hr>164</gpxtpx:hr>
     </gpxtpx:TrackPointExtension>
    </extensions>
   </trkpt>
   <trkpt lat="49.2733140" lon="-123.1019040">
    <ele>7.2</ele>
    <time>2026-04-19T17:44:35Z</time>
    <extensions>
     <power>143</power>
     <gpxtpx:TrackPointExtension>
      <gpxtpx:hr>164</gpxtpx:hr>
     </gpxtpx:TrackPointExtension>
    </extensions>
   </trkpt>
   <trkpt lat="49.2733230" lon="-123.1019050">
    <ele>7.2</ele>
    <time>2026-04-19T17:44:36Z</time>
    <extensions>
     <power>144</power>
     <gpxtpx:TrackPointExtension>
      <gpxtpx:hr>161</gpxtpx:hr>
     </gpxtpx:TrackPointExtension>
    </extensions>
   </trkpt>
   <trkpt lat="49.2733570" lon="-123.1019050">
    <ele>7.2</ele>
    <time>2026-04-19T17:44:37Z</time>
    <extensions>
     <power>144</power>
     <gpxtpx:TrackPointExtension>
      <gpxtpx:hr>161</gpxtpx:hr>
     </gpxtpx:TrackPointExtension>
    </extensions>
   </trkpt>
   <trkpt lat="49.2733710" lon="-123.1019050">
    <ele>7.2</ele>
    <time>2026-04-19T17:44:38Z</time>
    <extensions>
     <power>144</power>
     <gpxtpx:TrackPointExtension>
      <gpxtpx:hr>161</gpxtpx:hr>
     </gpxtpx:TrackPointExtension>
    </extensions>
   </trkpt>
   <trkpt lat="49.2733850" lon="-123.1019040">
    <ele>7.2</ele>
    <time>2026-04-19T17:44:39Z</time>
    <extensions>
     <power>145</power>
     <gpxtpx:TrackPointExtension>
      <gpxtpx:hr>161</gpxtpx:hr>
     </gpxtpx:TrackPointExtension>
    </extensions>
   </trkpt>
   <trkpt lat="49.2734160" lon="-123.1019040">
    <ele>7.0</ele>
    <time>2026-04-19T17:44:40Z</time>
    <extensions>
     <power>145</power>
     <gpxtpx:TrackPointExtension>
      <gpxtpx:hr>161</gpxtpx:hr>
     </gpxtpx:TrackPointExtension>
    </extensions>
   </trkpt>
   <trkpt lat="49.2734270" lon="-123.1019040">
    <ele>7.0</ele>
    <time>2026-04-19T17:44:41Z</time>
    <extensions>
     <power>150</power>
     <gpxtpx:TrackPointExtension>
      <gpxtpx:hr>161</gpxtpx:hr>
     </gpxtpx:TrackPointExtension>
    </extensions>
   </trkpt>
   <trkpt lat="49.2734580" lon="-123.1019020">
    <ele>7.0</ele>
    <time>2026-04-19T17:44:42Z</time>
    <extensions>
     <power>150</power>
     <gpxtpx:TrackPointExtension>
      <gpxtpx:hr>161</gpxtpx:hr>
     </gpxtpx:TrackPointExtension>
    </extensions>
   </trkpt>
   <trkpt lat="49.2734690" lon="-123.1019000">
    <ele>7.0</ele>
    <time>2026-04-19T17:44:43Z</time>
    <extensions>
     <power>150</power>
     <gpxtpx:TrackPointExtension>
      <gpxtpx:hr>161</gpxtpx:hr>
     </gpxtpx:TrackPointExtension>
    </extensions>
   </trkpt>
   <trkpt lat="49.2734810" lon="-123.1018990">
    <ele>7.0</ele>
    <time>2026-04-19T17:44:44Z</time>
    <extensions>
     <power>148</power>
     <gpxtpx:TrackPointExtension>
      <gpxtpx:hr>161</gpxtpx:hr>
     </gpxtpx:TrackPointExtension>
    </extensions>
   </trkpt>
   <trkpt lat="49.2735060" lon="-123.1019000">
    <ele>7.0</ele>
    <time>2026-04-19T17:44:45Z</time>
    <extensions>
     <power>148</power>
     <gpxtpx:TrackPointExtension>
      <gpxtpx:hr>161</gpxtpx:hr>
     </gpxtpx:TrackPointExtension>
    </extensions>
   </trkpt>
   <trkpt lat="49.2735150" lon="-123.1019010">
    <ele>7.0</ele>
    <time>2026-04-19T17:44:46Z</time>
    <extensions>
     <power>144</power>
     <gpxtpx:TrackPointExtension>
      <gpxtpx:hr>161</gpxtpx:hr>
     </gpxtpx:TrackPointExtension>
    </extensions>
   </trkpt>
   <trkpt lat="49.2735320" lon="-123.1019040">
    <ele>7.0</ele>
    <time>2026-04-19T17:44:47Z</time>
    <extensions>
     <power>144</power>
     <gpxtpx:TrackPointExtension>
      <gpxtpx:hr>161</gpxtpx:hr>
     </gpxtpx:TrackPointExtension>
    </extensions>
   </trkpt>
   <trkpt lat="49.2735490" lon="-123.1019040">
    <ele>7.0</ele>
    <time>2026-04-19T17:44:48Z</time>
    <extensions>
     <power>144</power>
     <gpxtpx:TrackPointExtension>
      <gpxtpx:hr>161</gpxtpx:hr>
     </gpxtpx:TrackPointExtension>
    </extensions>
   </trkpt>
   <trkpt lat="49.2735660" lon="-123.1019030">
    <ele>7.0</ele>
    <time>2026-04-19T17:44:49Z</time>
    <extensions>
     <power>144</power>
     <gpxtpx:TrackPointExtension>
      <gpxtpx:hr>161</gpxtpx:hr>
     </gpxtpx:TrackPointExtension>
    </extensions>
   </trkpt>
   <trkpt lat="49.2736000" lon="-123.1019000">
    <ele>7.0</ele>
    <time>2026-04-19T17:44:50Z</time>
    <extensions>
     <power>144</power>
     <gpxtpx:TrackPointExtension>
      <gpxtpx:hr>161</gpxtpx:hr>
     </gpxtpx:TrackPointExtension>
    </extensions>
   </trkpt>
   <trkpt lat="49.2736130" lon="-123.1019000">
    <ele>7.0</ele>
    <time>2026-04-19T17:44:51Z</time>
    <extensions>
     <power>144</power>
     <gpxtpx:TrackPointExtension>
      <gpxtpx:hr>161</gpxtpx:hr>
     </gpxtpx:TrackPointExtension>
    </extensions>
   </trkpt>
   <trkpt lat="49.2736270" lon="-123.1018990">
    <ele>6.8</ele>
    <time>2026-04-19T17:44:52Z</time>
    <extensions>
     <power>145</power>
     <gpxtpx:TrackPointExtension>
      <gpxtpx:hr>161</gpxtpx:hr>
     </gpxtpx:TrackPointExtension>
    </extensions>
   </trkpt>
   <trkpt lat="49.2736590" lon="-123.1018980">
    <ele>6.8</ele>
    <time>2026-04-19T17:44:53Z</time>
    <extensions>
     <power>145</power>
     <gpxtpx:TrackPointExtension>
      <gpxtpx:hr>161</gpxtpx:hr>
     </gpxtpx:TrackPointExtension>
    </extensions>
   </trkpt>
   <trkpt lat="49.2736700" lon="-123.1018980">
    <ele>6.8</ele>
    <time>2026-04-19T17:44:54Z</time>
    <extensions>
     <power>147</power>
     <gpxtpx:TrackPointExtension>
      <gpxtpx:hr>161</gpxtpx:hr>
     </gpxtpx:TrackPointExtension>
    </extensions>
   </trkpt>
   <trkpt lat="49.2737070" lon="-123.1019000">
    <ele>6.8</ele>
    <time>2026-04-19T17:44:55Z</time>
    <extensions>
     <power>147</power>
     <gpxtpx:TrackPointExtension>
      <gpxtpx:hr>161</gpxtpx:hr>
     </gpxtpx:TrackPointExtension>
    </extensions>
   </trkpt>
   <trkpt lat="49.2737210" lon="-123.1019020">
    <ele>6.8</ele>
    <time>2026-04-19T17:44:56Z</time>
    <extensions>
     <power>147</power>
     <gpxtpx:TrackPointExtension>
      <gpxtpx:hr>161</gpxtpx:hr>
     </gpxtpx:TrackPointExtension>
    </extensions>
   </trkpt>
   <trkpt lat="49.2737360" lon="-123.1019030">
    <ele>6.8</ele>
    <time>2026-04-19T17:44:57Z</time>
    <extensions>
     <power>150</power>
     <gpxtpx:TrackPointExtension>
      <gpxtpx:hr>160</gpxtpx:hr>
     </gpxtpx:TrackPointExtension>
    </extensions>
   </trkpt>
   <trkpt lat="49.2737710" lon="-123.1019030">
    <ele>6.8</ele>
    <time>2026-04-19T17:44:58Z</time>
    <extensions>
     <power>150</power>
     <gpxtpx:TrackPointExtension>
      <gpxtpx:hr>160</gpxtpx:hr>
     </gpxtpx:TrackPointExtension>
    </extensions>
   </trkpt>
   <trkpt lat="49.2737820" lon="-123.1019020">
    <ele>6.8</ele>
    <time>2026-04-19T17:44:59Z</time>
    <extensions>
     <power>153</power>
     <gpxtpx:TrackPointExtension>
      <gpxtpx:hr>160</gpxtpx:hr>
     </gpxtpx:TrackPointExtension>
    </extensions>
   </trkpt>
   <trkpt lat="49.2738180" lon="-123.1018990">
    <ele>6.8</ele>
    <time>2026-04-19T17:45:00Z</time>
    <extensions>
     <power>153</power>
     <gpxtpx:TrackPointExtension>
      <gpxtpx:hr>160</gpxtpx:hr>
     </gpxtpx:TrackPointExtension>
    </extensions>
   </trkpt>
   <trkpt lat="49.2738330" lon="-123.1018970">
    <ele>6.8</ele>
    <time>2026-04-19T17:45:01Z</time>
    <extensions>
     <power>153</power>
     <gpxtpx:TrackPointExtension>
      <gpxtpx:hr>160</gpxtpx:hr>
     </gpxtpx:TrackPointExtension>
    </extensions>
   </trkpt>
   <trkpt lat="49.2738470" lon="-123.1018960">
    <ele>6.8</ele>
    <time>2026-04-19T17:45:02Z</time>
    <extensions>
     <power>152</power>
     <gpxtpx:TrackPointExtension>
      <gpxtpx:hr>160</gpxtpx:hr>
     </gpxtpx:TrackPointExtension>
    </extensions>
   </trkpt>
   <trkpt lat="49.2738680" lon="-123.1018970">
    <ele>6.8</ele>
    <time>2026-04-19T17:45:03Z</time>
    <extensions>
     <power>152</power>
     <gpxtpx:TrackPointExtension>
      <gpxtpx:hr>160</gpxtpx:hr>
     </gpxtpx:TrackPointExtension>
    </extensions>
   </trkpt>
   <trkpt lat="49.2738900" lon="-123.1018980">
    <ele>6.8</ele>
    <time>2026-04-19T17:45:04Z</time>
    <extensions>
     <power>152</power>
     <gpxtpx:TrackPointExtension>
      <gpxtpx:hr>161</gpxtpx:hr>
     </gpxtpx:TrackPointExtension>
    </extensions>
   </trkpt>
   <trkpt lat="49.2739280" lon="-123.1019000">
    <ele>7.0</ele>
    <time>2026-04-19T17:45:05Z</time>
    <extensions>
     <power>152</power>
     <gpxtpx:TrackPointExtension>
      <gpxtpx:hr>161</gpxtpx:hr>
     </gpxtpx:TrackPointExtension>
    </extensions>
   </trkpt>
   <trkpt lat="49.2739430" lon="-123.1019010">
    <ele>7.0</ele>
    <time>2026-04-19T17:45:06Z</time>
    <extensions>
     <power>152</power>
     <gpxtpx:TrackPointExtension>
      <gpxtpx:hr>161</gpxtpx:hr>
     </gpxtpx:TrackPointExtension>
    </extensions>
   </trkpt>
   <trkpt lat="49.2739580" lon="-123.1019020">
    <ele>7.0</ele>
    <time>2026-04-19T17:45:07Z</time>
    <extensions>
     <power>151</power>
     <gpxtpx:TrackPointExtension>
      <gpxtpx:hr>161</gpxtpx:hr>
     </gpxtpx:TrackPointExtension>
    </extensions>
   </trkpt>
   <trkpt lat="49.2739900" lon="-123.1019030">
    <ele>7.0</ele>
    <time>2026-04-19T17:45:08Z</time>
    <extensions>
     <power>151</power>
     <gpxtpx:TrackPointExtension>
      <gpxtpx:hr>161</gpxtpx:hr>
     </gpxtpx:TrackPointExtension>
    </extensions>
   </trkpt>
   <trkpt lat="49.2740000" lon="-123.1019040">
    <ele>7.0</ele>
    <time>2026-04-19T17:45:09Z</time>
    <extensions>
     <power>153</power>
     <gpxtpx:TrackPointExtension>
      <gpxtpx:hr>161</gpxtpx:hr>
     </gpxtpx:TrackPointExtension>
    </extensions>
   </trkpt>
   <trkpt lat="49.2740370" lon="-123.1019050">
    <ele>7.0</ele>
    <time>2026-04-19T17:45:10Z</time>
    <extensions>
     <power>153</power>
     <gpxtpx:TrackPointExtension>
      <gpxtpx:hr>161</gpxtpx:hr>
     </gpxtpx:TrackPointExtension>
    </extensions>
   </trkpt>
   <trkpt lat="49.2740530" lon="-123.1019060">
    <ele>7.0</ele>
    <time>2026-04-19T17:45:11Z</time>
    <extensions>
     <power>153</power>
     <gpxtpx:TrackPointExtension>
      <gpxtpx:hr>161</gpxtpx:hr>
     </gpxtpx:TrackPointExtension>
    </extensions>
   </trkpt>
   <trkpt lat="49.2740690" lon="-123.1019060">
    <ele>7.0</ele>
    <time>2026-04-19T17:45:12Z</time>
    <extensions>
     <power>240</power>
     <gpxtpx:TrackPointExtension>
      <gpxtpx:hr>161</gpxtpx:hr>
     </gpxtpx:TrackPointExtension>
    </extensions>
   </trkpt>
   <trkpt lat="49.2741100" lon="-123.1019070">
    <ele>7.0</ele>
    <time>2026-04-19T17:45:13Z</time>
    <extensions>
     <power>240</power>
     <gpxtpx:TrackPointExtension>
      <gpxtpx:hr>161</gpxtpx:hr>
     </gpxtpx:TrackPointExtension>
    </extensions>
   </trkpt>
   <trkpt lat="49.2741250" lon="-123.1019080">
    <ele>7.0</ele>
    <time>2026-04-19T17:45:14Z</time>
    <extensions>
     <power>240</power>
     <gpxtpx:TrackPointExtension>
      <gpxtpx:hr>161</gpxtpx:hr>
     </gpxtpx:TrackPointExtension>
    </extensions>
   </trkpt>
   <trkpt lat="49.2741410" lon="-123.1019080">
    <ele>7.0</ele>
    <time>2026-04-19T17:45:15Z</time>
    <extensions>
     <power>213</power>
     <gpxtpx:TrackPointExtension>
      <gpxtpx:hr>163</gpxtpx:hr>
     </gpxtpx:TrackPointExtension>
    </extensions>
   </trkpt>
   <trkpt lat="49.2741760" lon="-123.1019110">
    <ele>7.0</ele>
    <time>2026-04-19T17:45:16Z</time>
    <extensions>
     <power>213</power>
     <gpxtpx:TrackPointExtension>
      <gpxtpx:hr>163</gpxtpx:hr>
     </gpxtpx:TrackPointExtension>
    </extensions>
   </trkpt>
   <trkpt lat="49.2741870" lon="-123.1019130">
    <ele>7.0</ele>
    <time>2026-04-19T17:45:17Z</time>
    <extensions>
     <power>205</power>
     <gpxtpx:TrackPointExtension>
      <gpxtpx:hr>163</gpxtpx:hr>
     </gpxtpx:TrackPointExtension>
    </extensions>
   </trkpt>
   <trkpt lat="49.2742290" lon="-123.1019230">
    <ele>7.0</ele>
    <time>2026-04-19T17:45:18Z</time>
    <extensions>
     <power>205</power>
     <gpxtpx:TrackPointExtension>
      <gpxtpx:hr>163</gpxtpx:hr>
     </gpxtpx:TrackPointExtension>
    </extensions>
   </trkpt>
   <trkpt lat="49.2742460" lon="-123.1019280">
    <ele>7.0</ele>
    <time>2026-04-19T17:45:19Z</time>
    <extensions>
     <power>205</power>
     <gpxtpx:TrackPointExtension>
      <gpxtpx:hr>163</gpxtpx:hr>
     </gpxtpx:TrackPointExtension>
    </extensions>
   </trkpt>
   <trkpt lat="49.2742640" lon="-123.1019320">
    <ele>7.0</ele>
    <time>2026-04-19T17:45:20Z</time>
    <extensions>
     <power>209</power>
     <gpxtpx:TrackPointExtension>
      <gpxtpx:hr>166</gpxtpx:hr>
     </gpxtpx:TrackPointExtension>
    </extensions>
   </trkpt>
   <trkpt lat="49.2743060" lon="-123.1019410">
    <ele>7.0</ele>
    <time>2026-04-19T17:45:21Z</time>
    <extensions>
     <power>209</power>
     <gpxtpx:TrackPointExtension>
      <gpxtpx:hr>166</gpxtpx:hr>
     </gpxtpx:TrackPointExtension>
    </extensions>
   </trkpt>
   <trkpt lat="49.2743200" lon="-123.1019450">
    <ele>7.0</ele>
    <time>2026-04-19T17:45:22Z</time>
    <extensions>
     <power>206</power>
     <gpxtpx:TrackPointExtension>
      <gpxtpx:hr>166</gpxtpx:hr>
     </gpxtpx:TrackPointExtension>
    </extensions>
   </trkpt>
   <trkpt lat="49.2743640" lon="-123.1019600">
    <ele>7.0</ele>
    <time>2026-04-19T17:45:23Z</time>
    <extensions>
     <power>206</power>
     <gpxtpx:TrackPointExtension>
      <gpxtpx:hr>166</gpxtpx:hr>
     </gpxtpx:TrackPointExtension>
    </extensions>
   </trkpt>
   <trkpt lat="49.2743820" lon="-123.1019660">
    <ele>7.2</ele>
    <time>2026-04-19T17:45:24Z</time>
    <extensions>
     <power>206</power>
     <gpxtpx:TrackPointExtension>
      <gpxtpx:hr>166</gpxtpx:hr>
     </gpxtpx:TrackPointExtension>
    </extensions>
   </trkpt>
   <trkpt lat="49.2743990" lon="-123.1019710">
    <ele>7.2</ele>
    <time>2026-04-19T17:45:25Z</time>
    <extensions>
     <power>197</power>
     <gpxtpx:TrackPointExtension>
      <gpxtpx:hr>165</gpxtpx:hr>
     </gpxtpx:TrackPointExtension>
    </extensions>
   </trkpt>
   <trkpt lat="49.2744380" lon="-123.1019790">
    <ele>7.2</ele>
    <time>2026-04-19T17:45:26Z</time>
    <extensions>
     <power>197</power>
     <gpxtpx:TrackPointExtension>
      <gpxtpx:hr>165</gpxtpx:hr>
     </gpxtpx:TrackPointExtension>
    </extensions>
   </trkpt>
   <trkpt lat="49.2744510" lon="-123.1019810">
    <ele>7.2</ele>
    <time>2026-04-19T17:45:27Z</time>
    <extensions>
     <power>204</power>
     <gpxtpx:TrackPointExtension>
      <gpxtpx:hr>165</gpxtpx:hr>
     </gpxtpx:TrackPointExtension>
    </extensions>
   </trkpt>
   <trkpt lat="49.2744930" lon="-123.1019830">
    <ele>7.2</ele>
    <time>2026-04-19T17:45:28Z</time>
    <extensions>
     <power>204</power>
     <gpxtpx:TrackPointExtension>
      <gpxtpx:hr>165</gpxtpx:hr>
     </gpxtpx:TrackPointExtension>
    </extensions>
   </trkpt>
   <trkpt lat="49.2745100" lon="-123.1019850">
    <ele>7.2</ele>
    <time>2026-04-19T17:45:29Z</time>
    <extensions>
     <power>204</power>
     <gpxtpx:TrackPointExtension>
      <gpxtpx:hr>165</gpxtpx:hr>
     </gpxtpx:TrackPointExtension>
    </extensions>
   </trkpt>
   <trkpt lat="49.2745270" lon="-123.1019860">
    <ele>7.2</ele>
    <time>2026-04-19T17:45:30Z</time>
    <extensions>
     <power>192</power>
     <gpxtpx:TrackPointExtension>
      <gpxtpx:hr>165</gpxtpx:hr>
     </gpxtpx:TrackPointExtension>
    </extensions>
   </trkpt>
   <trkpt lat="49.2745660" lon="-123.1019970">
    <ele>7.2</ele>
    <time>2026-04-19T17:45:31Z</time>
    <extensions>
     <power>192</power>
     <gpxtpx:TrackPointExtension>
      <gpxtpx:hr>165</gpxtpx:hr>
     </gpxtpx:TrackPointExtension>
    </extensions>
   </trkpt>
   <trkpt lat="49.2745780" lon="-123.1020010">
    <ele>7.0</ele>
    <time>2026-04-19T17:45:32Z</time>
    <extensions>
     <power>190</power>
     <gpxtpx:TrackPointExtension>
      <gpxtpx:hr>165</gpxtpx:hr>
     </gpxtpx:TrackPointExtension>
    </extensions>
   </trkpt>
   <trkpt lat="49.2746180" lon="-123.1020150">
    <ele>7.0</ele>
    <time>2026-04-19T17:45:33Z</time>
    <extensions>
     <power>190</power>
     <gpxtpx:TrackPointExtension>
      <gpxtpx:hr>165</gpxtpx:hr>
     </gpxtpx:TrackPointExtension>
    </extensions>
   </trkpt>
   <trkpt lat="49.2746330" lon="-123.1020210">
    <ele>7.0</ele>
    <time>2026-04-19T17:45:34Z</time>
    <extensions>
     <power>190</power>
     <gpxtpx:TrackPointExtension>
      <gpxtpx:hr>165</gpxtpx:hr>
     </gpxtpx:TrackPointExtension>
    </extensions>
   </trkpt>
   <trkpt lat="49.2746490" lon="-123.1020270">
    <ele>7.0</ele>
    <time>2026-04-19T17:45:35Z</time>
    <extensions>
     <power>185</power>
     <gpxtpx:TrackPointExtension>
      <gpxtpx:hr>165</gpxtpx:hr>
     </gpxtpx:TrackPointExtension>
    </extensions>
   </trkpt>
   <trkpt lat="49.2746900" lon="-123.1020390">
    <ele>7.0</ele>
    <time>2026-04-19T17:45:36Z</time>
    <extensions>
     <power>185</power>
     <gpxtpx:TrackPointExtension>
      <gpxtpx:hr>165</gpxtpx:hr>
     </gpxtpx:TrackPointExtension>
    </extensions>
   </trkpt>
   <trkpt lat="49.2747070" lon="-123.1020430">
    <ele>7.0</ele>
    <time>2026-04-19T17:45:37Z</time>
    <extensions>
     <power>185</power>
     <gpxtpx:TrackPointExtension>
      <gpxtpx:hr>165</gpxtpx:hr>
     </gpxtpx:TrackPointExtension>
    </extensions>
   </trkpt>
   <trkpt lat="49.2747240" lon="-123.1020470">
    <ele>7.0</ele>
    <time>2026-04-19T17:45:38Z</time>
    <extensions>
     <power>188</power>
     <gpxtpx:TrackPointExtension>
      <gpxtpx:hr>164</gpxtpx:hr>
     </gpxtpx:TrackPointExtension>
    </extensions>
   </trkpt>
   <trkpt lat="49.2747630" lon="-123.1020550">
    <ele>7.0</ele>
    <time>2026-04-19T17:45:39Z</time>
    <extensions>
     <power>188</power>
     <gpxtpx:TrackPointExtension>
      <gpxtpx:hr>164</gpxtpx:hr>
     </gpxtpx:TrackPointExtension>
    </extensions>
   </trkpt>
   <trkpt lat="49.2747760" lon="-123.1020580">
    <ele>7.0</ele>
    <time>2026-04-19T17:45:40Z</time>
    <extensions>
     <power>191</power>
     <gpxtpx:TrackPointExtension>
      <gpxtpx:hr>165</gpxtpx:hr>
     </gpxtpx:TrackPointExtension>
    </extensions>
   </trkpt>
   <trkpt lat="49.2748170" lon="-123.1020710">
    <ele>7.2</ele>
    <time>2026-04-19T17:45:41Z</time>
    <extensions>
     <power>191</power>
     <gpxtpx:TrackPointExtension>
      <gpxtpx:hr>165</gpxtpx:hr>
     </gpxtpx:TrackPointExtension>
    </extensions>
   </trkpt>
   <trkpt lat="49.2748340" lon="-123.1020770">
    <ele>7.2</ele>
    <time>2026-04-19T17:45:42Z</time>
    <extensions>
     <power>191</power>
     <gpxtpx:TrackPointExtension>
      <gpxtpx:hr>165</gpxtpx:hr>
     </gpxtpx:TrackPointExtension>
    </extensions>
   </trkpt>
   <trkpt lat="49.2748500" lon="-123.1020820">
    <ele>7.2</ele>
    <time>2026-04-19T17:45:43Z</time>
    <extensions>
     <power>191</power>
     <gpxtpx:TrackPointExtension>
      <gpxtpx:hr>165</gpxtpx:hr>
     </gpxtpx:TrackPointExtension>
    </extensions>
   </trkpt>
   <trkpt lat="49.2748840" lon="-123.1020930">
    <ele>7.2</ele>
    <time>2026-04-19T17:45:44Z</time>
    <extensions>
     <power>191</power>
     <gpxtpx:TrackPointExtension>
      <gpxtpx:hr>165</gpxtpx:hr>
     </gpxtpx:TrackPointExtension>
    </extensions>
   </trkpt>
   <trkpt lat="49.2748950" lon="-123.1020970">
    <ele>7.2</ele>
    <time>2026-04-19T17:45:45Z</time>
    <extensions>
     <power>190</power>
     <gpxtpx:TrackPointExtension>
      <gpxtpx:hr>165</gpxtpx:hr>
     </gpxtpx:TrackPointExtension>
    </extensions>
   </trkpt>
   <trkpt lat="49.2749340" lon="-123.1021090">
    <ele>7.2</ele>
    <time>2026-04-19T17:45:46Z</time>
    <extensions>
     <power>190</power>
     <gpxtpx:TrackPointExtension>
      <gpxtpx:hr>165</gpxtpx:hr>
     </gpxtpx:TrackPointExtension>
    </extensions>
   </trkpt>
   <trkpt lat="49.2749500" lon="-123.1021120">
    <ele>7.2</ele>
    <time>2026-04-19T17:45:47Z</time>
    <extensions>
     <power>190</power>
     <gpxtpx:TrackPointExtension>
      <gpxtpx:hr>166</gpxtpx:hr>
     </gpxtpx:TrackPointExtension>
    </extensions>
   </trkpt>
   <trkpt lat="49.2749660" lon="-123.1021160">
    <ele>7.2</ele>
    <time>2026-04-19T17:45:48Z</time>
    <extensions>
     <power>192</power>
     <gpxtpx:TrackPointExtension>
      <gpxtpx:hr>166</gpxtpx:hr>
     </gpxtpx:TrackPointExtension>
    </extensions>
   </trkpt>
   <trkpt lat="49.2750020" lon="-123.1021220">
    <ele>7.2</ele>
    <time>2026-04-19T17:45:49Z</time>
    <extensions>
     <power>192</power>
     <gpxtpx:TrackPointExtension>
      <gpxtpx:hr>166</gpxtpx:hr>
     </gpxtpx:TrackPointExtension>
    </extensions>
   </trkpt>
   <trkpt lat="49.2750140" lon="-123.1021250">
    <ele>7.2</ele>
    <time>2026-04-19T17:45:50Z</time>
    <extensions>
     <power>193</power>
     <gpxtpx:TrackPointExtension>
      <gpxtpx:hr>166</gpxtpx:hr>
     </gpxtpx:TrackPointExtension>
    </extensions>
   </trkpt>
   <trkpt lat="49.2750530" lon="-123.1021300">
    <ele>7.2</ele>
    <time>2026-04-19T17:45:51Z</time>
    <extensions>
     <power>193</power>
     <gpxtpx:TrackPointExtension>
      <gpxtpx:hr>166</gpxtpx:hr>
     </gpxtpx:TrackPointExtension>
    </extensions>
   </trkpt>
   <trkpt lat="49.2750690" lon="-123.1021320">
    <ele>7.2</ele>
    <time>2026-04-19T17:45:52Z</time>
    <extensions>
     <power>193</power>
     <gpxtpx:TrackPointExtension>
      <gpxtpx:hr>166</gpxtpx:hr>
     </gpxtpx:TrackPointExtension>
    </extensions>
   </trkpt>
   <trkpt lat="49.2750840" lon="-123.1021340">
    <ele>7.2</ele>
    <time>2026-04-19T17:45:53Z</time>
    <extensions>
     <power>190</power>
     <gpxtpx:TrackPointExtension>
      <gpxtpx:hr>168</gpxtpx:hr>
     </gpxtpx:TrackPointExtension>
    </extensions>
   </trkpt>
   <trkpt lat="49.2751190" lon="-123.1021450">
    <ele>7.2</ele>
    <time>2026-04-19T17:45:54Z</time>
    <extensions>
     <power>190</power>
     <gpxtpx:TrackPointExtension>
      <gpxtpx:hr>168</gpxtpx:hr>
     </gpxtpx:TrackPointExtension>
    </extensions>
   </trkpt>
   <trkpt lat="49.2751300" lon="-123.1021500">
    <ele>7.2</ele>
    <time>2026-04-19T17:45:55Z</time>
    <extensions>
     <power>190</power>
     <gpxtpx:TrackPointExtension>
      <gpxtpx:hr>168</gpxtpx:hr>
     </gpxtpx:TrackPointExtension>
    </extensions>
   </trkpt>
   <trkpt lat="49.2751700" lon="-123.1021640">
    <ele>7.2</ele>
    <time>2026-04-19T17:45:56Z</time>
    <extensions>
     <power>190</power>
     <gpxtpx:TrackPointExtension>
      <gpxtpx:hr>168</gpxtpx:hr>
     </gpxtpx:TrackPointExtension>
    </extensions>
   </trkpt>
   <trkpt lat="49.2751860" lon="-123.1021680">
    <ele>7.2</ele>
    <time>2026-04-19T17:45:57Z</time>
    <extensions>
     <power>190</power>
     <gpxtpx:TrackPointExtension>
      <gpxtpx:hr>168</gpxtpx:hr>
     </gpxtpx:TrackPointExtension>
    </extensions>
   </trkpt>
   <trkpt lat="49.2752020" lon="-123.1021730">
    <ele>7.0</ele>
    <time>2026-04-19T17:45:58Z</time>
    <extensions>
     <power>189</power>
     <gpxtpx:TrackPointExtension>
      <gpxtpx:hr>168</gpxtpx:hr>
     </gpxtpx:TrackPointExtension>
    </extensions>
   </trkpt>
   <trkpt lat="49.2752430" lon="-123.1021820">
    <ele>7.0</ele>
    <time>2026-04-19T17:45:59Z</time>
    <extensions>
     <power>189</power>
     <gpxtpx:TrackPointExtension>
      <gpxtpx:hr>169</gpxtpx:hr>
     </gpxtpx:TrackPointExtension>
    </extensions>
   </trkpt>
   <trkpt lat="49.2752600" lon="-123.1021850">
    <ele>7.0</ele>
    <time>2026-04-19T17:46:00Z</time>
    <extensions>
     <power>189</power>
     <gpxtpx:TrackPointExtension>
      <gpxtpx:hr>169</gpxtpx:hr>
     </gpxtpx:TrackPointExtension>
    </extensions>
   </trkpt>
   <trkpt lat="49.2752770" lon="-123.1021880">
    <ele>7.0</ele>
    <time>2026-04-19T17:46:01Z</time>
    <extensions>
     <power>190</power>
     <gpxtpx:TrackPointExtension>
      <gpxtpx:hr>169</gpxtpx:hr>
     </gpxtpx:TrackPointExtension>
    </extensions>
   </trkpt>
   <trkpt lat="49.2753160" lon="-123.1021950">
    <ele>7.0</ele>
    <time>2026-04-19T17:46:02Z</time>
    <extensions>
     <power>190</power>
     <gpxtpx:TrackPointExtension>
      <gpxtpx:hr>169</gpxtpx:hr>
     </gpxtpx:TrackPointExtension>
    </extensions>
   </trkpt>
   <trkpt lat="49.2753280" lon="-123.1021980">
    <ele>7.0</ele>
    <time>2026-04-19T17:46:03Z</time>
    <extensions>
     <power>192</power>
     <gpxtpx:TrackPointExtension>
      <gpxtpx:hr>169</gpxtpx:hr>
     </gpxtpx:TrackPointExtension>
    </extensions>
   </trkpt>
   <trkpt lat="49.2753690" lon="-123.1022090">
    <ele>7.0</ele>
    <time>2026-04-19T17:46:04Z</time>
    <extensions>
     <power>192</power>
     <gpxtpx:TrackPointExtension>
      <gpxtpx:hr>171</gpxtpx:hr>
     </gpxtpx:TrackPointExtension>
    </extensions>
   </trkpt>
   <trkpt lat="49.2753850" lon="-123.1022140">
    <ele>7.0</ele>
    <time>2026-04-19T17:46:05Z</time>
    <extensions>
     <power>192</power>
     <gpxtpx:TrackPointExtension>
      <gpxtpx:hr>171</gpxtpx:hr>
     </gpxtpx:TrackPointExtension>
    </extensions>
   </trkpt>
   <trkpt lat="49.2754010" lon="-123.1022180">
    <ele>7.2</ele>
    <time>2026-04-19T17:46:06Z</time>
    <extensions>
     <power>190</power>
     <gpxtpx:TrackPointExtension>
      <gpxtpx:hr>171</gpxtpx:hr>
     </gpxtpx:TrackPointExtension>
    </extensions>
   </trkpt>
   <trkpt lat="49.2754380" lon="-123.1022280">
    <ele>7.2</ele>
    <time>2026-04-19T17:46:07Z</time>
    <extensions>
     <power>190</power>
     <gpxtpx:TrackPointExtension>
      <gpxtpx:hr>171</gpxtpx:hr>
     </gpxtpx:TrackPointExtension>
    </extensions>
   </trkpt>
   <trkpt lat="49.2754500" lon="-123.1022320">
    <ele>7.2</ele>
    <time>2026-04-19T17:46:08Z</time>
    <extensions>
     <power>191</power>
     <gpxtpx:TrackPointExtension>
      <gpxtpx:hr>171</gpxtpx:hr>
     </gpxtpx:TrackPointExtension>
    </extensions>
   </trkpt>
   <trkpt lat="49.2754870" lon="-123.1022430">
    <ele>7.2</ele>
    <time>2026-04-19T17:46:09Z</time>
    <extensions>
     <power>191</power>
     <gpxtpx:TrackPointExtension>
      <gpxtpx:hr>171</gpxtpx:hr>
     </gpxtpx:TrackPointExtension>
    </extensions>
   </trkpt>
   <trkpt lat="49.2755030" lon="-123.1022490">
    <ele>7.2</ele>
    <time>2026-04-19T17:46:10Z</time>
    <extensions>
     <power>191</power>
     <gpxtpx:TrackPointExtension>
      <gpxtpx:hr>171</gpxtpx:hr>
     </gpxtpx:TrackPointExtension>
    </extensions>
   </trkpt>
   <trkpt lat="49.2755180" lon="-123.1022540">
    <ele>7.2</ele>
    <time>2026-04-19T17:46:11Z</time>
    <extensions>
     <power>189</power>
     <gpxtpx:TrackPointExtension>
      <gpxtpx:hr>171</gpxtpx:hr>
     </gpxtpx:TrackPointExtension>
    </extensions>
   </trkpt>
   <trkpt lat="49.2755530" lon="-123.1022670">
    <ele>7.2</ele>
    <time>2026-04-19T17:46:12Z</time>
    <extensions>
     <power>189</power>
     <gpxtpx:TrackPointExtension>
      <gpxtpx:hr>171</gpxtpx:hr>
     </gpxtpx:TrackPointExtension>
    </extensions>
   </trkpt>
   <trkpt lat="49.2755640" lon="-123.1022720">
    <ele>7.2</ele>
    <time>2026-04-19T17:46:13Z</time>
    <extensions>
     <power>189</power>
     <gpxtpx:TrackPointExtension>
      <gpxtpx:hr>171</gpxtpx:hr>
     </gpxtpx:TrackPointExtension>
    </extensions>
   </trkpt>
   <trkpt lat="49.2756040" lon="-123.1022870">
    <ele>7.2</ele>
    <time>2026-04-19T17:46:14Z</time>
    <extensions>
     <power>189</power>
     <gpxtpx:TrackPointExtension>
      <gpxtpx:hr>171</gpxtpx:hr>
     </gpxtpx:TrackPointExtension>
    </extensions>
   </trkpt>
   <trkpt lat="49.2756190" lon="-123.1022940">
    <ele>7.2</ele>
    <time>2026-04-19T17:46:15Z</time>
    <extensions>
     <power>189</power>
     <gpxtpx:TrackPointExtension>
      <gpxtpx:hr>171</gpxtpx:hr>
     </gpxtpx:TrackPointExtension>
    </extensions>
   </trkpt>
   <trkpt lat="49.2756350" lon="-123.1023000">
    <ele>7.2</ele>
    <time>2026-04-19T17:46:16Z</time>
    <extensions>
     <power>189</power>
     <gpxtpx:TrackPointExtension>
      <gpxtpx:hr>171</gpxtpx:hr>
     </gpxtpx:TrackPointExtension>
    </extensions>
   </trkpt>
   <trkpt lat="49.2756710" lon="-123.1023170">
    <ele>7.2</ele>
    <time>2026-04-19T17:46:17Z</time>
    <extensions>
     <power>189</power>
     <gpxtpx:TrackPointExtension>
      <gpxtpx:hr>171</gpxtpx:hr>
     </gpxtpx:TrackPointExtension>
    </extensions>
   </trkpt>
   <trkpt lat="49.2756820" lon="-123.1023230">
    <ele>7.2</ele>
    <time>2026-04-19T17:46:18Z</time>
    <extensions>
     <power>191</power>
     <gpxtpx:TrackPointExtension>
      <gpxtpx:hr>171</gpxtpx:hr>
     </gpxtpx:TrackPointExtension>
    </extensions>
   </trkpt>
   <trkpt lat="49.2757210" lon="-123.1023450">
    <ele>7.2</ele>
    <time>2026-04-19T17:46:19Z</time>
    <extensions>
     <power>191</power>
     <gpxtpx:TrackPointExtension>
      <gpxtpx:hr>172</gpxtpx:hr>
     </gpxtpx:TrackPointExtension>
    </extensions>
   </trkpt>
   <trkpt lat="49.2757370" lon="-123.1023530">
    <ele>7.4</ele>
    <time>2026-04-19T17:46:20Z</time>
    <extensions>
     <power>191</power>
     <gpxtpx:TrackPointExtension>
      <gpxtpx:hr>172</gpxtpx:hr>
     </gpxtpx:TrackPointExtension>
    </extensions>
   </trkpt>
   <trkpt lat="49.2757520" lon="-123.1023620">
    <ele>7.4</ele>
    <time>2026-04-19T17:46:21Z</time>
    <extensions>
     <power>191</power>
     <gpxtpx:TrackPointExtension>
      <gpxtpx:hr>172</gpxtpx:hr>
     </gpxtpx:TrackPointExtension>
    </extensions>
   </trkpt>
   <trkpt lat="49.2757900" lon="-123.1023840">
    <ele>7.4</ele>
    <time>2026-04-19T17:46:22Z</time>
    <extensions>
     <power>191</power>
     <gpxtpx:TrackPointExtension>
      <gpxtpx:hr>172</gpxtpx:hr>
     </gpxtpx:TrackPointExtension>
    </extensions>
   </trkpt>
   <trkpt lat="49.2758060" lon="-123.1023940">
    <ele>7.4</ele>
    <time>2026-04-19T17:46:23Z</time>
    <extensions>
     <power>191</power>
     <gpxtpx:TrackPointExtension>
      <gpxtpx:hr>172</gpxtpx:hr>
     </gpxtpx:TrackPointExtension>
    </extensions>
   </trkpt>
   <trkpt lat="49.2758210" lon="-123.1024030">
    <ele>7.4</ele>
    <time>2026-04-19T17:46:24Z</time>
    <extensions>
     <power>192</power>
     <gpxtpx:TrackPointExtension>
      <gpxtpx:hr>172</gpxtpx:hr>
     </gpxtpx:TrackPointExtension>
    </extensions>
   </trkpt>
   <trkpt lat="49.2758560" lon="-123.1024260">
    <ele>7.4</ele>
    <time>2026-04-19T17:46:25Z</time>
    <extensions>
     <power>192</power>
     <gpxtpx:TrackPointExtension>
      <gpxtpx:hr>172</gpxtpx:hr>
     </gpxtpx:TrackPointExtension>
    </extensions>
   </trkpt>
   <trkpt lat="49.2758670" lon="-123.1024340">
    <ele>7.4</ele>
    <time>2026-04-19T17:46:26Z</time>
    <extensions>
     <power>192</power>
     <gpxtpx:TrackPointExtension>
      <gpxtpx:hr>172</gpxtpx:hr>
     </gpxtpx:TrackPointExtension>
    </extensions>
   </trkpt>
   <trkpt lat="49.2759090" lon="-123.1024570">
    <ele>7.4</ele>
    <time>2026-04-19T17:46:27Z</time>
    <extensions>
     <power>192</power>
     <gpxtpx:TrackPointExtension>
      <gpxtpx:hr>172</gpxtpx:hr>
     </gpxtpx:TrackPointExtension>
    </extensions>
   </trkpt>
   <trkpt lat="49.2759250" lon="-123.1024670">
    <ele>7.4</ele>
    <time>2026-04-19T17:46:28Z</time>
    <extensions>
     <power>192</power>
     <gpxtpx:TrackPointExtension>
      <gpxtpx:hr>172</gpxtpx:hr>
     </gpxtpx:TrackPointExtension>
    </extensions>
   </trkpt>
   <trkpt lat="49.2759420" lon="-123.1024760">
    <ele>7.4</ele>
    <time>2026-04-19T17:46:29Z</time>
    <extensions>
     <power>193</power>
     <gpxtpx:TrackPointExtension>
      <gpxtpx:hr>173</gpxtpx:hr>
     </gpxtpx:TrackPointExtension>
    </extensions>
   </trkpt>
   <trkpt lat="49.2759790" lon="-123.1025000">
    <ele>7.4</ele>
    <time>2026-04-19T17:46:30Z</time>
    <extensions>
     <power>193</power>
     <gpxtpx:TrackPointExtension>
      <gpxtpx:hr>173</gpxtpx:hr>
     </gpxtpx:TrackPointExtension>
    </extensions>
   </trkpt>
   <trkpt lat="49.2759910" lon="-123.1025090">
    <ele>7.4</ele>
    <time>2026-04-19T17:46:31Z</time>
    <extensions>
     <power>195</power>
     <gpxtpx:TrackPointExtension>
      <gpxtpx:hr>173</gpxtpx:hr>
     </gpxtpx:TrackPointExtension>
    </extensions>
   </trkpt>
   <trkpt lat="49.2760310" lon="-123.1025440">
    <ele>7.4</ele>
    <time>2026-04-19T17:46:32Z</time>
    <extensions>
     <power>195</power>
     <gpxtpx:TrackPointExtension>
      <gpxtpx:hr>173</gpxtpx:hr>
     </gpxtpx:TrackPointExtension>
    </extensions>
   </trkpt>
   <trkpt lat="49.2760470" lon="-123.1025590">
    <ele>7.4</ele>
    <time>2026-04-19T17:46:33Z</time>
    <extensions>
     <power>195</power>
     <gpxtpx:TrackPointExtension>
      <gpxtpx:hr>173</gpxtpx:hr>
     </gpxtpx:TrackPointExtension>
    </extensions>
   </trkpt>
   <trkpt lat="49.2760630" lon="-123.1025740">
    <ele>7.4</ele>
    <time>2026-04-19T17:46:34Z</time>
    <extensions>
     <power>196</power>
     <gpxtpx:TrackPointExtension>
      <gpxtpx:hr>173</gpxtpx:hr>
     </gpxtpx:TrackPointExtension>
    </extensions>
   </trkpt>
   <trkpt lat="49.2760970" lon="-123.1026120">
    <ele>7.4</ele>
    <time>2026-04-19T17:46:35Z</time>
    <extensions>
     <power>196</power>
     <gpxtpx:TrackPointExtension>
      <gpxtpx:hr>173</gpxtpx:hr>
     </gpxtpx:TrackPointExtension>
    </extensions>
   </trkpt>
   <trkpt lat="49.2761070" lon="-123.1026250">
    <ele>7.4</ele>
    <time>2026-04-19T17:46:36Z</time>
    <extensions>
     <power>198</power>
     <gpxtpx:TrackPointExtension>
      <gpxtpx:hr>173</gpxtpx:hr>
     </gpxtpx:TrackPointExtension>
    </extensions>
   </trkpt>
   <trkpt lat="49.2761400" lon="-123.1026680">
    <ele>7.4</ele>
    <time>2026-04-19T17:46:37Z</time>
    <extensions>
     <power>198</power>
     <gpxtpx:TrackPointExtension>
      <gpxtpx:hr>173</gpxtpx:hr>
     </gpxtpx:TrackPointExtension>
    </extensions>
   </trkpt>
   <trkpt lat="49.2761540" lon="-123.1026840">
    <ele>7.4</ele>
    <time>2026-04-19T17:46:38Z</time>
    <extensions>
     <power>198</power>
     <gpxtpx:TrackPointExtension>
      <gpxtpx:hr>173</gpxtpx:hr>
     </gpxtpx:TrackPointExtension>
    </extensions>
   </trkpt>
   <trkpt lat="49.2761670" lon="-123.1027010">
    <ele>7.4</ele>
    <time>2026-04-19T17:46:39Z</time>
    <extensions>
     <power>198</power>
     <gpxtpx:TrackPointExtension>
      <gpxtpx:hr>173</gpxtpx:hr>
     </gpxtpx:TrackPointExtension>
    </extensions>
   </trkpt>
   <trkpt lat="49.2761960" lon="-123.1027310">
    <ele>7.4</ele>
    <time>2026-04-19T17:46:40Z</time>
    <extensions>
     <power>198</power>
     <gpxtpx:TrackPointExtension>
      <gpxtpx:hr>174</gpxtpx:hr>
     </gpxtpx:TrackPointExtension>
    </extensions>
   </trkpt>
   <trkpt lat="49.2762060" lon="-123.1027410">
    <ele>7.4</ele>
    <time>2026-04-19T17:46:41Z</time>
    <extensions>
     <power>196</power>
     <gpxtpx:TrackPointExtension>
      <gpxtpx:hr>174</gpxtpx:hr>
     </gpxtpx:TrackPointExtension>
    </extensions>
   </trkpt>
   <trkpt lat="49.2762420" lon="-123.1027720">
    <ele>7.2</ele>
    <time>2026-04-19T17:46:42Z</time>
    <extensions>
     <power>196</power>
     <gpxtpx:TrackPointExtension>
      <gpxtpx:hr>174</gpxtpx:hr>
     </gpxtpx:TrackPointExtension>
    </extensions>
   </trkpt>
   <trkpt lat="49.2762550" lon="-123.1027850">
    <ele>7.2</ele>
    <time>2026-04-19T17:46:43Z</time>
    <extensions>
     <power>196</power>
     <gpxtpx:TrackPointExtension>
      <gpxtpx:hr>174</gpxtpx:hr>
     </gpxtpx:TrackPointExtension>
    </extensions>
   </trkpt>
   <trkpt lat="49.2762690" lon="-123.1027970">
    <ele>7.2</ele>
    <time>2026-04-19T17:46:44Z</time>
    <extensions>
     <power>194</power>
     <gpxtpx:TrackPointExtension>
      <gpxtpx:hr>174</gpxtpx:hr>
     </gpxtpx:TrackPointExtension>
    </extensions>
   </trkpt>
   <trkpt lat="49.2763020" lon="-123.1028280">
    <ele>7.2</ele>
    <time>2026-04-19T17:46:45Z</time>
    <extensions>
     <power>194</power>
     <gpxtpx:TrackPointExtension>
      <gpxtpx:hr>174</gpxtpx:hr>
     </gpxtpx:TrackPointExtension>
    </extensions>
   </trkpt>
   <trkpt lat="49.2763150" lon="-123.1028390">
    <ele>7.2</ele>
    <time>2026-04-19T17:46:46Z</time>
    <extensions>
     <power>194</power>
     <gpxtpx:TrackPointExtension>
      <gpxtpx:hr>174</gpxtpx:hr>
     </gpxtpx:TrackPointExtension>
    </extensions>
   </trkpt>
   <trkpt lat="49.2763280" lon="-123.1028510">
    <ele>7.2</ele>
    <time>2026-04-19T17:46:47Z</time>
    <extensions>
     <power>193</power>
     <gpxtpx:TrackPointExtension>
      <gpxtpx:hr>174</gpxtpx:hr>
     </gpxtpx:TrackPointExtension>
    </extensions>
   </trkpt>
   <trkpt lat="49.2763600" lon="-123.1028760">
    <ele>7.2</ele>
    <time>2026-04-19T17:46:48Z</time>
    <extensions>
     <power>193</power>
     <gpxtpx:TrackPointExtension>
      <gpxtpx:hr>175</gpxtpx:hr>
     </gpxtpx:TrackPointExtension>
    </extensions>
   </trkpt>
   <trkpt lat="49.2763700" lon="-123.1028860">
    <ele>7.0</ele>
    <time>2026-04-19T17:46:49Z</time>
    <extensions>
     <power>194</power>
     <gpxtpx:TrackPointExtension>
      <gpxtpx:hr>175</gpxtpx:hr>
     </gpxtpx:TrackPointExtension>
    </extensions>
   </trkpt>
   <trkpt lat="49.2764040" lon="-123.1029280">
    <ele>7.0</ele>
    <time>2026-04-19T17:46:50Z</time>
    <extensions>
     <power>194</power>
     <gpxtpx:TrackPointExtension>
      <gpxtpx:hr>175</gpxtpx:hr>
     </gpxtpx:TrackPointExtension>
    </extensions>
   </trkpt>
   <trkpt lat="49.2764160" lon="-123.1029470">
    <ele>7.0</ele>
    <time>2026-04-19T17:46:51Z</time>
    <extensions>
     <power>194</power>
     <gpxtpx:TrackPointExtension>
      <gpxtpx:hr>176</gpxtpx:hr>
     </gpxtpx:TrackPointExtension>
    </extensions>
   </trkpt>
   <trkpt lat="49.2764290" lon="-123.1029660">
    <ele>7.0</ele>
    <time>2026-04-19T17:46:52Z</time>
    <extensions>
     <power>200</power>
     <gpxtpx:TrackPointExtension>
      <gpxtpx:hr>176</gpxtpx:hr>
     </gpxtpx:TrackPointExtension>
    </extensions>
   </trkpt>
   <trkpt lat="49.2764550" lon="-123.1030050">
    <ele>7.0</ele>
    <time>2026-04-19T17:46:53Z</time>
    <extensions>
     <power>200</power>
     <gpxtpx:TrackPointExtension>
      <gpxtpx:hr>176</gpxtpx:hr>
     </gpxtpx:TrackPointExtension>
    </extensions>
   </trkpt>
   <trkpt lat="49.2764630" lon="-123.1030180">
    <ele>7.0</ele>
    <time>2026-04-19T17:46:54Z</time>
    <extensions>
     <power>187</power>
     <gpxtpx:TrackPointExtension>
      <gpxtpx:hr>176</gpxtpx:hr>
     </gpxtpx:TrackPointExtension>
    </extensions>
   </trkpt>
   <trkpt lat="49.2764980" lon="-123.1030590">
    <ele>7.0</ele>
    <time>2026-04-19T17:46:55Z</time>
    <extensions>
     <power>187</power>
     <gpxtpx:TrackPointExtension>
      <gpxtpx:hr>176</gpxtpx:hr>
     </gpxtpx:TrackPointExtension>
    </extensions>
   </trkpt>
   <trkpt lat="49.2765120" lon="-123.1030760">
    <ele>7.0</ele>
    <time>2026-04-19T17:46:56Z</time>
    <extensions>
     <power>187</power>
     <gpxtpx:TrackPointExtension>
      <gpxtpx:hr>176</gpxtpx:hr>
     </gpxtpx:TrackPointExtension>
    </extensions>
   </trkpt>
   <trkpt lat="49.2765270" lon="-123.1030920">
    <ele>7.2</ele>
    <time>2026-04-19T17:46:57Z</time>
    <extensions>
     <power>199</power>
     <gpxtpx:TrackPointExtension>
      <gpxtpx:hr>176</gpxtpx:hr>
     </gpxtpx:TrackPointExtension>
    </extensions>
   </trkpt>
   <trkpt lat="49.2765560" lon="-123.1031250">
    <ele>7.2</ele>
    <time>2026-04-19T17:46:58Z</time>
    <extensions>
     <power>199</power>
     <gpxtpx:TrackPointExtension>
      <gpxtpx:hr>176</gpxtpx:hr>
     </gpxtpx:TrackPointExtension>
    </extensions>
   </trkpt>
   <trkpt lat="49.2765650" lon="-123.1031360">
    <ele>7.2</ele>
    <time>2026-04-19T17:46:59Z</time>
    <extensions>
     <power>192</power>
     <gpxtpx:TrackPointExtension>
      <gpxtpx:hr>176</gpxtpx:hr>
     </gpxtpx:TrackPointExtension>
    </extensions>
   </trkpt>
   <trkpt lat="49.2765950" lon="-123.1031710">
    <ele>7.2</ele>
    <time>2026-04-19T17:47:00Z</time>
    <extensions>
     <power>192</power>
     <gpxtpx:TrackPointExtension>
      <gpxtpx:hr>176</gpxtpx:hr>
     </gpxtpx:TrackPointExtension>
    </extensions>
   </trkpt>
   <trkpt lat="49.2766070" lon="-123.1031850">
    <ele>7.2</ele>
    <time>2026-04-19T17:47:01Z</time>
    <extensions>
     <power>192</power>
     <gpxtpx:TrackPointExtension>
      <gpxtpx:hr>176</gpxtpx:hr>
     </gpxtpx:TrackPointExtension>
    </extensions>
   </trkpt>
   <trkpt lat="49.2766190" lon="-123.1031990">
    <ele>7.2</ele>
    <time>2026-04-19T17:47:02Z</time>
    <extensions>
     <power>188</power>
     <gpxtpx:TrackPointExtension>
      <gpxtpx:hr>177</gpxtpx:hr>
     </gpxtpx:TrackPointExtension>
    </extensions>
   </trkpt>
   <trkpt lat="49.2766480" lon="-123.1032330">
    <ele>7.2</ele>
    <time>2026-04-19T17:47:03Z</time>
    <extensions>
     <power>188</power>
     <gpxtpx:TrackPointExtension>
      <gpxtpx:hr>177</gpxtpx:hr>
     </gpxtpx:TrackPointExtension>
    </extensions>
   </trkpt>
   <trkpt lat="49.2766580" lon="-123.1032450">
    <ele>7.2</ele>
    <time>2026-04-19T17:47:04Z</time>
    <extensions>
     <power>190</power>
     <gpxtpx:TrackPointExtension>
      <gpxtpx:hr>177</gpxtpx:hr>
     </gpxtpx:TrackPointExtension>
    </extensions>
   </trkpt>
   <trkpt lat="49.2766940" lon="-123.1032810">
    <ele>7.2</ele>
    <time>2026-04-19T17:47:05Z</time>
    <extensions>
     <power>190</power>
     <gpxtpx:TrackPointExtension>
      <gpxtpx:hr>177</gpxtpx:hr>
     </gpxtpx:TrackPointExtension>
    </extensions>
   </trkpt>
   <trkpt lat="49.2767070" lon="-123.1032950">
    <ele>7.2</ele>
    <time>2026-04-19T17:47:06Z</time>
    <extensions>
     <power>190</power>
     <gpxtpx:TrackPointExtension>
      <gpxtpx:hr>177</gpxtpx:hr>
     </gpxtpx:TrackPointExtension>
    </extensions>
   </trkpt>
   <trkpt lat="49.2767210" lon="-123.1033100">
    <ele>7.2</ele>
    <time>2026-04-19T17:47:07Z</time>
    <extensions>
     <power>191</power>
     <gpxtpx:TrackPointExtension>
      <gpxtpx:hr>177</gpxtpx:hr>
     </gpxtpx:TrackPointExtension>
    </extensions>
   </trkpt>
   <trkpt lat="49.2767500" lon="-123.1033550">
    <ele>7.2</ele>
    <time>2026-04-19T17:47:08Z</time>
    <extensions>
     <power>191</power>
     <gpxtpx:TrackPointExtension>
      <gpxtpx:hr>177</gpxtpx:hr>
     </gpxtpx:TrackPointExtension>
    </extensions>
   </trkpt>
   <trkpt lat="49.2767600" lon="-123.1033740">
    <ele>7.2</ele>
    <time>2026-04-19T17:47:09Z</time>
    <extensions>
     <power>191</power>
     <gpxtpx:TrackPointExtension>
      <gpxtpx:hr>178</gpxtpx:hr>
     </gpxtpx:TrackPointExtension>
    </extensions>
   </trkpt>
   <trkpt lat="49.2767710" lon="-123.1033930">
    <ele>7.2</ele>
    <time>2026-04-19T17:47:10Z</time>
    <extensions>
     <power>190</power>
     <gpxtpx:TrackPointExtension>
      <gpxtpx:hr>178</gpxtpx:hr>
     </gpxtpx:TrackPointExtension>
    </extensions>
   </trkpt>
   <trkpt lat="49.2767930" lon="-123.1034340">
    <ele>7.4</ele>
    <time>2026-04-19T17:47:11Z</time>
    <extensions>
     <power>190</power>
     <gpxtpx:TrackPointExtension>
      <gpxtpx:hr>178</gpxtpx:hr>
     </gpxtpx:TrackPointExtension>
    </extensions>
   </trkpt>
   <trkpt lat="49.2768000" lon="-123.1034480">
    <ele>7.4</ele>
    <time>2026-04-19T17:47:12Z</time>
    <extensions>
     <power>187</power>
     <gpxtpx:TrackPointExtension>
      <gpxtpx:hr>178</gpxtpx:hr>
     </gpxtpx:TrackPointExtension>
    </extensions>
   </trkpt>
   <trkpt lat="49.2768250" lon="-123.1034970">
    <ele>7.4</ele>
    <time>2026-04-19T17:47:13Z</time>
    <extensions>
     <power>187</power>
     <gpxtpx:TrackPointExtension>
      <gpxtpx:hr>178</gpxtpx:hr>
     </gpxtpx:TrackPointExtension>
    </extensions>
   </trkpt>
   <trkpt lat="49.2768340" lon="-123.1035180">
    <ele>7.4</ele>
    <time>2026-04-19T17:47:14Z</time>
    <extensions>
     <power>187</power>
     <gpxtpx:TrackPointExtension>
      <gpxtpx:hr>177</gpxtpx:hr>
     </gpxtpx:TrackPointExtension>
    </extensions>
   </trkpt>
   <trkpt lat="49.2768440" lon="-123.1035380">
    <ele>7.4</ele>
    <time>2026-04-19T17:47:15Z</time>
    <extensions>
     <power>188</power>
     <gpxtpx:TrackPointExtension>
      <gpxtpx:hr>178</gpxtpx:hr>
     </gpxtpx:TrackPointExtension>
    </extensions>
   </trkpt>
   <trkpt lat="49.2768620" lon="-123.1035830">
    <ele>7.4</ele>
    <time>2026-04-19T17:47:16Z</time>
    <extensions>
     <power>188</power>
     <gpxtpx:TrackPointExtension>
      <gpxtpx:hr>178</gpxtpx:hr>
     </gpxtpx:TrackPointExtension>
    </extensions>
   </trkpt>
   <trkpt lat="49.2768670" lon="-123.1035980">
    <ele>7.6</ele>
    <time>2026-04-19T17:47:17Z</time>
    <extensions>
     <power>185</power>
     <gpxtpx:TrackPointExtension>
      <gpxtpx:hr>178</gpxtpx:hr>
     </gpxtpx:TrackPointExtension>
    </extensions>
   </trkpt>
   <trkpt lat="49.2768850" lon="-123.1036470">
    <ele>7.6</ele>
    <time>2026-04-19T17:47:18Z</time>
    <extensions>
     <power>185</power>
     <gpxtpx:TrackPointExtension>
      <gpxtpx:hr>178</gpxtpx:hr>
     </gpxtpx:TrackPointExtension>
    </extensions>
   </trkpt>
   <trkpt lat="49.2768930" lon="-123.1036670">
    <ele>7.6</ele>
    <time>2026-04-19T17:47:19Z</time>
    <extensions>
     <power>185</power>
     <gpxtpx:TrackPointExtension>
      <gpxtpx:hr>178</gpxtpx:hr>
     </gpxtpx:TrackPointExtension>
    </extensions>
   </trkpt>
   <trkpt lat="49.2769010" lon="-123.1036860">
    <ele>7.6</ele>
    <time>2026-04-19T17:47:20Z</time>
    <extensions>
     <power>181</power>
     <gpxtpx:TrackPointExtension>
      <gpxtpx:hr>178</gpxtpx:hr>
     </gpxtpx:TrackPointExtension>
    </extensions>
   </trkpt>
   <trkpt lat="49.2769230" lon="-123.1037310">
    <ele>7.6</ele>
    <time>2026-04-19T17:47:21Z</time>
    <extensions>
     <power>181</power>
     <gpxtpx:TrackPointExtension>
      <gpxtpx:hr>177</gpxtpx:hr>
     </gpxtpx:TrackPointExtension>
    </extensions>
   </trkpt>
   <trkpt lat="49.2769290" lon="-123.1037460">
    <ele>7.6</ele>
    <time>2026-04-19T17:47:22Z</time>
    <extensions>
     <power>179</power>
     <gpxtpx:TrackPointExtension>
      <gpxtpx:hr>177</gpxtpx:hr>
     </gpxtpx:TrackPointExtension>
    </extensions>
   </trkpt>
   <trkpt lat="49.2769460" lon="-123.1038010">
    <ele>7.8</ele>
    <time>2026-04-19T17:47:23Z</time>
    <extensions>
     <power>179</power>
     <gpxtpx:TrackPointExtension>
      <gpxtpx:hr>177</gpxtpx:hr>
     </gpxtpx:TrackPointExtension>
    </extensions>
   </trkpt>
   <trkpt lat="49.2769510" lon="-123.1038250">
    <ele>7.8</ele>
    <time>2026-04-19T17:47:24Z</time>
    <extensions>
     <power>179</power>
     <gpxtpx:TrackPointExtension>
      <gpxtpx:hr>177</gpxtpx:hr>
     </gpxtpx:TrackPointExtension>
    </extensions>
   </trkpt>
   <trkpt lat="49.2769570" lon="-123.1038480">
    <ele>7.8</ele>
    <time>2026-04-19T17:47:25Z</time>
    <extensions>
     <power>182</power>
     <gpxtpx:TrackPointExtension>
      <gpxtpx:hr>177</gpxtpx:hr>
     </gpxtpx:TrackPointExtension>
    </extensions>
   </trkpt>
   <trkpt lat="49.2769650" lon="-123.1038990">
    <ele>7.8</ele>
    <time>2026-04-19T17:47:26Z</time>
    <extensions>
     <power>182</power>
     <gpxtpx:TrackPointExtension>
      <gpxtpx:hr>177</gpxtpx:hr>
     </gpxtpx:TrackPointExtension>
    </extensions>
   </trkpt>
   <trkpt lat="49.2769670" lon="-123.1039160">
    <ele>7.8</ele>
    <time>2026-04-19T17:47:27Z</time>
    <extensions>
     <power>181</power>
     <gpxtpx:TrackPointExtension>
      <gpxtpx:hr>178</gpxtpx:hr>
     </gpxtpx:TrackPointExtension>
    </extensions>
   </trkpt>
   <trkpt lat="49.2769740" lon="-123.1039680">
    <ele>7.8</ele>
    <time>2026-04-19T17:47:28Z</time>
    <extensions>
     <power>181</power>
     <gpxtpx:TrackPointExtension>
      <gpxtpx:hr>178</gpxtpx:hr>
     </gpxtpx:TrackPointExtension>
    </extensions>
   </trkpt>
   <trkpt lat="49.2769780" lon="-123.1039890">
    <ele>8.0</ele>
    <time>2026-04-19T17:47:29Z</time>
    <extensions>
     <power>181</power>
     <gpxtpx:TrackPointExtension>
      <gpxtpx:hr>178</gpxtpx:hr>
     </gpxtpx:TrackPointExtension>
    </extensions>
   </trkpt>
   <trkpt lat="49.2769810" lon="-123.1040100">
    <ele>8.0</ele>
    <time>2026-04-19T17:47:30Z</time>
    <extensions>
     <power>179</power>
     <gpxtpx:TrackPointExtension>
      <gpxtpx:hr>178</gpxtpx:hr>
     </gpxtpx:TrackPointExtension>
    </extensions>
   </trkpt>
   <trkpt lat="49.2769920" lon="-123.1040680">
    <ele>8.0</ele>
    <time>2026-04-19T17:47:31Z</time>
    <extensions>
     <power>179</power>
     <gpxtpx:TrackPointExtension>
      <gpxtpx:hr>178</gpxtpx:hr>
     </gpxtpx:TrackPointExtension>
    </extensions>
   </trkpt>
   <trkpt lat="49.2769960" lon="-123.1040910">
    <ele>8.0</ele>
    <time>2026-04-19T17:47:32Z</time>
    <extensions>
     <power>179</power>
     <gpxtpx:TrackPointExtension>
      <gpxtpx:hr>178</gpxtpx:hr>
     </gpxtpx:TrackPointExtension>
    </extensions>
   </trkpt>
   <trkpt lat="49.2770000" lon="-123.1041140">
    <ele>8.0</ele>
    <time>2026-04-19T17:47:33Z</time>
    <extensions>
     <power>179</power>
     <gpxtpx:TrackPointExtension>
      <gpxtpx:hr>179</gpxtpx:hr>
     </gpxtpx:TrackPointExtension>
    </extensions>
   </trkpt>
   <trkpt lat="49.2770060" lon="-123.1041690">
    <ele>8.0</ele>
    <time>2026-04-19T17:47:34Z</time>
    <extensions>
     <power>179</power>
     <gpxtpx:TrackPointExtension>
      <gpxtpx:hr>179</gpxtpx:hr>
     </gpxtpx:TrackPointExtension>
    </extensions>
   </trkpt>
   <trkpt lat="49.2770080" lon="-123.1041870">
    <ele>8.2</ele>
    <time>2026-04-19T17:47:35Z</time>
    <extensions>
     <power>181</power>
     <gpxtpx:TrackPointExtension>
      <gpxtpx:hr>179</gpxtpx:hr>
     </gpxtpx:TrackPointExtension>
    </extensions>
   </trkpt>
   <trkpt lat="49.2770100" lon="-123.1042460">
    <ele>8.2</ele>
    <time>2026-04-19T17:47:36Z</time>
    <extensions>
     <power>181</power>
     <gpxtpx:TrackPointExtension>
      <gpxtpx:hr>179</gpxtpx:hr>
     </gpxtpx:TrackPointExtension>
    </extensions>
   </trkpt>
   <trkpt lat="49.2770110" lon="-123.1042680">
    <ele>8.2</ele>
    <time>2026-04-19T17:47:37Z</time>
    <extensions>
     <power>181</power>
     <gpxtpx:TrackPointExtension>
      <gpxtpx:hr>179</gpxtpx:hr>
     </gpxtpx:TrackPointExtension>
    </extensions>
   </trkpt>
   <trkpt lat="49.2770110" lon="-123.1042910">
    <ele>8.2</ele>
    <time>2026-04-19T17:47:38Z</time>
    <extensions>
     <power>176</power>
     <gpxtpx:TrackPointExtension>
      <gpxtpx:hr>179</gpxtpx:hr>
     </gpxtpx:TrackPointExtension>
    </extensions>
   </trkpt>
   <trkpt lat="49.2770120" lon="-123.1043460">
    <ele>8.2</ele>
    <time>2026-04-19T17:47:39Z</time>
    <extensions>
     <power>176</power>
     <gpxtpx:TrackPointExtension>
      <gpxtpx:hr>178</gpxtpx:hr>
     </gpxtpx:TrackPointExtension>
    </extensions>
   </trkpt>
   <trkpt lat="49.2770120" lon="-123.1043660">
    <ele>8.2</ele>
    <time>2026-04-19T17:47:40Z</time>
    <extensions>
     <power>180</power>
     <gpxtpx:TrackPointExtension>
      <gpxtpx:hr>178</gpxtpx:hr>
     </gpxtpx:TrackPointExtension>
    </extensions>
   </trkpt>
   <trkpt lat="49.2770140" lon="-123.1044280">
    <ele>8.2</ele>
    <time>2026-04-19T17:47:41Z</time>
    <extensions>
     <power>180</power>
     <gpxtpx:TrackPointExtension>
      <gpxtpx:hr>178</gpxtpx:hr>
     </gpxtpx:TrackPointExtension>
    </extensions>
   </trkpt>
   <trkpt lat="49.2770150" lon="-123.1044530">
    <ele>8.2</ele>
    <time>2026-04-19T17:47:42Z</time>
    <extensions>
     <power>180</power>
     <gpxtpx:TrackPointExtension>
      <gpxtpx:hr>178</gpxtpx:hr>
     </gpxtpx:TrackPointExtension>
    </extensions>
   </trkpt>
   <trkpt lat="49.2770160" lon="-123.1044770">
    <ele>8.2</ele>
    <time>2026-04-19T17:47:43Z</time>
    <extensions>
     <power>180</power>
     <gpxtpx:TrackPointExtension>
      <gpxtpx:hr>178</gpxtpx:hr>
     </gpxtpx:TrackPointExtension>
    </extensions>
   </trkpt>
   <trkpt lat="49.2770160" lon="-123.1045290">
    <ele>8.2</ele>
    <time>2026-04-19T17:47:44Z</time>
    <extensions>
     <power>180</power>
     <gpxtpx:TrackPointExtension>
      <gpxtpx:hr>178</gpxtpx:hr>
     </gpxtpx:TrackPointExtension>
    </extensions>
   </trkpt>
   <trkpt lat="49.2770160" lon="-123.1045460">
    <ele>8.2</ele>
    <time>2026-04-19T17:47:45Z</time>
    <extensions>
     <power>180</power>
     <gpxtpx:TrackPointExtension>
      <gpxtpx:hr>178</gpxtpx:hr>
     </gpxtpx:TrackPointExtension>
    </extensions>
   </trkpt>
   <trkpt lat="49.2770160" lon="-123.1045760">
    <ele>8.2</ele>
    <time>2026-04-19T17:47:46Z</time>
    <extensions>
     <power>180</power>
     <gpxtpx:TrackPointExtension>
      <gpxtpx:hr>178</gpxtpx:hr>
     </gpxtpx:TrackPointExtension>
    </extensions>
   </trkpt>
   <trkpt lat="49.2770190" lon="-123.1046020">
    <ele>8.2</ele>
    <time>2026-04-19T17:47:47Z</time>
    <extensions>
     <power>180</power>
     <gpxtpx:TrackPointExtension>
      <gpxtpx:hr>178</gpxtpx:hr>
     </gpxtpx:TrackPointExtension>
    </extensions>
   </trkpt>
   <trkpt lat="49.2770250" lon="-123.1046280">
    <ele>8.2</ele>
    <time>2026-04-19T17:47:48Z</time>
    <extensions>
     <power>173</power>
     <gpxtpx:TrackPointExtension>
      <gpxtpx:hr>178</gpxtpx:hr>
     </gpxtpx:TrackPointExtension>
    </extensions>
   </trkpt>
   <trkpt lat="49.2770360" lon="-123.1046750">
    <ele>8.2</ele>
    <time>2026-04-19T17:47:49Z</time>
    <extensions>
     <power>173</power>
     <gpxtpx:TrackPointExtension>
      <gpxtpx:hr>178</gpxtpx:hr>
     </gpxtpx:TrackPointExtension>
    </extensions>
   </trkpt>
   <trkpt lat="49.2770390" lon="-123.1046920">
    <ele>8.2</ele>
    <time>2026-04-19T17:47:50Z</time>
    <extensions>
     <power>175</power>
     <gpxtpx:TrackPointExtension>
      <gpxtpx:hr>178</gpxtpx:hr>
     </gpxtpx:TrackPointExtension>
    </extensions>
   </trkpt>
   <trkpt lat="49.2770430" lon="-123.1047510">
    <ele>8.2</ele>
    <time>2026-04-19T17:47:51Z</time>
    <extensions>
     <power>175</power>
     <gpxtpx:TrackPointExtension>
      <gpxtpx:hr>178</gpxtpx:hr>
     </gpxtpx:TrackPointExtension>
    </extensions>
   </trkpt>
   <trkpt lat="49.2770420" lon="-123.1047750">
    <ele>8.2</ele>
    <time>2026-04-19T17:47:52Z</time>
    <extensions>
     <power>175</power>
     <gpxtpx:TrackPointExtension>
      <gpxtpx:hr>178</gpxtpx:hr>
     </gpxtpx:TrackPointExtension>
    </extensions>
   </trkpt>
   <trkpt lat="49.2770420" lon="-123.1047990">
    <ele>8.2</ele>
    <time>2026-04-19T17:47:53Z</time>
    <extensions>
     <power>175</power>
     <gpxtpx:TrackPointExtension>
      <gpxtpx:hr>178</gpxtpx:hr>
     </gpxtpx:TrackPointExtension>
    </extensions>
   </trkpt>
   <trkpt lat="49.2770440" lon="-123.1048610">
    <ele>8.0</ele>
    <time>2026-04-19T17:47:54Z</time>
    <extensions>
     <power>175</power>
     <gpxtpx:TrackPointExtension>
      <gpxtpx:hr>179</gpxtpx:hr>
     </gpxtpx:TrackPointExtension>
    </extensions>
   </trkpt>
   <trkpt lat="49.2770460" lon="-123.1048860">
    <ele>8.0</ele>
    <time>2026-04-19T17:47:55Z</time>
    <extensions>
     <power>175</power>
     <gpxtpx:TrackPointExtension>
      <gpxtpx:hr>178</gpxtpx:hr>
     </gpxtpx:TrackPointExtension>
    </extensions>
   </trkpt>
   <trkpt lat="49.2770480" lon="-123.1049120">
    <ele>8.0</ele>
    <time>2026-04-19T17:47:56Z</time>
    <extensions>
     <power>179</power>
     <gpxtpx:TrackPointExtension>
      <gpxtpx:hr>178</gpxtpx:hr>
     </gpxtpx:TrackPointExtension>
    </extensions>
   </trkpt>
   <trkpt lat="49.2770500" lon="-123.1049700">
    <ele>8.0</ele>
    <time>2026-04-19T17:47:57Z</time>
    <extensions>
     <power>179</power>
     <gpxtpx:TrackPointExtension>
      <gpxtpx:hr>178</gpxtpx:hr>
     </gpxtpx:TrackPointExtension>
    </extensions>
   </trkpt>
   <trkpt lat="49.2770500" lon="-123.1049890">
    <ele>8.0</ele>
    <time>2026-04-19T17:47:58Z</time>
    <extensions>
     <power>180</power>
     <gpxtpx:TrackPointExtension>
      <gpxtpx:hr>178</gpxtpx:hr>
     </gpxtpx:TrackPointExtension>
    </extensions>
   </trkpt>
   <trkpt lat="49.2770500" lon="-123.1050500">
    <ele>8.0</ele>
    <time>2026-04-19T17:47:59Z</time>
    <extensions>
     <power>180</power>
     <gpxtpx:TrackPointExtension>
      <gpxtpx:hr>178</gpxtpx:hr>
     </gpxtpx:TrackPointExtension>
    </extensions>
   </trkpt>
   <trkpt lat="49.2770490" lon="-123.1050750">
    <ele>8.0</ele>
    <time>2026-04-19T17:48:00Z</time>
    <extensions>
     <power>180</power>
     <gpxtpx:TrackPointExtension>
      <gpxtpx:hr>178</gpxtpx:hr>
     </gpxtpx:TrackPointExtension>
    </extensions>
   </trkpt>
   <trkpt lat="49.2770490" lon="-123.1050990">
    <ele>8.0</ele>
    <time>2026-04-19T17:48:01Z</time>
    <extensions>
     <power>179</power>
     <gpxtpx:TrackPointExtension>
      <gpxtpx:hr>178</gpxtpx:hr>
     </gpxtpx:TrackPointExtension>
    </extensions>
   </trkpt>
   <trkpt lat="49.2770490" lon="-123.1051520">
    <ele>8.0</ele>
    <time>2026-04-19T17:48:02Z</time>
    <extensions>
     <power>179</power>
     <gpxtpx:TrackPointExtension>
      <gpxtpx:hr>178</gpxtpx:hr>
     </gpxtpx:TrackPointExtension>
    </extensions>
   </trkpt>
   <trkpt lat="49.2770480" lon="-123.1051690">
    <ele>8.0</ele>
    <time>2026-04-19T17:48:03Z</time>
    <extensions>
     <power>179</power>
     <gpxtpx:TrackPointExtension>
      <gpxtpx:hr>178</gpxtpx:hr>
     </gpxtpx:TrackPointExtension>
    </extensions>
   </trkpt>
   <trkpt lat="49.2770480" lon="-123.1052270">
    <ele>8.0</ele>
    <time>2026-04-19T17:48:04Z</time>
    <extensions>
     <power>179</power>
     <gpxtpx:TrackPointExtension>
      <gpxtpx:hr>178</gpxtpx:hr>
     </gpxtpx:TrackPointExtension>
    </extensions>
   </trkpt>
   <trkpt lat="49.2770490" lon="-123.1052500">
    <ele>8.0</ele>
    <time>2026-04-19T17:48:05Z</time>
    <extensions>
     <power>179</power>
     <gpxtpx:TrackPointExtension>
      <gpxtpx:hr>178</gpxtpx:hr>
     </gpxtpx:TrackPointExtension>
    </extensions>
   </trkpt>
   <trkpt lat="49.2770500" lon="-123.1052730">
    <ele>8.0</ele>
    <time>2026-04-19T17:48:06Z</time>
    <extensions>
     <power>179</power>
     <gpxtpx:TrackPointExtension>
      <gpxtpx:hr>177</gpxtpx:hr>
     </gpxtpx:TrackPointExtension>
    </extensions>
   </trkpt>
   <trkpt lat="49.2770520" lon="-123.1053270">
    <ele>8.0</ele>
    <time>2026-04-19T17:48:07Z</time>
    <extensions>
     <power>179</power>
     <gpxtpx:TrackPointExtension>
      <gpxtpx:hr>177</gpxtpx:hr>
     </gpxtpx:TrackPointExtension>
    </extensions>
   </trkpt>
   <trkpt lat="49.2770520" lon="-123.1053440">
    <ele>8.0</ele>
    <time>2026-04-19T17:48:08Z</time>
    <extensions>
     <power>178</power>
     <gpxtpx:TrackPointExtension>
      <gpxtpx:hr>177</gpxtpx:hr>
     </gpxtpx:TrackPointExtension>
    </extensions>
   </trkpt>
   <trkpt lat="49.2770510" lon="-123.1053990">
    <ele>8.0</ele>
    <time>2026-04-19T17:48:09Z</time>
    <extensions>
     <power>178</power>
     <gpxtpx:TrackPointExtension>
      <gpxtpx:hr>177</gpxtpx:hr>
     </gpxtpx:TrackPointExtension>
    </extensions>
   </trkpt>
   <trkpt lat="49.2770490" lon="-123.1054210">
    <ele>7.8</ele>
    <time>2026-04-19T17:48:10Z</time>
    <extensions>
     <power>178</power>
     <gpxtpx:TrackPointExtension>
      <gpxtpx:hr>176</gpxtpx:hr>
     </gpxtpx:TrackPointExtension>
    </extensions>
   </trkpt>
   <trkpt lat="49.2770480" lon="-123.1054420">
    <ele>7.8</ele>
    <time>2026-04-19T17:48:11Z</time>
    <extensions>
     <power>179</power>
     <gpxtpx:TrackPointExtension>
      <gpxtpx:hr>176</gpxtpx:hr>
     </gpxtpx:TrackPointExtension>
    </extensions>
   </trkpt>
   <trkpt lat="49.2770440" lon="-123.1054930">
    <ele>7.8</ele>
    <time>2026-04-19T17:48:12Z</time>
    <extensions>
     <power>179</power>
     <gpxtpx:TrackPointExtension>
      <gpxtpx:hr>176</gpxtpx:hr>
     </gpxtpx:TrackPointExtension>
    </extensions>
   </trkpt>
   <trkpt lat="49.2770430" lon="-123.1055110">
    <ele>7.8</ele>
    <time>2026-04-19T17:48:13Z</time>
    <extensions>
     <power>181</power>
     <gpxtpx:TrackPointExtension>
      <gpxtpx:hr>176</gpxtpx:hr>
     </gpxtpx:TrackPointExtension>
    </extensions>
   </trkpt>
   <trkpt lat="49.2770460" lon="-123.1055780">
    <ele>7.8</ele>
    <time>2026-04-19T17:48:14Z</time>
    <extensions>
     <power>181</power>
     <gpxtpx:TrackPointExtension>
      <gpxtpx:hr>176</gpxtpx:hr>
     </gpxtpx:TrackPointExtension>
    </extensions>
   </trkpt>
   <trkpt lat="49.2770470" lon="-123.1056060">
    <ele>7.8</ele>
    <time>2026-04-19T17:48:15Z</time>
    <extensions>
     <power>181</power>
     <gpxtpx:TrackPointExtension>
      <gpxtpx:hr>176</gpxtpx:hr>
     </gpxtpx:TrackPointExtension>
    </extensions>
   </trkpt>
   <trkpt lat="49.2770490" lon="-123.1056340">
    <ele>7.8</ele>
    <time>2026-04-19T17:48:16Z</time>
    <extensions>
     <power>185</power>
     <gpxtpx:TrackPointExtension>
      <gpxtpx:hr>176</gpxtpx:hr>
     </gpxtpx:TrackPointExtension>
    </extensions>
   </trkpt>
   <trkpt lat="49.2770490" lon="-123.1057020">
    <ele>7.8</ele>
    <time>2026-04-19T17:48:17Z</time>
    <extensions>
     <power>185</power>
     <gpxtpx:TrackPointExtension>
      <gpxtpx:hr>176</gpxtpx:hr>
     </gpxtpx:TrackPointExtension>
    </extensions>
   </trkpt>
   <trkpt lat="49.2770490" lon="-123.1057280">
    <ele>7.8</ele>
    <time>2026-04-19T17:48:18Z</time>
    <extensions>
     <power>185</power>
     <gpxtpx:TrackPointExtension>
      <gpxtpx:hr>177</gpxtpx:hr>
     </gpxtpx:TrackPointExtension>
    </extensions>
   </trkpt>
   <trkpt lat="49.2770480" lon="-123.1057550">
    <ele>7.6</ele>
    <time>2026-04-19T17:48:19Z</time>
    <extensions>
     <power>188</power>
     <gpxtpx:TrackPointExtension>
      <gpxtpx:hr>177</gpxtpx:hr>
     </gpxtpx:TrackPointExtension>
    </extensions>
   </trkpt>
   <trkpt lat="49.2770470" lon="-123.1058120">
    <ele>7.6</ele>
    <time>2026-04-19T17:48:20Z</time>
    <extensions>
     <power>188</power>
     <gpxtpx:TrackPointExtension>
      <gpxtpx:hr>177</gpxtpx:hr>
     </gpxtpx:TrackPointExtension>
    </extensions>
   </trkpt>
   <trkpt lat="49.2770460" lon="-123.1058310">
    <ele>7.6</ele>
    <time>2026-04-19T17:48:21Z</time>
    <extensions>
     <power>191</power>
     <gpxtpx:TrackPointExtension>
      <gpxtpx:hr>177</gpxtpx:hr>
     </gpxtpx:TrackPointExtension>
    </extensions>
   </trkpt>
   <trkpt lat="49.2770490" lon="-123.1058970">
    <ele>7.6</ele>
    <time>2026-04-19T17:48:22Z</time>
    <extensions>
     <power>191</power>
     <gpxtpx:TrackPointExtension>
      <gpxtpx:hr>177</gpxtpx:hr>
     </gpxtpx:TrackPointExtension>
    </extensions>
   </trkpt>
   <trkpt lat="49.2770510" lon="-123.1059230">
    <ele>7.6</ele>
    <time>2026-04-19T17:48:23Z</time>
    <extensions>
     <power>191</power>
     <gpxtpx:TrackPointExtension>
      <gpxtpx:hr>177</gpxtpx:hr>
     </gpxtpx:TrackPointExtension>
    </extensions>
   </trkpt>
   <trkpt lat="49.2770540" lon="-123.1059500">
    <ele>7.6</ele>
    <time>2026-04-19T17:48:24Z</time>
    <extensions>
     <power>203</power>
     <gpxtpx:TrackPointExtension>
      <gpxtpx:hr>177</gpxtpx:hr>
     </gpxtpx:TrackPointExtension>
    </extensions>
   </trkpt>
   <trkpt lat="49.2770590" lon="-123.1060130">
    <ele>7.8</ele>
    <time>2026-04-19T17:48:25Z</time>
    <extensions>
     <power>203</power>
     <gpxtpx:TrackPointExtension>
      <gpxtpx:hr>177</gpxtpx:hr>
     </gpxtpx:TrackPointExtension>
    </extensions>
   </trkpt>
   <trkpt lat="49.2770600" lon="-123.1060350">
    <ele>7.8</ele>
    <time>2026-04-19T17:48:26Z</time>
    <extensions>
     <power>203</power>
     <gpxtpx:TrackPointExtension>
      <gpxtpx:hr>177</gpxtpx:hr>
     </gpxtpx:TrackPointExtension>
    </extensions>
   </trkpt>
   <trkpt lat="49.2770660" lon="-123.1061040">
    <ele>8.0</ele>
    <time>2026-04-19T17:48:27Z</time>
    <extensions>
     <power>203</power>
     <gpxtpx:TrackPointExtension>
      <gpxtpx:hr>177</gpxtpx:hr>
     </gpxtpx:TrackPointExtension>
    </extensions>
   </trkpt>
   <trkpt lat="49.2770680" lon="-123.1061320">
    <ele>8.2</ele>
    <time>2026-04-19T17:48:28Z</time>
    <extensions>
     <power>203</power>
     <gpxtpx:TrackPointExtension>
      <gpxtpx:hr>177</gpxtpx:hr>
     </gpxtpx:TrackPointExtension>
    </extensions>
   </trkpt>
   <trkpt lat="49.2770700" lon="-123.1061590">
    <ele>8.4</ele>
    <time>2026-04-19T17:48:29Z</time>
    <extensions>
     <power>202</power>
     <gpxtpx:TrackPointExtension>
      <gpxtpx:hr>177</gpxtpx:hr>
     </gpxtpx:TrackPointExtension>
    </extensions>
   </trkpt>
   <trkpt lat="49.2770720" lon="-123.1062170">
    <ele>8.4</ele>
    <time>2026-04-19T17:48:30Z</time>
    <extensions>
     <power>202</power>
     <gpxtpx:TrackPointExtension>
      <gpxtpx:hr>177</gpxtpx:hr>
     </gpxtpx:TrackPointExtension>
    </extensions>
   </trkpt>
   <trkpt lat="49.2770720" lon="-123.1062370">
    <ele>8.6</ele>
    <time>2026-04-19T17:48:31Z</time>
    <extensions>
     <power>199</power>
     <gpxtpx:TrackPointExtension>
      <gpxtpx:hr>177</gpxtpx:hr>
     </gpxtpx:TrackPointExtension>
    </extensions>
   </trkpt>
   <trkpt lat="49.2770700" lon="-123.1063000">
    <ele>8.8</ele>
    <time>2026-04-19T17:48:32Z</time>
    <extensions>
     <power>199</power>
     <gpxtpx:TrackPointExtension>
      <gpxtpx:hr>177</gpxtpx:hr>
     </gpxtpx:TrackPointExtension>
    </extensions>
   </trkpt>
   <trkpt lat="49.2770700" lon="-123.1063250">
    <ele>8.8</ele>
    <time>2026-04-19T17:48:33Z</time>
    <extensions>
     <power>199</power>
     <gpxtpx:TrackPointExtension>
      <gpxtpx:hr>178</gpxtpx:hr>
     </gpxtpx:TrackPointExtension>
    </extensions>
   </trkpt>
   <trkpt lat="49.2770690" lon="-123.1063510">
    <ele>8.8</ele>
    <time>2026-04-19T17:48:34Z</time>
    <extensions>
     <power>196</power>
     <gpxtpx:TrackPointExtension>
      <gpxtpx:hr>178</gpxtpx:hr>
     </gpxtpx:TrackPointExtension>
    </extensions>
   </trkpt>
   <trkpt lat="49.2770740" lon="-123.1064120">
    <ele>9.0</ele>
    <time>2026-04-19T17:48:35Z</time>
    <extensions>
     <power>196</power>
     <gpxtpx:TrackPointExtension>
      <gpxtpx:hr>178</gpxtpx:hr>
     </gpxtpx:TrackPointExtension>
    </extensions>
   </trkpt>
   <trkpt lat="49.2770760" lon="-123.1064330">
    <ele>9.0</ele>
    <time>2026-04-19T17:48:36Z</time>
    <extensions>
     <power>195</power>
     <gpxtpx:TrackPointExtension>
      <gpxtpx:hr>178</gpxtpx:hr>
     </gpxtpx:TrackPointExtension>
    </extensions>
   </trkpt>
   <trkpt lat="49.2770830" lon="-123.1064990">
    <ele>9.0</ele>
    <time>2026-04-19T17:48:37Z</time>
    <extensions>
     <power>195</power>
     <gpxtpx:TrackPointExtension>
      <gpxtpx:hr>178</gpxtpx:hr>
     </gpxtpx:TrackPointExtension>
    </extensions>
   </trkpt>
   <trkpt lat="49.2770860" lon="-123.1065260">
    <ele>9.0</ele>
    <time>2026-04-19T17:48:38Z</time>
    <extensions>
     <power>195</power>
     <gpxtpx:TrackPointExtension>
      <gpxtpx:hr>178</gpxtpx:hr>
     </gpxtpx:TrackPointExtension>
    </extensions>
   </trkpt>
   <trkpt lat="49.2770880" lon="-123.1065520">
    <ele>8.8</ele>
    <time>2026-04-19T17:48:39Z</time>
    <extensions>
     <power>194</power>
     <gpxtpx:TrackPointExtension>
      <gpxtpx:hr>179</gpxtpx:hr>
     </gpxtpx:TrackPointExtension>
    </extensions>
   </trkpt>
   <trkpt lat="49.2770930" lon="-123.1066170">
    <ele>8.8</ele>
    <time>2026-04-19T17:48:40Z</time>
    <extensions>
     <power>194</power>
     <gpxtpx:TrackPointExtension>
      <gpxtpx:hr>179</gpxtpx:hr>
     </gpxtpx:TrackPointExtension>
    </extensions>
   </trkpt>
   <trkpt lat="49.2770940" lon="-123.1066420">
    <ele>8.8</ele>
    <time>2026-04-19T17:48:41Z</time>
    <extensions>
     <power>194</power>
     <gpxtpx:TrackPointExtension>
      <gpxtpx:hr>179</gpxtpx:hr>
     </gpxtpx:TrackPointExtension>
    </extensions>
   </trkpt>
   <trkpt lat="49.2770960" lon="-123.1066680">
    <ele>8.8</ele>
    <time>2026-04-19T17:48:42Z</time>
    <extensions>
     <power>196</power>
     <gpxtpx:TrackPointExtension>
      <gpxtpx:hr>179</gpxtpx:hr>
     </gpxtpx:TrackPointExtension>
    </extensions>
   </trkpt>
   <trkpt lat="49.2771000" lon="-123.1067250">
    <ele>8.6</ele>
    <time>2026-04-19T17:48:43Z</time>
    <extensions>
     <power>196</power>
     <gpxtpx:TrackPointExtension>
      <gpxtpx:hr>179</gpxtpx:hr>
     </gpxtpx:TrackPointExtension>
    </extensions>
   </trkpt>
   <trkpt lat="49.2771010" lon="-123.1067440">
    <ele>8.6</ele>
    <time>2026-04-19T17:48:44Z</time>
    <extensions>
     <power>194</power>
     <gpxtpx:TrackPointExtension>
      <gpxtpx:hr>179</gpxtpx:hr>
     </gpxtpx:TrackPointExtension>
    </extensions>
   </trkpt>
   <trkpt lat="49.2770980" lon="-123.1068050">
    <ele>8.6</ele>
    <time>2026-04-19T17:48:45Z</time>
    <extensions>
     <power>194</power>
     <gpxtpx:TrackPointExtension>
      <gpxtpx:hr>179</gpxtpx:hr>
     </gpxtpx:TrackPointExtension>
    </extensions>
   </trkpt>
   <trkpt lat="49.2770960" lon="-123.1068290">
    <ele>8.4</ele>
    <time>2026-04-19T17:48:46Z</time>
    <extensions>
     <power>194</power>
     <gpxtpx:TrackPointExtension>
      <gpxtpx:hr>178</gpxtpx:hr>
     </gpxtpx:TrackPointExtension>
    </extensions>
   </trkpt>
   <trkpt lat="49.2770940" lon="-123.1068540">
    <ele>8.4</ele>
    <time>2026-04-19T17:48:47Z</time>
    <extensions>
     <power>194</power>
     <gpxtpx:TrackPointExtension>
      <gpxtpx:hr>178</gpxtpx:hr>
     </gpxtpx:TrackPointExtension>
    </extensions>
   </trkpt>
   <trkpt lat="49.2770890" lon="-123.1069100">
    <ele>8.4</ele>
    <time>2026-04-19T17:48:48Z</time>
    <extensions>
     <power>194</power>
     <gpxtpx:TrackPointExtension>
      <gpxtpx:hr>178</gpxtpx:hr>
     </gpxtpx:TrackPointExtension>
    </extensions>
   </trkpt>
   <trkpt lat="49.2770880" lon="-123.1069280">
    <ele>8.2</ele>
    <time>2026-04-19T17:48:49Z</time>
    <extensions>
     <power>194</power>
     <gpxtpx:TrackPointExtension>
      <gpxtpx:hr>178</gpxtpx:hr>
     </gpxtpx:TrackPointExtension>
    </extensions>
   </trkpt>
   <trkpt lat="49.2770950" lon="-123.1069880">
    <ele>8.2</ele>
    <time>2026-04-19T17:48:50Z</time>
    <extensions>
     <power>194</power>
     <gpxtpx:TrackPointExtension>
      <gpxtpx:hr>178</gpxtpx:hr>
     </gpxtpx:TrackPointExtension>
    </extensions>
   </trkpt>
   <trkpt lat="49.2770980" lon="-123.1070120">
    <ele>8.2</ele>
    <time>2026-04-19T17:48:51Z</time>
    <extensions>
     <power>194</power>
     <gpxtpx:TrackPointExtension>
      <gpxtpx:hr>178</gpxtpx:hr>
     </gpxtpx:TrackPointExtension>
    </extensions>
   </trkpt>
   <trkpt lat="49.2771020" lon="-123.1070360">
    <ele>8.2</ele>
    <time>2026-04-19T17:48:52Z</time>
    <extensions>
     <power>194</power>
     <gpxtpx:TrackPointExtension>
      <gpxtpx:hr>178</gpxtpx:hr>
     </gpxtpx:TrackPointExtension>
    </extensions>
   </trkpt>
   <trkpt lat="49.2771030" lon="-123.1070830">
    <ele>8.2</ele>
    <time>2026-04-19T17:48:53Z</time>
    <extensions>
     <power>194</power>
     <gpxtpx:TrackPointExtension>
      <gpxtpx:hr>178</gpxtpx:hr>
     </gpxtpx:TrackPointExtension>
    </extensions>
   </trkpt>
   <trkpt lat="49.2771010" lon="-123.1070970">
    <ele>8.0</ele>
    <time>2026-04-19T17:48:54Z</time>
    <extensions>
     <power>187</power>
     <gpxtpx:TrackPointExtension>
      <gpxtpx:hr>178</gpxtpx:hr>
     </gpxtpx:TrackPointExtension>
    </extensions>
   </trkpt>
   <trkpt lat="49.2770980" lon="-123.1071200">
    <ele>7.8</ele>
    <time>2026-04-19T17:48:55Z</time>
    <extensions>
     <power>187</power>
     <gpxtpx:TrackPointExtension>
      <gpxtpx:hr>178</gpxtpx:hr>
     </gpxtpx:TrackPointExtension>
    </extensions>
   </trkpt>
   <trkpt lat="49.2770930" lon="-123.1071350">
    <ele>7.6</ele>
    <time>2026-04-19T17:48:56Z</time>
    <extensions>
     <power>187</power>
     <gpxtpx:TrackPointExtension>
      <gpxtpx:hr>178</gpxtpx:hr>
     </gpxtpx:TrackPointExtension>
    </extensions>
   </trkpt>
   <trkpt lat="49.2770880" lon="-123.1071460">
    <ele>7.4</ele>
    <time>2026-04-19T17:48:57Z</time>
    <extensions>
     <power>167</power>
     <gpxtpx:TrackPointExtension>
      <gpxtpx:hr>178</gpxtpx:hr>
     </gpxtpx:TrackPointExtension>
    </extensions>
   </trkpt>
   <trkpt lat="49.2770830" lon="-123.1071550">
    <ele>7.0</ele>
    <time>2026-04-19T17:48:58Z</time>
    <extensions>
     <power>167</power>
     <gpxtpx:TrackPointExtension>
      <gpxtpx:hr>178</gpxtpx:hr>
     </gpxtpx:TrackPointExtension>
    </extensions>
   </trkpt>
   <trkpt lat="49.2770810" lon="-123.1071670">
    <ele>6.8</ele>
    <time>2026-04-19T17:48:59Z</time>
    <extensions>
     <power>167</power>
     <gpxtpx:TrackPointExtension>
      <gpxtpx:hr>183</gpxtpx:hr>
     </gpxtpx:TrackPointExtension>
    </extensions>
   </trkpt>
   <trkpt lat="49.2770810" lon="-123.1071990">
    <ele>6.2</ele>
    <time>2026-04-19T17:49:00Z</time>
    <extensions>
     <power>167</power>
     <gpxtpx:TrackPointExtension>
      <gpxtpx:hr>183</gpxtpx:hr>
     </gpxtpx:TrackPointExtension>
    </extensions>
   </trkpt>
   <trkpt lat="49.2770820" lon="-123.1072140">
    <ele>5.8</ele>
    <time>2026-04-19T17:49:01Z</time>
    <extensions>
     <power>167</power>
     <gpxtpx:TrackPointExtension>
      <gpxtpx:hr>183</gpxtpx:hr>
     </gpxtpx:TrackPointExtension>
    </extensions>
   </trkpt>
   <trkpt lat="49.2770820" lon="-123.1072280">
    <ele>5.2</ele>
    <time>2026-04-19T17:49:02Z</time>
    <extensions>
     <power>95</power>
     <gpxtpx:TrackPointExtension>
      <gpxtpx:hr>183</gpxtpx:hr>
     </gpxtpx:TrackPointExtension>
    </extensions>
   </trkpt>
   <trkpt lat="49.2770830" lon="-123.1072480">
    <ele>4.6</ele>
    <time>2026-04-19T17:49:03Z</time>
    <extensions>
     <power>95</power>
     <gpxtpx:TrackPointExtension>
      <gpxtpx:hr>183</gpxtpx:hr>
     </gpxtpx:TrackPointExtension>
    </extensions>
   </trkpt>
  </trkseg>
 </trk>
</gpx>
